v -0.168797 1.28092 -0.040837 
v -0.160006 1.3012 0.00668238 
v -0.310438 1.20792 -0.0593897 
v -0.227228 1.36823 -0.0952101 
v -0.265409 1.37874 -0.0109539 
v -0.0997175 1.43494 0.0461815 
v -0.223748 1.45721 -0.00619754 
v -0.146338 1.43739 -0.117919 
v -0.0368618 1.34497 0.0916557 
v -0.348103 1.25574 -0.0204535 
v -0.319839 1.21453 0.0192206 
v -0.290859 1.19009 0.00147093 
v -0.324848 1.22027 -0.0603627 
v -0.146421 0.97991 0.0570899 
v -0.164921 0.983546 0.0344742 
v -0.150316 1.13506 -0.00943736 
v -0.141876 1.14513 0.0357419 
v -0.0144611 1.14468 0.128198 
v -0.0148665 1.46311 -0.120794 
v -0.0198814 1.12885 -0.0879739 
v -0.0488568 0.882181 -0.153674 
v -0.13762 1.50715 -0.052807 
v -0.0676044 1.54005 -0.0612862 
v -0.0502081 1.50425 0.00709133 
v -0.085361 1.52704 -0.0473706 
v -0.014384 1.41002 0.0619466 
v -0.0132298 1.30699 0.0914889 
v -0.186474 1.34533 -0.0412935 
v -0.211925 1.36047 -0.0964865 
v -0.25593 1.3985 -0.00697582 
v -0.205575 1.39587 -0.10327 
v -0.187313 1.38598 -0.107441 
v -0.180507 1.35325 -0.0481462 
v -0.18136 1.37627 -0.00200403 
v -0.186236 1.3937 0.033768 
v -0.168069 1.43281 0.0350371 
v -0.119909 1.49047 -0.0115221 
v -0.0860293 1.51604 -0.0294903 
v -0.115113 1.51411 -0.0654353 
v -0.0434162 1.48509 -0.11672 
v -0.0137021 1.48086 -0.115998 
v -0.0194745 1.41474 -0.130687 
v -0.0954863 0.920961 0.089902 
v -0.00762473 0.804669 -0.0100518 
v -0.133985 1.12707 -0.0530419 
v -0.177688 0.968495 -0.0294663 
v -0.0114625 0.876853 0.112392 
v -0.14517 1.08348 0.0440202 
v -0.154821 1.08197 0.0188156 
v -0.15411 1.06734 -0.0331326 
v -0.00690656 0.813915 -0.0185085 
v -0.00876021 0.817633 -0.0593714 
v -0.0308925 0.890642 0.109285 
v -0.0741518 1.14795 0.10685 
v -0.121654 1.30728 0.0780218 
v -0.108794 1.35029 0.085991 
v -0.0716116 1.41991 0.0583029 
v -0.297831 1.32105 -0.0143992 
v -0.275935 1.29415 -0.0762443 
v -0.260809 1.2823 -0.0770034 
v -0.231626 1.26828 -0.0171618 
v -0.258153 1.29972 0.022697 
v -0.0369335 1.4992 0.0148459 
v -0.0178553 1.25714 -0.114793 
v -0.136447 1.22211 -0.0703451 
v -0.154843 1.22885 -0.0265319 
v -0.149088 1.24295 0.0228821 
v -0.0479503 1.2311 0.111872 
v -0.0168882 1.23212 0.115069 
v -0.0168545 1.20663 0.121407 
v -0.0486518 1.206 0.116887 
v -0.0473435 1.14605 0.121745 
v -0.0481921 1.07102 0.12343 
v -0.0160674 1.06784 0.12711 
v -0.0737005 1.07484 0.109854 
v -0.0234277 1.08213 -0.0972778 
v -0.153518 1.27948 -0.0841688 
v -0.0614305 1.41938 -0.136575 
v -0.0465972 1.46811 -0.123065 
v -0.104732 1.47785 -0.115515 
v -0.176242 1.49587 -0.0264295 
v -0.138056 1.47068 0.0123649 
v -0.178721 1.33385 -0.0490968 
v -0.172839 1.35519 -0.00258814 
v -0.171124 1.38924 0.0435736 
v -0.134675 1.38041 0.0667937 
v -0.155033 1.41661 0.044541 
v -0.0608244 1.48586 0.0139308 
v -0.126141 1.45703 0.0240078 
v -0.0880421 1.49364 -0.00591569 
v -0.0752358 1.5111 -0.0155879 
v -0.151381 1.48432 0.000603995 
v -0.186857 1.44544 0.0259459 
v -0.206973 1.39947 0.0276968 
v -0.219876 1.37956 0.0216336 
v -0.274882 1.31086 0.0185208 
v -0.341189 1.24179 0.00696176 
v -0.135701 1.49638 -0.0845662 
v -0.148253 1.4885 -0.0860344 
v -0.20369 1.45362 -0.0802658 
v -0.248179 1.39494 -0.076126 
v -0.272015 1.37167 -0.0536026 
v -0.303067 1.31723 -0.0461581 
v -0.346758 1.25298 -0.0328045 
v -0.130162 1.497 -0.0210605 
v -0.0973158 1.49012 -0.109249 
v -0.173974 1.33158 -0.0922859 
v -0.18378 1.35097 -0.0892159 
v -0.18965 1.34042 -0.0748968 
v -0.230892 1.26241 -0.044693 
v -0.287855 1.18882 -0.0255051 
v -0.0211824 1.32344 -0.13188 
v -0.114487 1.1251 -0.0722973 
v -0.0716028 1.48788 -0.115046 
v -0.0768 1.47303 -0.122373 
v -0.104927 1.42609 -0.132257 
v -0.162795 1.30475 -0.0886421 
v -0.174719 1.30614 -0.0467161 
v -0.165393 1.32691 -0.000201666 
v -0.160421 1.36757 0.049945 
v -0.145242 1.39901 0.0556323 
v -0.113204 1.44525 0.0360064 
v -0.0745022 1.48989 0.00474302 
v -0.0632103 1.50806 -0.00327926 
v -0.135876 1.28556 -0.103783 
v -0.291115 1.19309 -0.0382166 
v -0.24607 1.27093 -0.0696724 
v -0.200388 1.35152 -0.0918356 
v -0.180181 1.3728 -0.105911 
v -0.150263 1.37323 -0.121451 
v -0.111516 1.36728 -0.135523 
v -0.0672669 1.36375 -0.141346 
v -0.0214447 1.36105 -0.134973 
v -0.00920981 0.951017 0.111882 
v -0.032738 0.954529 0.108355 
v -0.0707625 1.03479 0.106924 
v -0.142065 1.05162 0.046715 
v -0.15361 1.05167 0.0232213 
v -0.160269 1.03986 -0.0322684 
v -0.0258364 0.988274 -0.147609 
v -0.12329 1.05487 -0.083978 
v -0.0875718 1.12466 -0.0852981 
v -0.0972139 1.04863 -0.103174 
v -0.134195 1.02185 -0.0950587 
v -0.153293 0.937183 -0.103518 
v -0.0414259 0.830308 0.08513 
v -0.0449577 1.03054 0.118056 
v -0.0145518 1.02765 0.12313 
v -0.0546271 0.955153 0.102596 
v -0.0138801 0.821476 0.0779037 
v -0.039394 0.847266 0.0970653 
v -0.0861974 0.943878 0.0911227 
v -0.109817 1.04212 0.0806284 
v -0.113211 1.08099 0.0802154 
v -0.115102 1.14941 0.0736999 
v -0.120338 1.24896 0.0669867 
v -0.0161217 1.254 0.107919 
v -0.0117213 0.836203 -0.0987908 
v -0.172325 0.801072 0.0656497 
v -0.198786 0.80265 0.00032989 
v -0.119574 0.767399 -0.107282 
v -0.0390283 0.738112 -0.0816577 
v -0.0217254 0.728904 -0.0502825 
v -0.0192689 0.722901 -0.00969148 
v -0.0516043 0.73286 0.0609795 
v -0.111613 0.771601 0.0925329 
v -0.197645 0.799733 -0.0337693 
v -0.175964 0.740741 0.0603923 
v -0.198565 0.745143 -0.00357221 
v -0.195228 0.744277 -0.0339834 
v -0.149805 0.728708 -0.0948158 
v -0.126176 0.720237 -0.103817 
v -0.0503786 0.693638 -0.0824452 
v -0.0341831 0.685911 -0.0534072 
v -0.0394741 0.681852 0.0197563 
v -0.0590122 0.687664 0.0512602 
v -0.116354 0.715956 0.0845444 
v -0.154696 0.92446 0.0638985 
v -0.185259 0.924754 0.00570465 
v -0.185552 0.915959 -0.030394 
v -0.161227 0.887961 -0.100862 
v -0.0683161 0.840505 -0.134577 
v -0.0238954 0.813718 -0.0853831 
v -0.0104591 0.799593 -0.0517084 
v -0.00768566 0.788074 -0.00602499 
v -0.0424078 0.809444 0.0768464 
v -0.100422 0.879072 0.0932608 
v -0.0204079 0.859386 -0.131723 
v -0.0421463 0.826732 -0.113687 
v -0.0923034 0.757306 -0.107347 
v -0.0746241 0.702188 -0.0995221 
v -0.278284 1.35265 -0.0149267 
v -0.285332 1.34693 -0.0507781 
v -0.251655 1.33268 -0.0857494 
v -0.235397 1.32244 -0.0872801 
v -0.220016 1.31137 -0.0809889 
v -0.203239 1.30213 -0.0573035 
v -0.202429 1.30843 -0.0282834 
v -0.225633 1.34059 0.02074 
v -0.244999 1.34905 0.0189251 
v -0.306646 1.2711 0.0187451 
v -0.320905 1.28835 -0.010993 
v -0.322052 1.28583 -0.0395393 
v -0.300431 1.25714 -0.0685525 
v -0.286437 1.24544 -0.0676348 
v -0.273428 1.23577 -0.0592616 
v -0.260868 1.22749 -0.0344342 
v -0.262668 1.23089 -0.00695438 
v -0.291154 1.25808 0.0245365 
v -0.246811 1.38106 0.0094531 
v -0.19206 1.36833 0.00228978 
v -0.213575 1.33008 0.00955348 
v -0.245075 1.28739 0.0142258 
v -0.31604 1.28218 0.00528659 
v -0.288881 1.31827 0.00359277 
v -0.264964 1.35324 0.00470071 
v -0.431663 1.11154 0.00731527 
v -0.431274 1.10876 -0.0239435 
v -0.416083 1.09355 -0.0428249 
v -0.4039 1.08327 -0.0451045 
v -0.378417 1.06585 -0.0333274 
v -0.370321 1.06006 -0.00757981 
v -0.379077 1.06585 0.0165874 
v -0.395679 1.07886 0.0290461 
v -0.415851 1.09632 0.028211 
v -0.368498 1.19529 0.0135688 
v -0.382015 1.21457 -0.0132259 
v -0.38016 1.21303 -0.0281671 
v -0.353732 1.17893 -0.0554497 
v -0.340637 1.16619 -0.0553636 
v -0.318836 1.14714 -0.0355009 
v -0.314581 1.14188 -0.0221815 
v -0.326833 1.15107 0.0145184 
v -0.345997 1.16948 0.018896 
v -0.396121 1.14366 0.0241533 
v -0.41221 1.16248 -0.00236052 
v -0.411393 1.16226 -0.0196885 
v -0.386859 1.13521 -0.0514068 
v -0.374839 1.12345 -0.0515209 
v -0.349701 1.10351 -0.0356526 
v -0.342998 1.09769 -0.0076849 
v -0.35372 1.1057 0.0171247 
v -0.372158 1.12182 0.0273452 
v -0.346716 1.25217 -0.00599676 
v -0.377993 1.20815 0.00248564 
v -0.404374 1.15579 -0.0337822 
v -0.373209 1.20443 -0.0393177 
v -0.447539 1.06778 0.0158855 
v -0.450897 1.06671 -0.01082 
v -0.439337 1.054 -0.0310353 
v -0.427033 1.04466 -0.035011 
v -0.404418 1.03124 -0.0262234 
v -0.397097 1.0266 -0.00465309 
v -0.402899 1.0299 0.0161575 
v -0.416915 1.04107 0.0301085 
v -0.433439 1.05524 0.0316989 
v -0.318707 1.14417 0.00572359 
v -0.314181 1.14063 -0.0073511 
v -0.244709 1.37176 -0.0865169 
v -0.266639 1.34018 -0.0777799 
v -0.288893 1.30423 -0.0693359 
v -0.264765 1.23 -0.0471719 
v -0.235944 1.26433 -0.0575145 
v -0.209073 1.3043 -0.0695272 
v -0.195029 0.35919 -0.00697855 
v -0.21536 0.367214 -0.0415285 
v -0.165092 0.364954 -0.121458 
v -0.160917 0.351527 0.00131042 
v -0.111354 0.346699 -0.0277354 
v -0.0953351 0.34855 -0.0721569 
v -0.212958 0.371013 -0.0801892 
v -0.18689 0.368391 -0.11387 
v -0.144501 0.349725 -0.00518683 
v -0.102545 0.352196 -0.0943556 
v -0.118606 0.356704 -0.110875 
v -0.0819259 0.802465 -0.1146 
v -0.0296447 0.78115 -0.0810743 
v -0.0133921 0.768897 -0.0486333 
v -0.0111519 0.760433 -0.00496539 
v -0.0447918 0.775891 0.0693285 
v -0.105585 0.82748 0.0950033 
v -0.16437 0.863634 0.0671745 
v -0.1943 0.863534 0.00373074 
v -0.194707 0.85777 -0.0324238 
v -0.167156 0.837986 -0.0928541 
v -0.187118 0.420744 -0.00539597 
v -0.204342 0.426908 -0.0385123 
v -0.201718 0.430407 -0.0766204 
v -0.177132 0.4276 -0.108017 
v -0.157634 0.424225 -0.114597 
v -0.115384 0.417235 -0.10608 
v -0.0997888 0.41279 -0.0904369 
v -0.0920842 0.409213 -0.0693856 
v -0.104063 0.407305 -0.0266321 
v -0.136764 0.405545 -0.000648832 
v -0.176167 0.485002 -0.000637019 
v -0.188028 0.487608 -0.0329234 
v -0.186406 0.48862 -0.0666968 
v -0.176895 0.487172 -0.0820497 
v -0.148261 0.481374 -0.100577 
v -0.112424 0.475533 -0.0943723 
v -0.0955138 0.471427 -0.0813043 
v -0.0828197 0.467914 -0.063792 
v -0.086923 0.465414 -0.0230365 
v -0.123199 0.485379 0.0258053 
v -0.17449 0.685054 0.0525781 
v -0.194506 0.692052 -0.00768074 
v -0.190303 0.692589 -0.0341448 
v -0.151829 0.681528 -0.0921367 
v -0.130623 0.674415 -0.101364 
v -0.0828759 0.659211 -0.0967012 
v -0.0607282 0.650942 -0.0812294 
v -0.0454469 0.643935 -0.055558 
v -0.0475403 0.639587 0.0110899 
v -0.0637789 0.6434 0.041545 
v -0.116373 0.664416 0.0739598 
v -0.167678 0.542792 0.0150001 
v -0.18916 0.64231 -0.0103179 
v -0.18582 0.643417 -0.0344546 
v -0.152716 0.634957 -0.0879585 
v -0.13372 0.629405 -0.096521 
v -0.0905398 0.616715 -0.0922498 
v -0.0690949 0.609963 -0.0796375 
v -0.0533321 0.604031 -0.0575192 
v -0.0532291 0.598704 0.00295687 
v -0.0676589 0.602233 0.0318123 
v -0.114684 0.620857 0.0628575 
v -0.182343 0.545592 -0.0214582 
v -0.179556 0.544046 -0.0576908 
v -0.154878 0.53805 -0.0842623 
v -0.140328 0.535017 -0.0921843 
v -0.104336 0.527559 -0.0884035 
v -0.0829918 0.523274 -0.0786132 
v -0.0662189 0.519684 -0.0617031 
v -0.0687805 0.516906 -0.016385 
v -0.111678 0.522134 0.0361837 
v -0.215205 0.250924 -0.0576106 
v -0.192495 0.250327 -0.0994794 
v -0.175104 0.248412 -0.10558 
v -0.156229 0.245788 -0.104433 
v -0.127515 0.238957 -0.0840187 
v -0.122222 0.236056 -0.0675202 
v -0.131007 0.233903 -0.0349027 
v -0.143402 0.234915 -0.0228682 
v -0.170673 0.238046 -0.0099781 
v -0.197447 0.242817 -0.0168855 
v -0.21419 0.248752 -0.042757 
v -0.197782 0.299146 -0.0117597 
v -0.216419 0.307061 -0.0429129 
v -0.217995 0.309831 -0.0596688 
v -0.191485 0.309043 -0.108361 
v -0.171244 0.306126 -0.115773 
v -0.148676 0.302603 -0.114621 
v -0.113074 0.2938 -0.0903328 
v -0.106701 0.290248 -0.0703989 
v -0.120414 0.28781 -0.0304218 
v -0.167058 0.293022 -0.0039579 
v -0.197901 0.189413 -0.0202446 
v -0.210429 0.193651 -0.0439314 
v -0.209633 0.194637 -0.0579192 
v -0.186416 0.193754 -0.0937306 
v -0.172152 0.191928 -0.097588 
v -0.145067 0.188379 -0.0891874 
v -0.136846 0.186005 -0.0776434 
v -0.134743 0.184352 -0.0630505 
v -0.143075 0.183598 -0.0340074 
v -0.152331 0.184251 -0.0220987 
v -0.174617 0.185699 -0.012159 
v -0.140173 0.485265 0.0275948 
v -0.127801 0.527441 0.0412357 
v -0.145746 0.529742 0.0375368 
v -0.155439 0.491464 0.0247226 
v -0.171342 0.411597 0.00339138 
v -0.174562 0.928938 0.0387695 
v -0.183618 0.866595 0.038561 
v -0.190501 0.80399 0.0348502 
v -0.192963 0.744594 0.0294744 
v -0.19081 0.68987 0.0228587 
v -0.179608 0.642383 -0.0563444 
v -0.18185 0.690967 -0.0577154 
v -0.185181 0.741166 -0.05982 
v -0.187348 0.794771 -0.0630418 
v -0.185096 0.84944 -0.0656542 
v -0.106783 0.666848 -0.103248 
v -0.112531 0.623073 -0.0978797 
v -0.123282 0.531569 -0.0935181 
v -0.135646 0.420937 -0.114124 
v -0.140658 0.361072 -0.120051 
v -0.169705 0.78683 -0.0849638 
v -0.169801 0.735778 -0.0801002 
v -0.16908 0.68729 -0.0773948 
v -0.168385 0.639464 -0.0744455 
v -0.192141 0.43012 -0.0944815 
v -0.203079 0.370597 -0.0989086 
v -0.206569 0.310818 -0.0941537 
v -0.139525 0.24246 -0.0970214 
v -0.127958 0.298225 -0.105888 
v -0.163923 0.484267 -0.0940384 
v -0.0874016 0.651858 0.0637172 
v -0.0852823 0.699618 0.0740122 
v -0.030777 0.681657 -0.0168866 
v -0.0409539 0.640222 -0.0231304 
v -0.0885842 0.610382 0.0530776 
v -0.0216111 0.76264 0.0375425 
v -0.0176608 0.790763 0.0414957 
v -0.0158864 0.805701 0.0406642 
v -0.00966119 0.80897 0.0295831 
v -0.0798261 0.750467 0.0829137 
v -0.0741739 0.799888 0.0889731 
v -0.0712283 0.841754 0.094697 
v -0.0691685 0.874089 0.0986541 
v -0.0638626 0.893165 0.100464 
v -0.0448095 0.916756 0.105231 
v -0.00953391 0.91118 0.112304 
v -0.0293131 0.918074 0.108867 
v -0.00960833 1.57841 0.0921577 
v 0.000193526 1.57503 0.094036 
v -0.0217932 1.5759 0.0805505 
v -0.0135842 1.56968 0.082842 
v -0.00207956 1.56725 0.0853834 
v -0.0245363 1.57128 0.0676909 
v -0.0139342 1.56473 0.0685046 
v -0.00227967 1.56237 0.0704179 
v -0.0339435 1.57452 0.049561 
v -0.0241067 1.56609 0.0492667 
v -0.0129947 1.56059 0.0522081 
v -0.00205284 1.55821 0.0539481 
v -0.0348928 1.56943 0.0323495 
v -0.0237787 1.55841 0.0347927 
v -0.0129659 1.55157 0.0394222 
v -0.00216716 1.54797 0.042054 
v -0.0375361 1.55667 0.019486 
v -0.0257067 1.5433 0.0250005 
v -0.0136309 1.53545 0.0300846 
v -0.00209145 1.53099 0.0322973 
v -0.0125073 1.55798 -0.0801486 
v -0.0498648 1.5589 -0.0615521 
v -0.0346139 1.55676 -0.0735801 
v -0.0579005 1.55886 -0.0483251 
v -0.0446013 1.52998 0.0108168 
v -0.030334 1.52209 0.0190111 
v -0.0168224 1.51546 0.0230577 
v -0.0650562 1.5355 -0.0180889 
v -0.056389 1.53535 -0.0016284 
v -0.0690649 1.53735 -0.0333958 
v -0.0685581 1.54117 -0.0490367 
v -0.406471 1.15549 0.0135809 
v -0.425188 1.10523 0.0200814 
v -0.441492 1.06231 0.0260483 
v -0.433902 1.11245 -0.00853572 
v -0.450738 1.06916 0.00299072 
v -0.332209 1.22772 0.0146856 
v -0.357116 1.18127 0.0175458 
v -0.383915 1.13183 0.0281332 
v -0.40545 1.08706 0.0309501 
v -0.424925 1.04793 0.0327371 
v -0.276543 1.2459 0.0192485 
v -0.307317 1.20421 0.0183021 
v -0.335971 1.15944 0.01851 
v -0.362332 1.1131 0.0237651 
v -0.387085 1.07191 0.0242208 
v -0.409463 1.03492 0.0243283 
v -0.311703 1.26865 -0.0618991 
v -0.336186 1.23294 -0.0533601 
v -0.363971 1.1921 -0.0475314 
v -0.395761 1.14619 -0.0447759 
v -0.424753 1.10231 -0.0356443 
v -0.447296 1.06173 -0.0224068 
v -0.298118 1.19882 -0.0504731 
v -0.327548 1.15546 -0.0469106 
v -0.360643 1.11186 -0.0459038 
v -0.389695 1.07311 -0.0418481 
v -0.414112 1.03662 -0.0331706 
v -0.344186 1.09897 -0.0225503 
v -0.372213 1.06172 -0.0213328 
v -0.399011 1.02814 -0.0160123 
v -0.346474 1.10016 0.00648212 
v -0.372808 1.06162 0.00583718 
v -0.398391 1.0271 0.0063624 
v -0.465682 1.02843 -0.0119613 
v -0.467906 1.032 -0.000790036 
v -0.466891 1.03456 0.0107307 
v -0.464597 1.03316 0.022184 
v -0.459038 1.02978 0.0311464 
v -0.45181 1.02323 0.0363787 
v -0.443195 1.01767 0.0365404 
v -0.43615 1.01105 0.0331918 
v -0.429434 1.00578 0.0266813 
v -0.424112 1.00215 0.0185466 
v -0.421336 0.999637 0.0101838 
v -0.419842 0.999784 0.000755362 
v -0.421462 1.00047 -0.0082877 
v -0.425495 1.00252 -0.0167728 
v -0.433718 1.00593 -0.0231583 
v -0.447033 1.014 -0.0256129 
v -0.459021 1.02265 -0.0211216 
v -0.322741 1.28913 -0.0262605 
v -0.302737 1.32017 -0.0310463 
v -0.285099 1.34964 -0.033761 
v -0.273662 1.37394 -0.0331359 
v -0.343254 1.24464 -0.0437416 
v -0.318824 1.27868 -0.0511469 
v -0.298341 1.31199 -0.058831 
v -0.278556 1.3446 -0.0655011 
v -0.261141 1.37231 -0.0717584 
v -0.297667 1.19648 0.0119939 
v -0.267566 1.23734 0.00730688 
v -0.236796 1.27665 -0.00118362 
v -0.20703 1.31841 -0.00954512 
v -0.188148 1.35753 -0.0213746 
v -0.287463 1.18719 -0.0117799 
v -0.260485 1.22755 -0.0211792 
v -0.229548 1.26364 -0.0315777 
v -0.200958 1.30347 -0.0439546 
v -0.18736 1.33928 -0.0594333 
v -0.193386 1.34487 -0.0846972 
v -0.265644 1.39436 -0.0316614 
v -0.229499 1.46016 -0.0321436 
v -0.175078 1.49567 -0.0461556 
v -0.155395 1.50103 -0.0541005 
v -0.148031 1.49894 -0.0695565 
v -0.163901 1.49297 -0.0666397 
v -0.221974 1.45944 -0.0576632 
v -0.262444 1.39292 -0.0553643 
v -0.154767 1.50211 -0.0400307 
v -0.166404 1.49232 -0.0106453 
v -0.145065 1.50067 -0.0290392 
v -0.119048 1.49298 -0.0983998 
v -0.129003 1.48283 -0.102757 
v -0.178321 1.44714 -0.100238 
v -0.227691 1.39719 -0.0926325 
v -0.234868 1.40056 0.0139054 
v -0.206923 1.4527 0.0137191 
v -0.068288 1.5028 -0.10465 
v -0.111541 1.51057 -0.0794896 
v -0.0668822 1.51774 -0.0919209 
v -0.0909676 1.5144 -0.0864218 
v -0.0133184 1.49999 -0.109345 
v -0.0137545 1.51961 -0.099731 
v -0.0416791 1.50241 -0.107752 
v -0.0415489 1.51944 -0.095815 
v -0.127607 1.50308 -0.0806097 
v -0.0926496 1.50254 -0.0991278 
v -0.11289 1.50272 -0.0903845 
v -0.12615 1.50953 -0.0482945 
v -0.140106 1.50562 -0.0605693 
v -0.136084 1.50405 -0.071021 
v -0.125854 1.50745 -0.0737152 
v -0.129029 1.50935 -0.0635353 
v -0.107849 1.51493 -0.0470502 
v -0.0942819 1.52198 -0.0701745 
v -0.0677506 1.53118 -0.0771917 
v -0.040443 1.53627 -0.0836317 
v -0.013217 1.5381 -0.0891796 
v -0.0422009 1.32417 0.0969005 
v -0.116711 1.32794 0.0852406 
v -0.153823 1.38324 0.0557639 
v -0.0216687 1.38857 0.071945 
v -0.0858308 1.39729 0.0709905 
v -0.112316 1.41683 0.0560105 
v -0.124663 1.42971 0.0449367 
v -0.136848 1.44427 0.032781 
v -0.150339 1.45921 0.022731 
v -0.166645 1.47275 0.013833 
v -0.183622 1.48222 0.0021703 
v -0.195793 1.48713 -0.0160852 
v -0.195838 1.48871 -0.0391841 
v -0.183501 1.48571 -0.0626872 
v -0.165448 1.47934 -0.0848727 
v -0.142826 1.4723 -0.103904 
v -0.115332 1.46505 -0.118575 
v -0.0841921 1.45755 -0.127391 
v -0.0507424 1.4513 -0.128221 
v -0.0163618 1.44584 -0.12471 
v -0.0742534 1.4708 0.025621 
v -0.0885295 1.47643 0.0164777 
v -0.00762055 1.43156 0.0516096 
v -0.0582562 1.44056 0.0467025 
v -0.0869089 1.45282 0.0353611 
v -0.101068 1.4607 0.025981 
v -0.163365 1.40283 0.046314 
v -0.175285 1.41988 0.0377082 
v -0.194447 1.43084 0.0287358 
v -0.216387 1.43575 0.0161325 
v -0.234968 1.43897 -0.00415189 
v -0.243174 1.44034 -0.0306225 
v -0.237741 1.43964 -0.0566981 
v -0.220832 1.43663 -0.0789599 
v -0.197156 1.43315 -0.0971798 
v -0.17033 1.42589 -0.112141 
v -0.152014 1.39269 -0.121486 
v -0.110182 1.38839 -0.135961 
v -0.0652336 1.38455 -0.141454 
v -0.020706 1.38102 -0.134439 
v -0.179704 1.36088 -0.101345 
v -0.154712 1.33077 -0.110224 
v -0.146627 1.30829 -0.106062 
v -0.0706971 1.34071 -0.13839 
v -0.0222707 1.34201 -0.134239 
v -0.199792 1.37485 0.0199932 
v -0.185227 1.38352 0.0209408 
v -0.175117 1.36486 0.0188017 
v -0.162701 1.3394 0.0202377 
v -0.153716 1.31476 0.0271317 
v -0.178619 1.36597 -0.0268554 
v -0.174293 1.34473 -0.0254122 
v -0.170974 1.31502 -0.0228319 
v -0.166529 1.28882 -0.0171243 
v -0.184055 1.34678 -0.0698139 
v -0.180439 1.32909 -0.0720223 
v -0.172463 1.30293 -0.0688633 
v -0.164333 1.27781 -0.0633111 
v -0.136912 1.24782 0.0468795 
v -0.130465 1.14788 0.0558864 
v -0.155291 1.23636 -0.00242622 
v -0.14882 1.14096 0.0131381 
v -0.148352 1.22362 -0.0487301 
v -0.14567 1.13022 -0.0313484 
v -0.148295 1.34472 0.0572444 
v -0.142908 1.36214 0.0652406 
v -0.044682 1.30351 0.0980069 
v -0.0464702 1.25305 0.105937 
v -0.117863 1.22759 0.0694684 
v -0.134134 1.22508 0.0500565 
v -0.146137 1.22105 0.0274661 
v -0.152156 1.21555 0.00275613 
v -0.151551 1.20916 -0.0210385 
v -0.145114 1.20449 -0.0429239 
v -0.133083 1.20277 -0.0643262 
v -0.114069 1.20447 -0.0850533 
v -0.0869865 1.21025 -0.102146 
v -0.0177356 1.2304 -0.106367 
v -0.117252 1.34388 -0.131214 
v -0.153598 1.35346 -0.117525 
v -0.130284 1.31993 -0.120196 
v -0.0680936 1.31517 -0.133202 
v -0.0545343 1.24614 -0.117363 
v -0.0523936 1.22034 -0.110894 
v -0.0546818 1.12611 -0.0913742 
v -0.117451 1.22542 -0.0907539 
v -0.0899296 1.23381 -0.107501 
v -0.109818 1.29865 -0.121276 
v -0.175951 0.978634 0.00499226 
v -0.160128 1.04717 -0.00340618 
v -0.157632 1.07575 -0.00747812 
v -0.177127 0.903802 -0.0669325 
v -0.169195 0.954843 -0.0663511 
v -0.151742 1.03137 -0.0640393 
v -0.142784 1.06063 -0.0595668 
v -0.130552 1.08253 0.0641208 
v -0.126845 1.04734 0.0656122 
v -0.122423 0.961086 0.0747626 
v -0.128979 0.90848 0.0814423 
v -0.100514 0.711019 -0.105898 
v -0.0175005 1.16949 -0.0912844 
v -0.0514328 1.16234 -0.0964039 
v -0.0850146 1.15681 -0.088991 
v -0.110806 1.15486 -0.0732906 
v -0.12902 1.15552 -0.0533316 
v -0.141108 1.1577 -0.0319324 
v -0.14711 1.16194 -0.0106067 
v -0.147376 1.16749 0.0109582 
v -0.141987 1.17224 0.0329187 
v -0.131162 1.17542 0.0534298 
v -0.115801 1.17771 0.0718706 
v -0.0754257 1.17877 0.106146 
v -0.0482334 1.17796 0.120198 
v -0.0158798 1.17826 0.126016 
v -0.0904748 1.08607 -0.0895045 
v -0.117899 1.08976 -0.076001 
v -0.138847 1.09368 -0.0556669 
v -0.151192 1.0989 -0.0325082 
v -0.155858 1.10632 -0.00925213 
v -0.153543 1.1128 0.0153691 
v -0.144309 1.11549 0.0398419 
v -0.130625 1.11675 0.0600067 
v -0.114016 1.11731 0.0767303 
v -0.0733548 1.11355 0.1083 
v -0.0475681 1.11019 0.122864 
v -0.0150321 1.10691 0.127602 
v -0.0597254 1.08278 -0.0957228 
v -0.0703125 0.999894 -0.141179 
v -0.0902441 0.90114 -0.155695 
v -0.0647911 1.04252 -0.115313 
v -0.0250224 1.03855 -0.120817 
v -0.146389 0.776957 -0.0998748 
v -0.108066 1.01125 -0.12236 
v -0.127969 0.918236 -0.136445 
v -0.136183 0.870688 -0.127659 
v -0.141668 0.824556 -0.111957 
v -0.102554 0.855259 -0.140517 
v -0.111354 0.813205 -0.119282 
v -0.0652454 0.747437 -0.0999111 
v -0.0551557 0.79196 -0.101937 
v -0.137228 0.85051 0.0871479 
v -0.0114868 0.989618 0.116476 
v -0.0384952 0.992487 0.111903 
v -0.0633022 0.995707 0.103695 
v -0.102888 0.997736 0.0828328 
v -0.122804 1.00933 0.069088 
v -0.141693 1.02115 0.0508384 
v -0.156488 1.02258 0.0286734 
v -0.166676 1.0182 0.00157504 
v -0.169782 1.00969 -0.0305512 
v -0.162146 0.998206 -0.0659915 
v -0.144832 0.983095 -0.102045 
v -0.118225 0.966653 -0.135053 
v -0.0786423 0.950982 -0.156625 
v -0.0336659 0.93059 -0.159315 
v -0.00757346 0.891465 -0.144779 
v -0.0296664 0.723888 0.0295182 
v -0.144346 0.790086 0.0867533 
v -0.148547 0.731108 0.0804016 
v -0.147234 0.676531 0.0707543 
v -0.170036 0.635626 0.043888 
v -0.186078 0.639615 0.0173396 
v -0.176143 0.544536 -0.00422042 
v -0.183043 0.486681 -0.0170142 
v -0.198667 0.424574 -0.0205537 
v -0.208035 0.363508 -0.022834 
v -0.167709 0.541065 -0.0720008 
v -0.130361 0.478795 -0.101338 
v -0.185048 0.545638 -0.0397206 
v -0.190364 0.488439 -0.0498808 
v -0.205593 0.428909 -0.0576356 
v -0.216868 0.369773 -0.0607156 
v -0.0832358 0.519751 0.00568356 
v -0.100304 0.468404 -0.00505318 
v -0.118593 0.408432 -0.0116003 
v -0.128199 0.348213 -0.0150525 
v -0.0478705 0.600012 -0.0284755 
v -0.0611475 0.517495 -0.0390015 
v -0.079804 0.466188 -0.0426931 
v -0.0943907 0.40756 -0.0462537 
v -0.0987522 0.346654 -0.0475523 
v -0.15435 0.404323 0.00443666 
v -0.178067 0.3549 0.00113293 
v -0.143488 0.629807 0.0598376 
v -0.101899 1.48084 0.00591264 
v -0.114545 1.46843 0.0150022 
v -0.102536 1.49646 -0.0161943 
v -0.124807 1.47827 0.0037265 
v -0.113722 1.4853 -0.00362707 
v -0.135862 0.289102 -0.0184613 
v -0.151643 0.290941 -0.00954246 
v -0.1571 0.236406 -0.0142998 
v -0.163108 0.185732 -0.014773 
v -0.182582 0.295783 -0.00465621 
v -0.184277 0.240292 -0.0109942 
v -0.186413 0.188479 -0.014054 
v -0.209785 0.303107 -0.0257877 
v -0.208126 0.24571 -0.0280601 
v -0.206652 0.19263 -0.0308241 
v -0.20506 0.194603 -0.0718431 
v -0.212304 0.251825 -0.0722444 
v -0.215096 0.311068 -0.0766849 
v -0.109683 0.288162 -0.0488206 
v -0.123652 0.234348 -0.0504435 
v -0.137154 0.183562 -0.0479892 
v -0.205189 0.251583 -0.0872377 
v -0.197543 0.19552 -0.0844337 
v -0.15766 0.190668 -0.0960015 
v -0.0988169 0.520135 0.0247746 
v -0.131065 0.451509 0.0100462 
v -0.148665 0.445879 0.0111201 
v -0.16639 0.491098 0.0152667 
v -0.140606 0.56002 0.043821 
v -0.118573 0.559853 0.0478937 
v -0.100792 0.547981 0.0398433 
v -0.111804 0.480299 0.0140682 
v -0.16269 0.45717 0.0108654 
v -0.157617 0.535142 0.0293792 
v -0.16584 0.591507 0.0326533 
v -0.179957 0.592844 0.0093765 
v -0.1839 0.594961 -0.0135849 
v -0.18321 0.59578 -0.0352709 
v -0.178141 0.594489 -0.0551201 
v -0.166574 0.591489 -0.0707294 
v -0.152168 0.587956 -0.083196 
v -0.135725 0.583862 -0.0915323 
v -0.11714 0.579055 -0.0929301 
v -0.0969212 0.574016 -0.0885783 
v -0.075112 0.56865 -0.0785523 
v -0.058707 0.563757 -0.0594466 
v -0.0532547 0.560132 -0.0338995 
v -0.0595587 0.559392 -0.00626313 
v -0.0732222 0.563381 0.0208722 
v -0.0916706 0.57519 0.0439457 
v -0.115069 0.586753 0.0539847 
v -0.141705 0.591882 0.0499911 
v -0.459633 0.994978 -0.0197926 
v -0.471242 0.99877 -0.0170917 
v -0.00368721 1.51087 0.0237647 
v -0.00534173 1.47147 0.0278626 
v -0.00492428 1.38747 0.0691943 
v -0.0105185 1.34541 0.083471 
v -0.0120352 1.3261 0.0881606 
v -0.0179217 1.28252 -0.122428 
v -0.0571394 1.27004 -0.123386 
v -0.093642 1.25529 -0.112848 
v -0.121807 1.24463 -0.0961783 
v -0.140904 1.23992 -0.0754714 
v -0.152631 1.24044 -0.0537257 
v -0.158853 1.24548 -0.0313327 
v -0.158808 1.25377 -0.00705835 
v -0.152478 1.26261 0.0184696 
v -0.14085 1.26981 0.0431515 
v -0.123863 1.26888 0.0646334 
v -0.0463561 1.2697 0.101184 
v -0.0152012 1.27093 0.101794 
v -0.0143952 1.28837 0.0960355 
v -0.0463279 1.28509 0.0985296 
v -0.124436 1.28866 0.0685046 
v -0.150663 1.32875 0.0435695 
v -0.162804 1.35275 0.0375824 
v -0.175572 1.37631 0.0346947 
v -0.0179523 1.42962 -0.128022 
v -0.0560379 1.43505 -0.132715 
v -0.0939773 1.44206 -0.130541 
v -0.129079 1.45155 -0.119406 
v -0.159712 1.46055 -0.102668 
v -0.184962 1.46786 -0.0822726 
v -0.2035 1.47545 -0.0595708 
v -0.213778 1.47724 -0.0349017 
v -0.211332 1.47387 -0.00996507 
v -0.196512 1.46875 0.00945486 
v -0.177829 1.45974 0.0215058 
v -0.160011 1.44615 0.0302128 
v -0.146285 1.43045 0.0397598 
v -0.135478 1.41435 0.0515603 
v -0.124345 1.3987 0.0631634 
v -0.0988343 1.37342 0.081008 
v -0.0294453 1.36633 0.082515 
v -0.00789537 1.36607 0.0767889 
v -0.0727812 1.44593 0.0420092 
v -0.0861145 1.42658 0.053318 
v -0.0997146 1.40616 0.0645865 
v -0.112344 1.38476 0.0730533 
v -0.122567 1.36287 0.0770955 
v -0.13062 1.34157 0.0748763 
v -0.136077 1.32239 0.0662499 
v -0.140083 1.30581 0.0534185 
v -0.147204 1.2923 0.0359729 
v -0.155928 1.28082 0.0134644 
v -0.162181 1.26965 -0.0113005 
v -0.1632 1.26124 -0.0356372 
v -0.157704 1.25739 -0.0584728 
v -0.146488 1.25844 -0.0799488 
v -0.128024 1.26451 -0.100541 
v -0.099897 1.2765 -0.117544 
v -0.0614921 1.29283 -0.128455 
v -0.0189122 1.30452 -0.128072 
v -0.0814495 1.36762 0.086085 
v -0.0917779 1.34492 0.0928631 
v -0.100117 1.3224 0.0944425 
v -0.103372 1.30076 0.0891968 
v -0.103767 1.28128 0.0830663 
v -0.102873 1.26491 0.0815441 
v -0.100018 1.24884 0.0838077 
v -0.0982111 1.22904 0.0865023 
v -0.0754144 1.23002 0.101254 
v -0.0751942 1.2508 0.097343 
v -0.0770517 1.26634 0.0944706 
v -0.0781822 1.28092 0.0941085 
v -0.0780591 1.29983 0.0968465 
v -0.0754776 1.32154 0.0990787 
v -0.0760199 1.20613 0.104387 
v -0.0978914 1.20566 0.0879823 
v -0.116529 1.20398 0.0708053 
v -0.132204 1.20123 0.0523454 
v -0.143832 1.1976 0.0308563 
v -0.149434 1.19234 0.00739299 
v -0.148677 1.18644 -0.0152557 
v -0.142228 1.18216 -0.036848 
v -0.129838 1.18023 -0.0581519 
v -0.11104 1.18048 -0.0786887 
v -0.0843769 1.18414 -0.095647 
v -0.0503131 1.19187 -0.103611 
v -0.0170242 1.20149 -0.0982059 
v -0.020412 1.39913 -0.132892 
v -0.0644284 1.4029 -0.139673 
v -0.110439 1.40759 -0.134184 
v -0.155021 1.41164 -0.119831 
v -0.188201 1.4148 -0.107682 
v -0.213752 1.41726 -0.0946885 
v -0.23588 1.41665 -0.0778127 
v -0.251481 1.4163 -0.0561294 
v -0.255608 1.41739 -0.0305925 
v -0.246048 1.41878 -0.00467544 
v -0.225796 1.41844 0.0161121 
v -0.20125 1.41564 0.0297738 
v -0.182022 1.40652 0.0378763 
v -0.0972992 1.17889 0.0891513 
v -0.0959879 1.14915 0.0900948 
v -0.0946169 1.11599 0.0922105 
v -0.0942426 1.07837 0.0947301 
v -0.0916594 1.0383 0.0938614 
v -0.0846679 0.996183 0.0934793 
v -0.0722941 0.950722 0.0964046 
v -0.0556772 0.904972 0.102747 
v -0.0356317 0.868055 0.106379 
v -0.0129675 0.8476 0.10364 
v -0.0672059 1.34386 0.0955547 
v -0.0569966 1.3664 0.0868619 
v -0.0460327 1.3896 0.0748459 
v -0.0349467 1.41237 0.0624973 
v -0.0249247 1.43398 0.051425 
v -0.0686565 1.39165 0.0746597 
v -0.0548848 1.41505 0.0614024 
v -0.0424323 1.43676 0.0499738 
v -0.0454026 1.46032 0.0371512 
v -0.0471711 1.4816 0.0213372 
v -0.0143328 1.45345 0.0403467 
v -0.0240339 1.49479 0.0197905 
v -0.0107486 1.49125 0.0207217 
v -0.0194047 1.47452 0.0286502 
v -0.0301731 1.45684 0.0397224 
v -0.0336652 1.47756 0.0267656 
v -0.0598451 1.46499 0.0323559 
v -0.00434054 0.854264 -0.111953 
v -0.00608107 0.827865 -0.0701214 
v 0.00129198 1.48015 -0.115844 
v 0.00294298 1.48517 0.0206387 
v -6.15313e-05 1.20704 0.121623 
v 0.00226413 0.950699 0.112338 
v -0.000742027 1.23246 0.11517 
v -0.00607796 0.81512 -0.0203088 
v -0.00559976 0.809261 0.0286936 
v 0.000808809 0.910552 0.112856 
v -0.000883191 0.875549 0.112861 
v 0.00416072 1.57354 0.0933672 
v 0.00396288 1.56716 0.085429 
v 0.00362333 1.56223 0.0706131 
v 0.00339976 1.55793 0.0542583 
v 0.00341593 1.54754 0.0423507 
v 0.00343143 1.50995 0.0238738 
v 0.00357222 1.53039 0.0325079 
v 0.00129241 1.55865 -0.0810053 
v 0.00129742 1.49953 -0.109504 
v 0.00114752 1.53841 -0.0900111 
v 0.00121335 1.51953 -0.10036 
v 0.000850288 1.32627 0.0870342 
v 0.00053176 1.38747 0.0690508 
v 0.000577638 1.40436 0.063059 
v 0.00114629 1.46218 -0.120356 
v 0.00101958 1.44503 -0.124082 
v 0.00252294 1.47065 0.0279446 
v 0.00103274 1.43083 0.0516914 
v 0.00153894 1.4476 0.0428396 
v 0.00126324 1.34196 -0.132418 
v 0.00125119 1.36048 -0.132994 
v -0.00172689 1.17018 -0.0901382 
v -0.0024766 1.12897 -0.0880878 
v 0.0025853 1.14464 0.128191 
v 0.00128327 1.17858 0.126259 
v 0.00203535 1.10687 0.127228 
v 0.0010884 1.06747 0.127225 
v -0.00368369 1.03822 -0.121016 
v -0.00350134 1.08277 -0.097722 
v 0.0016214 1.02761 0.123705 
v 0.00230431 0.989716 0.116968 
v -0.00325954 0.984937 -0.147418 
v -0.00352901 0.89776 -0.14602 
v 6.5183e-05 1.28405 -0.121024 
v -0.00108361 1.25859 -0.113359 
v -5.15124e-05 1.27056 0.101733 
v -0.000684213 1.25384 0.107988 
v 0.000485449 1.28841 0.09566 
v 0.000884629 1.30728 0.0907833 
v 0.000942407 1.42881 -0.127058 
v 0.00094003 1.41383 -0.129304 
v 0.000465064 1.36608 0.0762828 
v 0.000585603 1.34533 0.0825359 
v 0.000921955 1.30578 -0.126621 
v 0.00121977 1.32422 -0.130371 
v -0.00161282 1.20289 -0.0968012 
v -0.0016986 1.23169 -0.104891 
v 0.00110348 1.38033 -0.132481 
v 0.000967191 1.39832 -0.131138 
v -0.00346814 0.820113 0.0746419 
v -0.00201772 0.845812 0.10292 
v -0.00493722 0.82962 -0.0712498 
v -0.00405503 0.857077 -0.113403 
v -0.00648439 0.819537 -0.0445959 
v -0.00517071 0.839352 -0.0915577 
v -0.00734976 0.823472 -0.0645787 
v -0.00486503 0.871359 -0.12934 
v -0.00679272 0.846287 -0.105894 
v -0.0123481 0.813999 0.0550041 
v -0.0142123 1.47204 -0.118496 
v -0.123477 1.49415 -0.0164801 
v -0.0881352 1.5205 -0.0377355 
v -0.0766388 1.53325 -0.0471354 
v -0.0438173 1.50197 0.0116701 
v -0.181133 1.35461 -0.0959501 
v -0.179651 1.37058 -0.0146251 
v -0.18655 1.38752 0.0280691 
v -0.179015 1.41303 0.038014 
v -0.130994 1.47525 0.00724065 
v -0.0951968 1.50547 -0.0234238 
v -0.0769643 1.52664 -0.0325773 
v -0.0810288 1.51336 -0.0222513 
v -0.0847865 1.48901 -0.112596 
v -0.0133387 1.49044 -0.112867 
v -0.0286052 1.48307 -0.116411 
v -0.0171628 1.43771 -0.126389 
v -0.0221267 1.33259 -0.133003 
v -0.0172869 0.913002 -0.153301 
v -0.0130808 0.876771 -0.138378 
v -0.0145362 1.12611 0.127539 
v -0.0148147 1.27933 0.0990112 
v -0.0126276 1.31649 0.090271 
v -0.0416655 1.48986 0.0169357 
v -0.0334713 1.51043 0.0163001 
v -0.0306564 1.49704 0.0180672 
v -0.0163311 1.19286 0.123601 
v -0.0169265 1.21957 0.118182 
v -0.0330135 1.20617 0.119849 
v -0.0483664 1.19236 0.118365 
v -0.0470682 1.12837 0.121754 
v -0.00911477 0.931046 0.111574 
v -0.0482958 1.21877 0.114218 
v -0.0627908 1.20589 0.111128 
v -0.165434 1.33218 -0.101506 
v -0.155475 1.45279 0.0268189 
v -0.173071 1.34985 -0.0138442 
v -0.175466 1.37022 0.0275077 
v -0.167333 1.39588 0.0454616 
v -0.141662 1.43746 0.0365504 
v -0.120333 1.4629 0.0194295 
v -0.08146 1.50159 -0.0113202 
v -0.0697933 1.52268 -0.0181004 
v -0.0693901 1.50966 -0.00914643 
v -0.150785 1.50169 -0.0341825 
v -0.127957 1.49469 -0.0915442 
v -0.179992 1.33049 -0.0604579 
v -0.182452 1.34825 -0.058779 
v -0.110351 1.168 -0.0756376 
v -0.116011 1.10774 -0.0735393 
v -0.069715 1.49531 -0.110117 
v -0.0422494 1.49369 -0.112498 
v -0.0448956 1.47656 -0.120025 
v -0.0739426 1.48042 -0.118913 
v -0.057736 1.4866 -0.116168 
v -0.0533828 1.44307 -0.130434 
v -0.0887895 1.44982 -0.128855 
v -0.0706286 1.32769 -0.135264 
v -0.155286 1.30625 -0.0975901 
v -0.174245 1.30403 -0.0579258 
v -0.168131 1.321 -0.0111597 
v -0.162649 1.34605 0.0293153 
v -0.157313 1.37533 0.0534501 
v -0.130124 1.42198 0.04845 
v -0.107133 1.45306 0.0309242 
v -0.0549535 1.49427 0.00939654 
v -0.0682964 1.49804 -7.40297e-05 
v -0.0472864 1.51652 0.00830449 
v -0.0598303 1.5205 -0.00384035 
v -0.0570765 1.50654 0.00247086 
v -0.118453 1.31028 -0.121523 
v -0.140938 1.29697 -0.10496 
v -0.2984 1.22714 -0.0630147 
v -0.247818 1.30225 -0.08182 
v -0.200308 1.37482 -0.101558 
v -0.182539 1.37881 -0.10685 
v -0.150536 1.38283 -0.121836 
v -0.110318 1.37804 -0.135607 
v -0.021141 1.37113 -0.134739 
v -0.0661005 1.37437 -0.141257 
v -0.0154808 1.04768 0.125587 
v -0.0468742 1.05072 0.120727 
v -0.128119 1.03859 -0.089432 
v -0.0841236 1.1708 -0.0919863 
v -0.0887293 1.10562 -0.0865059 
v -0.148941 0.960683 -0.103224 
v -0.161504 0.394668 -0.118894 
v -0.0915724 0.935343 0.0896375 
v -0.157588 0.379092 0.00266931 
v -0.0102399 0.970593 0.113717 
v -0.0210952 0.952655 0.110526 
v -0.0354145 0.973546 0.109728 
v -0.0307455 0.935747 0.10833 
v -0.0439629 0.955501 0.105737 
v -0.0122544 0.862338 0.10915 
v -0.0497016 0.935147 0.103701 
v -0.0588856 0.975356 0.102754 
v -0.0637983 0.953107 0.0995105 
v -0.0726176 1.05464 0.10841 
v -0.0733764 1.1311 0.107261 
v -0.0756361 1.19268 0.105219 
v -0.0165638 1.24346 0.11133 
v -0.0326424 1.2316 0.114022 
v -0.0939152 0.378873 -0.0710956 
v -0.108432 0.799515 0.0939211 
v -0.0176159 0.749674 -0.0486986 
v -0.115638 0.790627 -0.111988 
v -0.128064 0.781426 0.0910181 
v -0.182234 0.803263 0.0507527 
v -0.19894 0.801422 -0.0169523 
v -0.179012 0.791048 -0.0747341 
v -0.133197 0.772141 -0.104553 
v -0.105841 0.762323 -0.108239 
v -0.123043 0.743734 -0.104858 
v -0.029213 0.733422 -0.0670895 
v -0.0193507 0.725292 -0.0304958 
v -0.0282788 0.707521 -0.0516541 
v -0.0398068 0.727394 0.0460641 
v -0.0954576 0.760971 0.0890403 
v -0.114391 0.743552 0.0885146 
v -0.108993 0.942867 0.0827266 
v -0.156255 0.982399 0.0462207 
v -0.177679 0.974418 -0.0122671 
v -0.161953 0.946212 -0.0850963 
v -0.0325232 0.871343 -0.143782 
v -0.0104286 0.826232 -0.0799472 
v -0.00762085 0.810135 -0.0357884 
v -0.00996252 0.809827 -0.0546434 
v -0.0273779 0.81527 0.0644398 
v -0.0821703 0.897337 0.0954993 
v -0.0979536 0.901273 0.0913582 
v -0.0146492 0.847478 -0.115934 
v -0.0316018 0.84244 -0.122737 
v -0.0184811 0.825485 -0.0914201 
v -0.0342667 0.76021 -0.0807419 
v -0.0449789 0.715762 -0.0818429 
v -0.0518656 0.742801 -0.0920378 
v -0.101111 0.382457 -0.0929254 
v -0.257348 1.38001 -0.000388687 
v -0.272569 1.35321 -0.00497992 
v -0.273875 1.37224 -0.0436785 
v -0.286016 1.34801 -0.0424622 
v -0.253305 1.37208 -0.0794716 
v -0.272995 1.34256 -0.0719575 
v -0.219269 1.36443 -0.0964717 
v -0.243563 1.3278 -0.0871682 
v -0.227553 1.31676 -0.0847855 
v -0.205604 1.35561 -0.0946576 
v -0.22358 1.34208 -0.0916555 
v -0.191375 1.34155 -0.0802176 
v -0.206273 1.303 -0.0636508 
v -0.186921 1.34055 -0.0503679 
v -0.201961 1.3057 -0.0366287 
v -0.190034 1.36234 -0.00946778 
v -0.210447 1.32443 3.6397e-05 
v -0.208717 1.37716 0.0220104 
v -0.234975 1.34507 0.0211119 
v -0.299003 1.26449 0.0223544 
v -0.266466 1.30559 0.0218613 
v -0.293899 1.32019 -0.00543945 
v -0.318757 1.2857 -0.00276753 
v -0.32271 1.28779 -0.0330948 
v -0.303371 1.31885 -0.0387641 
v -0.294128 1.30844 -0.0644576 
v -0.315686 1.27387 -0.0566434 
v -0.293446 1.25118 -0.0689041 
v -0.268521 1.28841 -0.0775008 
v -0.279529 1.24022 -0.0641049 
v -0.25318 1.27653 -0.0740984 
v -0.273871 1.26357 -0.07203 
v -0.262329 1.22838 -0.0408584 
v -0.23301 1.26317 -0.051157 
v -0.230089 1.26552 -0.0245701 
v -0.261232 1.22871 -0.0141682 
v -0.271587 1.24132 0.013384 
v -0.240442 1.28182 0.0068652 
v -0.255109 1.36811 0.00675531 
v -0.231748 1.36543 0.0195571 
v -0.201334 1.35061 0.006318 
v -0.212179 1.35932 0.0187985 
v -0.241824 1.32028 0.021222 
v -0.229279 1.30878 0.0114082 
v -0.219263 1.33555 0.0156785 
v -0.274898 1.27893 0.0234356 
v -0.261052 1.26664 0.0167662 
v -0.251036 1.29347 0.0195447 
v -0.290752 1.29111 0.0184627 
v -0.302301 1.30031 0.00420821 
v -0.259565 1.33012 0.0182058 
v -0.276231 1.33583 0.00361553 
v -0.255535 1.35149 0.0128482 
v -0.282464 1.31493 0.0118049 
v -0.389938 1.10303 -0.0484765 
v -0.326182 1.22087 0.0175247 
v -0.34446 1.24747 0.000991111 
v -0.347917 1.25483 -0.027002 
v -0.340161 1.23891 -0.0488654 
v -0.317653 1.21374 -0.0608123 
v -0.303886 1.20281 -0.0556439 
v -0.324664 1.18728 -0.05629 
v -0.289147 1.1904 -0.0320753 
v -0.288797 1.188 -0.00520242 
v -0.302165 1.20005 0.0153878 
v -0.377834 1.12683 0.0277819 
v -0.351469 1.17498 0.018568 
v -0.40133 1.1499 0.0192823 
v -0.373557 1.20191 0.00891181 
v -0.412107 1.16313 -0.0111299 
v -0.381226 1.21418 -0.0206482 
v -0.399869 1.15127 -0.0392898 
v -0.368583 1.19822 -0.0436431 
v -0.381083 1.12944 -0.0519924 
v -0.347339 1.17228 -0.0563005 
v -0.367584 1.11765 -0.0491469 
v -0.333757 1.16043 -0.0517847 
v -0.358001 1.14481 -0.0533758 
v -0.346438 1.10114 -0.0292497 
v -0.316463 1.14431 -0.0290988 
v -0.344258 1.09872 -0.000380017 
v -0.315922 1.14203 -0.000528142 
v -0.357951 1.10949 0.0205611 
v -0.331175 1.15506 0.0171111 
v -0.361504 1.2309 -0.00259768 
v -0.364144 1.23594 -0.0174093 
v -0.392842 1.18195 0.00802857 
v -0.397841 1.18889 -0.00799717 
v -0.380332 1.21174 -0.00503183 
v -0.396334 1.18799 -0.0243456 
v -0.388815 1.1804 -0.0368894 
v -0.362615 1.23379 -0.0306353 
v -0.357468 1.22518 -0.0410611 
v -0.376874 1.20903 -0.0341326 
v -0.420681 1.10107 0.0245655 
v -0.433004 1.11267 -0.000490573 
v -0.428029 1.10585 -0.0299982 
v -0.410175 1.08853 -0.0442783 
v -0.396629 1.0781 -0.0438118 
v -0.416101 1.06387 -0.0400677 
v -0.374871 1.06368 -0.0274168 
v -0.371205 1.0607 -0.000660913 
v -0.38298 1.06887 0.0206952 
v -0.400442 1.08305 0.0303128 
v -0.437605 1.05907 0.029446 
v -0.449426 1.06912 0.0096345 
v -0.449325 1.06468 -0.016927 
v -0.433406 1.0496 -0.0336665 
v -0.420312 1.0407 -0.0346554 
v -0.437568 1.02822 -0.0298658 
v -0.401165 1.02958 -0.0212804 
v -0.397318 1.02674 0.00104188 
v -0.405963 1.03245 0.0205193 
v -0.420791 1.04465 0.0318089 
v -0.300842 1.16549 -0.023225 
v -0.300538 1.16399 -0.00891032 
v -0.304698 1.1673 0.00392132 
v -0.31221 1.17397 0.0130786 
v -0.332991 1.12191 0.00612065 
v -0.340599 1.12812 0.0158008 
v -0.322379 1.14737 0.0106729 
v -0.329533 1.11993 -0.0222688 
v -0.328828 1.11875 -0.00744051 
v -0.31402 1.1409 -0.014821 
v -0.255347 1.35643 -0.0819952 
v -0.239395 1.35089 -0.0902679 
v -0.263735 1.31337 -0.0807685 
v -0.277817 1.32235 -0.0734547 
v -0.259325 1.33669 -0.0822744 
v -0.300034 1.28619 -0.0654318 
v -0.288119 1.27529 -0.0721084 
v -0.282782 1.29939 -0.0734305 
v -0.260166 1.25303 -0.064247 
v -0.250692 1.24677 -0.0523159 
v -0.22191 1.28392 -0.0632787 
v -0.232632 1.29092 -0.0751149 
v -0.240494 1.26729 -0.0637782 
v -0.20984 1.3324 -0.0861734 
v -0.200572 1.32571 -0.076743 
v -0.214337 1.30746 -0.0755584 
v -0.0537725 0.833564 -0.125274 
v -0.0320755 0.820157 -0.100363 
v -0.0422007 0.786409 -0.0925979 
v -0.0495943 0.810307 -0.106441 
v -0.0202795 0.77483 -0.0661431 
v -0.0162338 0.806384 -0.0695417 
v -0.0269878 0.798728 -0.0820701 
v -0.0112059 0.763549 -0.0277289 
v -0.00803049 0.792656 -0.0299534 
v -0.0119412 0.785411 -0.0493324 
v -0.0324105 0.76773 0.0545392 
v -0.0291474 0.798308 0.0605588 
v -0.0897404 0.813544 0.093245 
v -0.0858165 0.860448 0.0952962 
v -0.12145 0.839783 0.0921715 
v -0.114737 0.894901 0.0878257 
v -0.10287 0.853821 0.0940107 
v -0.174635 0.865996 0.0534987 
v -0.165307 0.927501 0.0519162 
v -0.195256 0.86098 -0.0144301 
v -0.186143 0.9204 -0.0122724 
v -0.176637 0.844034 -0.0798617 
v -0.169868 0.896144 -0.0842431 
v -0.162942 0.406882 0.00476232 
v -0.193196 0.422946 -0.0125752 
v -0.205059 0.427906 -0.0480143 
v -0.197268 0.430398 -0.0855667 
v -0.167644 0.42583 -0.111807 
v -0.146636 0.42253 -0.114844 
v -0.152926 0.453121 -0.107562 
v -0.107059 0.414995 -0.0987017 
v -0.0948953 0.41077 -0.0801297 
v -0.0985002 0.442641 -0.0857258 
v -0.0919836 0.40811 -0.0575826 
v -0.0890948 0.439083 -0.0664065 
v -0.110419 0.407747 -0.0185065 
v -0.145641 0.403851 0.00261789 
v -0.151523 0.426315 0.00675564 
v -0.17992 0.485514 -0.00854816 
v -0.190184 0.487872 -0.0411991 
v -0.182283 0.487952 -0.0746545 
v -0.156457 0.482743 -0.0980455 
v -0.139475 0.48007 -0.101764 
v -0.144044 0.50861 -0.0950767 
v -0.103579 0.473278 -0.0885402 
v -0.088114 0.469256 -0.0732818 
v -0.089645 0.498093 -0.0791229 
v -0.0800535 0.466755 -0.05351 
v -0.0745689 0.494703 -0.0624304 
v -0.0934219 0.466191 -0.0138737 
v -0.134146 0.506824 0.0349616 
v -0.132449 0.724109 0.0838549 
v -0.185381 0.743297 0.045483 
v -0.19754 0.745004 -0.0191827 
v -0.177953 0.738802 -0.0705871 
v -0.1382 0.724621 -0.0998628 
v -0.113348 0.715727 -0.105472 
v -0.128475 0.697189 -0.102428 
v -0.0621394 0.697995 -0.09201 
v -0.0411366 0.689601 -0.0688797 
v -0.0560241 0.672189 -0.0815658 
v -0.031408 0.683441 -0.0354826 
v -0.0405084 0.664844 -0.0542895 
v -0.0483596 0.684149 0.036224 
v -0.100391 0.707684 0.0805012 
v -0.116858 0.689583 0.0789336 
v -0.131795 0.670978 0.0736362 
v -0.183747 0.68798 0.0383302 
v -0.192832 0.6926 -0.0211955 
v -0.175902 0.689378 -0.068002 
v -0.141498 0.678098 -0.0972487 
v -0.118778 0.670676 -0.102936 
v -0.132194 0.65184 -0.0989472 
v -0.0714318 0.655134 -0.0898872 
v -0.052019 0.647209 -0.0692889 
v -0.0653768 0.630397 -0.0800686 
v -0.0421059 0.641877 -0.0397164 
v -0.050055 0.623942 -0.0563268 
v -0.0548073 0.641111 0.0269505 
v -0.101519 0.6581 0.0700598 
v -0.11554 0.641728 0.0679681 
v -0.172292 0.543552 0.00523941 
v -0.184292 0.545356 -0.0306415 
v -0.174078 0.542489 -0.0654081 
v -0.147972 0.536414 -0.0890097 
v -0.132054 0.533225 -0.0936673 
v -0.137527 0.559878 -0.0909827 
v -0.0939794 0.525249 -0.0838241 
v -0.0741733 0.521197 -0.0707575 
v -0.0785462 0.546553 -0.0781843 
v -0.0631661 0.518239 -0.0504491 
v -0.0621105 0.542411 -0.0603365 
v -0.0759573 0.517853 -0.00511578 
v -0.116591 0.572786 0.0504159 
v -0.173482 0.277153 -0.110419 
v -0.120702 0.266101 -0.0869836 
v -0.11498 0.262877 -0.0688726 
v -0.13966 0.261494 -0.020781 
v -0.169406 0.352969 0.00176479 
v -0.17472 0.294461 -0.00377823 
v -0.201828 0.361369 -0.0144729 
v -0.204112 0.301178 -0.018227 
v -0.216289 0.368564 -0.0509751 
v -0.217593 0.308612 -0.0513127 
v -0.208312 0.370933 -0.0894149 
v -0.211302 0.311089 -0.0854697 
v -0.176316 0.366724 -0.118022 
v -0.181643 0.307667 -0.112713 
v -0.152959 0.363067 -0.121031 
v -0.159948 0.304473 -0.115789 
v -0.168177 0.335423 -0.119251 
v -0.110141 0.354502 -0.102888 
v -0.119941 0.296096 -0.0985766 
v -0.0983352 0.350308 -0.0834137 
v -0.109174 0.292084 -0.0805505 
v -0.107289 0.322749 -0.0926808 
v -0.0964388 0.347514 -0.0596989 
v -0.107431 0.289203 -0.059567 
v -0.100506 0.319158 -0.0714482 
v -0.119833 0.34743 -0.0210415 
v -0.127977 0.288495 -0.0240799 
v -0.152654 0.350392 -0.00153301 
v -0.16415 0.322355 -0.001391 
v -0.177481 0.239138 -0.00987655 
v -0.203157 0.244288 -0.0219398 
v -0.215062 0.25001 -0.050281 
v -0.209047 0.251873 -0.0798969 
v -0.183931 0.249481 -0.10334 
v -0.165447 0.24722 -0.105766 
v -0.174632 0.220377 -0.101221 
v -0.132769 0.24072 -0.0910991 
v -0.124004 0.237461 -0.0760093 
v -0.132908 0.212545 -0.0813469 
v -0.122341 0.235166 -0.0589596 
v -0.128678 0.210205 -0.0660531 
v -0.136921 0.234365 -0.0284184 
v -0.150265 0.235715 -0.0181243 
v -0.147444 0.2095 -0.0237015 
v -0.178745 0.898052 0.0389572 
v -0.189531 0.894577 0.00494585 
v -0.196678 0.832775 0.00204908 
v -0.187128 0.834924 0.03672 
v -0.189764 0.865514 0.0214841 
v -0.191892 0.773866 0.0323446 
v -0.198881 0.773529 -0.00147175 
v -0.195398 0.803657 0.0177442 
v -0.191857 0.716646 0.0261094 
v -0.196567 0.718153 -0.00563776 
v -0.196632 0.745188 0.0128266 
v -0.188071 0.664343 0.0200226 
v -0.191561 0.666932 -0.00892074 
v -0.19354 0.691252 0.00732314 
v -0.187769 0.667784 -0.0341645 
v -0.180418 0.666586 -0.0568601 
v -0.192731 0.718016 -0.0339942 
v -0.183375 0.715716 -0.0585264 
v -0.186437 0.692095 -0.0462464 
v -0.196583 0.771647 -0.033794 
v -0.186373 0.767638 -0.0612512 
v -0.190734 0.743109 -0.047491 
v -0.196527 0.828492 -0.0330819 
v -0.186555 0.822035 -0.0642245 
v -0.193191 0.797505 -0.0489799 
v -0.189952 0.887183 -0.0314124 
v -0.181108 0.876745 -0.0663295 
v -0.190544 0.853939 -0.0494283 
v -0.0966511 0.734 -0.106142 
v -0.0701226 0.72461 -0.0994747 
v -0.103733 0.688835 -0.104469 
v -0.0789048 0.680607 -0.0979932 
v -0.0874779 0.706606 -0.103429 
v -0.109733 0.644929 -0.100559 
v -0.0868202 0.637909 -0.0943226 
v -0.0947478 0.663064 -0.100669 
v -0.119867 0.555801 -0.0924451 
v -0.100202 0.551262 -0.0879509 
v -0.133149 0.450295 -0.107758 
v -0.11422 0.446886 -0.100358 
v -0.138126 0.390977 -0.117711 
v -0.116891 0.386915 -0.109038 
v -0.125141 0.419124 -0.110717 
v -0.144434 0.331638 -0.118008 
v -0.122863 0.327236 -0.108841 
v -0.129416 0.359016 -0.115678 
v -0.169776 0.76107 -0.0821035 
v -0.148117 0.752831 -0.0966395 
v -0.169318 0.711283 -0.0784544 
v -0.150786 0.704978 -0.093246 
v -0.16021 0.732463 -0.0880145 
v -0.168618 0.663352 -0.0759085 
v -0.152284 0.658253 -0.0901183 
v -0.160837 0.684632 -0.0852086 
v -0.166683 0.566696 -0.0706096 
v -0.152878 0.563393 -0.0827771 
v -0.184371 0.458888 -0.0885563 
v -0.170443 0.456227 -0.101087 
v -0.198084 0.400358 -0.0975179 
v -0.182353 0.398071 -0.111848 
v -0.184937 0.428918 -0.101547 
v -0.205219 0.340603 -0.0969781 
v -0.189396 0.338615 -0.111664 
v -0.195294 0.369617 -0.106493 
v -0.20607 0.281057 -0.0904356 
v -0.192244 0.279579 -0.103651 
v -0.199517 0.310052 -0.10168 
v -0.152839 0.274054 -0.109264 
v -0.134151 0.270146 -0.101192 
v -0.137954 0.300567 -0.110808 
v -0.166814 0.436772 0.00585286 
v -0.181512 0.453034 -0.00397045 
v -0.171391 0.514829 0.00632062 
v -0.171046 0.486741 0.00784295 
v -0.0658416 0.622624 0.0365205 
v -0.0880833 0.630577 0.0580886 
v -0.0618591 0.665457 0.0461616 
v -0.0867995 0.675392 0.0685039 
v -0.0749194 0.647264 0.0536463 
v -0.0556651 0.710474 0.0560259 
v -0.0829846 0.725072 0.0783572 
v -0.0715979 0.693106 0.0636265 
v -0.0253189 0.7026 -0.0134123 
v -0.0350107 0.703178 0.0243831 
v -0.0364575 0.66095 -0.0200895 
v -0.0440982 0.660777 0.0151401 
v -0.0339251 0.681288 0.00174616 
v -0.0449998 0.620088 -0.0258102 
v -0.0508146 0.61911 0.0069725 
v -0.0431557 0.639626 -0.00596605 
v -0.0257388 0.744181 0.0336218 
v -0.0151776 0.742701 -0.00693477 
v -0.0233897 0.722666 0.0104067 
v -0.00937542 0.775756 -0.00509581 
v -0.0196349 0.778302 0.0396772 
v -0.0152995 0.760187 0.0168561 
v -0.00781245 0.797703 -0.00774432 
v -0.0173785 0.79995 0.0415856 
v -0.011402 0.787324 0.0183334 
v -0.00772478 0.810221 0.00623215 
v -0.00754906 0.810036 -0.0143173 
v -0.0136488 0.808893 0.036462 
v -0.0100738 0.802971 0.0153856 
v -0.0767728 0.775663 0.0858899 
v -0.0480441 0.755159 0.0651348 
v -0.0653244 0.740912 0.0729558 
v -0.0432772 0.794294 0.0725224 
v -0.0724056 0.821874 0.0910216 
v -0.0591952 0.786763 0.0803956 
v -0.0422655 0.821511 0.0800453 
v -0.0703872 0.859222 0.0963475 
v -0.0568113 0.824324 0.0875585 
v -0.040241 0.839003 0.0889996 
v -0.0668827 0.884975 0.0991788 
v -0.0554939 0.851111 0.0949582 
v -0.0332099 0.879514 0.108184 
v -0.0504996 0.91135 0.103934 
v -0.0104352 0.893631 0.112818 
v -0.0197099 0.914603 0.110766 
v -0.0215282 0.88271 0.110897 
v -0.0379256 0.920826 0.106877 
v -0.0388688 0.901389 0.107157 
v -0.0285759 0.902891 0.109485 
v -0.00150761 1.57091 0.0902189 
v -0.00498814 1.57556 0.0927426 
v -0.0121662 1.57407 0.0878342 
v -0.0180634 1.57183 0.0806159 
v -0.0229723 1.57325 0.0746761 
v -0.00226817 1.56458 0.0783172 
v -0.00792529 1.56826 0.0841258 
v -0.0139227 1.56701 0.0761031 
v -0.0194167 1.56733 0.0673789 
v -0.0247317 1.56889 0.0586188 
v -0.00213861 1.56058 0.0618855 
v -0.00812215 1.56315 0.0695842 
v -0.0134726 1.56288 0.060183 
v -0.02897 1.5693 0.0473513 
v -0.0340511 1.57217 0.0408767 
v -0.0186125 1.56297 0.0509194 
v -0.0237704 1.56308 0.0415252 
v -0.00207148 1.55413 0.0474503 
v -0.00751895 1.55902 0.0533205 
v -0.0128827 1.55715 0.0452799 
v -0.0293462 1.56309 0.0325127 
v -0.0350987 1.56337 0.0257891 
v -0.018395 1.55456 0.037339 
v -0.0245733 1.55164 0.0293345 
v -0.00210953 1.54002 0.0370409 
v -0.00759463 1.54934 0.040952 
v -0.0132853 1.54414 0.0344355 
v -0.0510913 1.53164 0.00478097 
v -0.0374538 1.52624 0.0154188 
v -0.0320205 1.54863 0.0218051 
v -0.0416096 1.54479 0.0142465 
v -0.0235774 1.51856 0.0214883 
v -0.0196684 1.539 0.0279487 
v -0.0278391 1.53332 0.0217883 
v -0.00252106 1.52121 0.0278262 
v -0.00785541 1.53278 0.0314999 
v -0.0148288 1.52577 0.0263049 
v -0.061433 1.53415 -0.00961452 
v -0.0683483 1.53483 -0.0253888 
v -0.0121675 1.54741 -0.0841476 
v -0.0244033 1.55607 -0.0779018 
v -0.0669431 1.54224 -0.0552676 
v -0.0548901 1.55891 -0.0548911 
v -0.0443696 1.55616 -0.0683671 
v -0.0375989 1.54562 -0.0780857 
v -0.0574992 1.54815 -0.0628423 
v -0.0693895 1.53974 -0.0413269 
v -0.0620838 1.54922 -0.0503721 
v -0.416222 1.12953 0.0169461 
v -0.42232 1.1361 0.00258688 
v -0.409553 1.1597 0.0059167 
v -0.433542 1.08317 0.0226544 
v -0.439853 1.08895 0.0114569 
v -0.42865 1.10892 0.0140211 
v -0.450363 1.04478 0.0288867 
v -0.455969 1.04954 0.0194885 
v -0.444813 1.06567 0.0213706 
v -0.423159 1.13664 -0.0141605 
v -0.418397 1.1318 -0.0291565 
v -0.407932 1.15957 -0.0269736 
v -0.442773 1.09023 -0.00276478 
v -0.441793 1.08734 -0.0173673 
v -0.432836 1.11124 -0.016343 
v -0.458975 1.05077 0.00765306 
v -0.459586 1.04881 -0.00490049 
v -0.451092 1.0685 -0.00399551 
v -0.319981 1.24967 0.0171552 
v -0.328764 1.26237 0.00614556 
v -0.31172 1.27674 0.012464 
v -0.343824 1.20479 0.014477 
v -0.353951 1.21908 0.00899976 
v -0.337038 1.23462 0.0113706 
v -0.370901 1.15657 0.0231305 
v -0.382915 1.16955 0.0188681 
v -0.362862 1.18801 0.0162716 
v -0.406484 1.11934 0.0263575 
v -0.395058 1.10876 0.0299207 
v -0.389931 1.13777 0.0264547 
v -0.424925 1.07539 0.0293721 
v -0.415582 1.06725 0.0311841 
v -0.410691 1.09178 0.0300185 
v -0.442628 1.03821 0.0339318 
v -0.434329 1.03165 0.0344311 
v -0.429125 1.05173 0.0327096 
v -0.306051 1.23642 0.022302 
v -0.292154 1.22521 0.019271 
v -0.283356 1.25161 0.0224793 
v -0.332624 1.19229 0.017553 
v -0.321654 1.18219 0.017631 
v -0.313246 1.20897 0.0193922 
v -0.359327 1.14561 0.0233286 
v -0.349426 1.13611 0.0211461 
v -0.340855 1.16414 0.0192225 
v -0.37491 1.09193 0.0243297 
v -0.38421 1.09966 0.0286585 
v -0.367094 1.11755 0.0255251 
v -0.398782 1.05331 0.0237774 
v -0.406829 1.05986 0.0289573 
v -0.391293 1.07547 0.0268797 
v -0.419678 1.01956 0.0250588 
v -0.426662 1.02521 0.0312583 
v -0.413031 1.03809 0.0275521 
v -0.456917 1.04443 -0.0162366 
v -0.44956 1.03722 -0.0254556 
v -0.312387 1.2389 -0.0643645 
v -0.323593 1.25107 -0.0577091 
v -0.306396 1.26299 -0.0657701 
v -0.349411 1.21325 -0.0501287 
v -0.338321 1.19987 -0.057091 
v -0.330771 1.22641 -0.0574393 
v -0.379667 1.16927 -0.0463686 
v -0.370277 1.15712 -0.0537296 
v -0.358993 1.18538 -0.0517974 
v -0.410711 1.12375 -0.0405421 
v -0.401906 1.11415 -0.0472406 
v -0.391354 1.14087 -0.0485027 
v -0.436783 1.08166 -0.0290886 
v -0.42832 1.07363 -0.0368863 
v -0.443641 1.05838 -0.0271063 
v -0.420443 1.09824 -0.0394962 
v -0.278134 1.2125 -0.0425117 
v -0.286042 1.21807 -0.0543724 
v -0.268486 1.23245 -0.0534011 
v -0.312324 1.17767 -0.0478003 
v -0.304684 1.17064 -0.0361225 
v -0.293897 1.19551 -0.0445589 
v -0.344469 1.13342 -0.0463443 
v -0.33447 1.12484 -0.0356448 
v -0.322608 1.15108 -0.0414204 
v -0.375737 1.09226 -0.0441132 
v -0.364485 1.08433 -0.0347369 
v -0.354598 1.10748 -0.0409926 
v -0.402635 1.05501 -0.0376488 
v -0.392145 1.04863 -0.030088 
v -0.38356 1.06933 -0.037803 
v -0.424942 1.02091 -0.0281973 
v -0.415837 1.01634 -0.0217634 
v -0.408708 1.03382 -0.0301 
v -0.35843 1.07989 -0.0222112 
v -0.356899 1.07844 -0.0078354 
v -0.343142 1.09818 -0.0151587 
v -0.38616 1.04491 -0.0190294 
v -0.384148 1.04325 -0.00650077 
v -0.370938 1.06085 -0.0144398 
v -0.410995 1.01373 -0.0125357 
v -0.409272 1.01248 -0.00236403 
v -0.397598 1.02727 -0.0103259 
v -0.359864 1.08039 0.0060922 
v -0.366581 1.08531 0.0169743 
v -0.349907 1.103 0.0120547 
v -0.386088 1.04426 0.00563822 
v -0.391457 1.04782 0.0159248 
v -0.375698 1.06364 0.011513 
v -0.410304 1.01278 0.0076517 
v -0.41396 1.01512 0.0167929 
v -0.400316 1.02845 0.0115148 
v -0.461687 1.02759 -0.0174423 
v -0.466115 1.03208 -0.0071678 
v -0.466651 1.03539 0.00434236 
v -0.465032 1.03605 0.0160164 
v -0.461049 1.03347 0.0265197 
v -0.454557 1.02844 0.0337552 
v -0.446502 1.02215 0.0364846 
v -0.438637 1.01592 0.0348759 
v -0.431703 1.01 0.0299895 
v -0.42551 1.00549 0.0225805 
v -0.421396 1.00233 0.0142898 
v -0.419192 1.00114 0.00530271 
v -0.41921 1.00158 -0.00411196 
v -0.422025 1.00297 -0.0130346 
v -0.427995 1.00575 -0.0207388 
v -0.440616 1.00927 -0.0246822 
v -0.45322 1.01869 -0.024159 
v -0.466272 1.01009 -0.0179408 
v -0.45495 1.0042 -0.0222436 
v -0.180367 0.190167 -0.0126874 
v -0.202571 0.194178 -0.0251188 
v -0.210623 0.197455 -0.0509362 
v -0.201982 0.198417 -0.0783759 
v -0.179724 0.196049 -0.0965302 
v -0.16479 0.194466 -0.0976552 
v -0.140127 0.190238 -0.0840151 
v -0.134784 0.188134 -0.0705941 
v -0.134909 0.186876 -0.0554217 
v -0.146851 0.186838 -0.0276796 
v -0.15725 0.188062 -0.01796 
v -0.334561 1.2726 -0.0233816 
v -0.333318 1.27055 -0.00861259 
v -0.348089 1.25451 -0.0133522 
v -0.30909 1.3047 -0.0128473 
v -0.312366 1.30473 -0.0288026 
v -0.322219 1.28906 -0.01879 
v -0.293342 1.33514 -0.0326253 
v -0.287318 1.33695 -0.0150774 
v -0.300761 1.32082 -0.0228116 
v -0.271151 1.36651 -0.01325 
v -0.278493 1.36259 -0.0336981 
v -0.28245 1.35111 -0.0244038 
v -0.269352 1.38423 -0.0323095 
v -0.260204 1.38869 -0.00886105 
v -0.270606 1.37629 -0.0221565 
v -0.333463 1.26952 -0.0359484 
v -0.330354 1.26178 -0.047131 
v -0.345594 1.24914 -0.0386925 
v -0.312155 1.30153 -0.0429622 
v -0.308236 1.29522 -0.055076 
v -0.320839 1.28256 -0.0453774 
v -0.293816 1.33236 -0.0485294 
v -0.288304 1.32848 -0.0621617 
v -0.301223 1.31481 -0.0526755 
v -0.277752 1.35989 -0.0522797 
v -0.269178 1.35899 -0.0685656 
v -0.282594 1.34566 -0.058314 
v -0.266828 1.38236 -0.054491 
v -0.254135 1.38386 -0.074081 
v -0.267357 1.37166 -0.0628821 
v -0.282768 1.21725 0.00996354 
v -0.277155 1.21118 -0.00260954 
v -0.293965 1.19288 0.00688151 
v -0.247454 1.24954 -0.0118882 
v -0.252356 1.25684 0.00322252 
v -0.264842 1.23385 0.000121937 
v -0.221594 1.29739 -0.00556677 
v -0.216272 1.28819 -0.0225728 
v -0.23386 1.27223 -0.00928984 
v -0.193349 1.32856 -0.0346634 
v -0.196441 1.33937 -0.0150305 
v -0.205078 1.31327 -0.0194456 
v -0.182608 1.36529 -0.0249868 
v -0.182648 1.35282 -0.0455216 
v -0.187143 1.35023 -0.031345 
v -0.274648 1.2092 -0.0297944 
v -0.274507 1.20838 -0.0163159 
v -0.287357 1.18747 -0.0188543 
v -0.246197 1.2446 -0.0394922 
v -0.245429 1.24545 -0.0262177 
v -0.260289 1.22707 -0.0278535 
v -0.216291 1.28205 -0.0505702 
v -0.214442 1.28341 -0.0374347 
v -0.229796 1.26275 -0.0382669 
v -0.195242 1.32278 -0.0655421 
v -0.192869 1.32323 -0.0515777 
v -0.2025 1.30271 -0.0510074 
v -0.186547 1.34931 -0.0826069 
v -0.185042 1.34644 -0.0655143 
v -0.188511 1.3384 -0.06754 
v -0.191879 1.38246 0.020604 
v -0.186172 1.37578 -0.000427987 
v -0.195338 1.37107 0.0127078 
v -0.212069 1.3903 0.0243018 
v -0.24003 1.39105 0.011756 
v -0.233913 1.38044 0.016894 
v -0.216034 1.38288 -0.0992634 
v -0.235548 1.38502 -0.0897879 
v -0.235918 1.37017 -0.0913644 
v -0.187152 1.35621 -0.0928921 
v -0.190877 1.36466 -0.0984149 
v -0.196492 1.34731 -0.0885162 
v -0.249116 1.42901 -0.0304275 
v -0.24018 1.42888 -0.00439999 
v -0.204757 1.48332 -0.0368213 
v -0.203594 1.48086 -0.0128313 
v -0.1647 1.49839 -0.0501691 
v -0.165133 1.49891 -0.0331569 
v -0.152444 1.5 -0.061733 
v -0.138571 1.5048 -0.0657336 
v -0.155449 1.49598 -0.0682272 
v -0.141449 1.49247 -0.0855208 
v -0.19339 1.48085 -0.0609154 
v -0.175023 1.47381 -0.0835535 
v -0.244486 1.42823 -0.0562323 
v -0.228392 1.42686 -0.0782129 
v -0.145293 1.50464 -0.046707 
v -0.15618 1.50169 -0.0467736 
v -0.14709 1.50339 -0.0576193 
v -0.131059 1.49986 -0.0827923 
v -0.141577 1.50168 -0.0703518 
v -0.14239 1.49767 -0.0770881 
v -0.172517 1.4662 0.0179678 
v -0.19029 1.47558 0.00600496 
v -0.141169 1.49021 -0.00933892 
v -0.155718 1.49639 -0.0196321 
v -0.117719 1.51148 -0.0474031 
v -0.118258 1.50597 -0.0339661 
v -0.134803 1.50515 -0.0389154 
v -0.137733 1.49909 -0.02497 
v -0.119626 1.51275 -0.0572341 
v -0.132895 1.50816 -0.0502277 
v -0.0946182 1.4963 -0.104446 
v -0.115418 1.49793 -0.0946695 
v -0.100635 1.48401 -0.112622 
v -0.123547 1.4879 -0.100846 
v -0.108766 1.49137 -0.104135 
v -0.121714 1.45829 -0.118949 
v -0.150884 1.46648 -0.10332 
v -0.181431 1.42111 -0.108805 
v -0.205671 1.42544 -0.0957665 
v -0.198049 1.42327 0.0293295 
v -0.220986 1.4271 0.0161698 
v -0.121017 1.50286 -0.0853819 
v -0.103407 1.50256 -0.0949699 
v -0.111628 1.50697 -0.0852035 
v -0.12705 1.50872 -0.0688045 
v -0.122879 1.5114 -0.0642724 
v -0.119415 1.50892 -0.0763121 
v -0.105659 1.51743 -0.0674215 
v -0.101962 1.5123 -0.0829321 
v -0.112635 1.51302 -0.0728789 
v -0.0918689 1.51899 -0.0788705 
v -0.0807811 1.50266 -0.102226 
v -0.0914069 1.50868 -0.0929809 
v -0.0791876 1.51614 -0.0893622 
v -0.0134414 1.50982 -0.104625 
v -0.0276547 1.50125 -0.108519 
v -0.0135689 1.52889 -0.0941115 
v -0.0267217 1.53716 -0.0865084 
v -0.0278654 1.51946 -0.0976738 
v -0.0551753 1.50279 -0.106315 
v -0.0673559 1.51031 -0.098394 
v -0.0414198 1.51089 -0.101894 
v -0.0539024 1.53421 -0.0803797 
v -0.067162 1.52474 -0.0847535 
v -0.0412422 1.52773 -0.0894907 
v -0.0543673 1.51871 -0.0938755 
v -0.134293 1.50737 -0.0629145 
v -0.140603 1.50606 -0.0558233 
v -0.132016 1.50884 -0.0581154 
v -0.131275 1.50596 -0.071534 
v -0.132933 1.5031 -0.0759482 
v -0.125378 1.50554 -0.0779016 
v -0.0997187 1.52054 -0.059242 
v -0.0962796 1.51982 -0.0470409 
v -0.0781675 1.53285 -0.0559523 
v -0.0679451 1.53614 -0.0686335 
v -0.0814756 1.52643 -0.0733156 
v -0.123651 1.33384 0.0797742 
v -0.148381 1.37277 0.0603098 
v -0.158653 1.39318 0.0508103 
v -0.149605 1.39117 0.0561456 
v -0.0929355 1.40146 0.0679602 
v -0.0790243 1.42307 0.056017 
v -0.11846 1.42296 0.0506007 
v -0.106417 1.43991 0.0413265 
v -0.13065 1.43697 0.0387077 
v -0.119678 1.45108 0.0300052 
v -0.118923 1.43754 0.0405826 
v -0.132073 1.46364 0.0181716 
v -0.143225 1.45174 0.0274861 
v -0.131574 1.45086 0.0285592 
v -0.144052 1.47797 0.00614232 
v -0.158126 1.46623 0.0181649 
v -0.144466 1.46515 0.017707 
v -0.175154 1.47783 0.00830076 
v -0.158869 1.4888 -0.0049871 
v -0.159592 1.47841 0.00778959 
v -0.172067 1.49438 -0.0181502 
v -0.190444 1.48483 -0.00643132 
v -0.175376 1.48733 -0.00382716 
v -0.197118 1.48807 -0.0275243 
v -0.176832 1.49603 -0.0361495 
v -0.186047 1.49175 -0.020963 
v -0.170209 1.49436 -0.0563785 
v -0.190438 1.48758 -0.0510774 
v -0.185207 1.49231 -0.0424566 
v -0.156502 1.49085 -0.0764677 
v -0.174868 1.48249 -0.0739645 
v -0.173312 1.48936 -0.0646026 
v -0.139176 1.48562 -0.0946307 
v -0.154673 1.47573 -0.094696 
v -0.156321 1.484 -0.0855754 
v -0.117431 1.48024 -0.109476 
v -0.129512 1.46872 -0.111585 
v -0.135358 1.47771 -0.103468 
v -0.0910466 1.47551 -0.119556 
v -0.100053 1.46126 -0.123548 
v -0.109547 1.47148 -0.117101 
v -0.0619134 1.47057 -0.123203 
v -0.0676455 1.45429 -0.12858 
v -0.0801676 1.46541 -0.124925 
v -0.0155988 1.45457 -0.122794 
v -0.0308064 1.46552 -0.121985 
v -0.0336076 1.44842 -0.126541 
v -0.0486219 1.45966 -0.125647 
v -0.0404849 1.47947 0.0242908 
v -0.0677271 1.48799 0.00961111 
v -0.0813205 1.49191 -0.000339778 
v -0.0815675 1.48326 0.0107294 
v -0.0656061 1.4431 0.0445338 
v -0.0526705 1.46247 0.0349161 
v -0.0939771 1.45678 0.0309261 
v -0.0813714 1.47363 0.0212118 
v -0.107859 1.46459 0.0205016 
v -0.0952469 1.47875 0.0110955 
v -0.0948091 1.46861 0.0211409 
v -0.168685 1.4117 0.0418487 
v -0.159204 1.40968 0.0458305 
v -0.184303 1.42616 0.0333162 
v -0.171929 1.42621 0.0365919 
v -0.20543 1.43362 0.0229339 
v -0.190768 1.43802 0.0273807 
v -0.226303 1.43739 0.00672366 
v -0.211547 1.44418 0.0148828 
v -0.240277 1.43968 -0.0172334 
v -0.229006 1.44815 -0.00517638 
v -0.241698 1.4401 -0.0438992 
v -0.236071 1.45036 -0.0312173 
v -0.230087 1.4381 -0.0682406 
v -0.2297 1.44965 -0.0569951 
v -0.209433 1.43488 -0.0884619 
v -0.212272 1.44539 -0.0795089 
v -0.183596 1.43007 -0.105102 
v -0.187744 1.44005 -0.0987232 
v -0.158406 1.41951 -0.117587 
v -0.157593 1.43095 -0.115348 
v -0.108937 1.41704 -0.132593 
v -0.0201226 1.40714 -0.131773 
v -0.0633691 1.41131 -0.137965 
v -0.168228 1.35794 -0.109005 
v -0.166556 1.37434 -0.1136 
v -0.178969 1.36608 -0.103828 
v -0.131632 1.37034 -0.128833 
v -0.151451 1.36342 -0.119977 
v -0.0948384 1.34093 -0.13531 
v -0.0898374 1.36519 -0.139261 
v -0.113597 1.3558 -0.133511 
v -0.0220945 1.35135 -0.134587 
v -0.0462586 1.34148 -0.137264 
v -0.0443622 1.36248 -0.13911 
v -0.0690177 1.3526 -0.139772 
v -0.177166 1.36709 -0.00239068 
v -0.180333 1.3757 0.0197165 
v -0.183514 1.37919 0.0101543 
v -0.168989 1.34115 -0.00209522 
v -0.16888 1.35229 0.0185835 
v -0.173789 1.3598 0.00851285 
v -0.162544 1.31365 0.00293791 
v -0.15777 1.32694 0.0231536 
v -0.163508 1.33326 0.0102656 
v -0.143635 1.28106 0.0399343 
v -0.153963 1.27169 0.0160654 
v -0.176441 1.35691 -0.0262107 
v -0.179809 1.34539 -0.0488709 
v -0.179367 1.35876 -0.03747 
v -0.176859 1.32024 -0.04834 
v -0.172671 1.32996 -0.024471 
v -0.176483 1.33897 -0.0369692 
v -0.171564 1.29337 -0.0437858 
v -0.168817 1.30147 -0.0201317 
v -0.173147 1.31034 -0.0346356 
v -0.16027 1.26172 -0.00909683 
v -0.160739 1.25342 -0.0334019 
v -0.178832 1.34314 -0.0916433 
v -0.182574 1.33974 -0.0713475 
v -0.18441 1.34728 -0.0796646 
v -0.167924 1.31833 -0.090575 
v -0.176331 1.31645 -0.070815 
v -0.177989 1.32995 -0.0821145 
v -0.157699 1.29184 -0.0863295 
v -0.168015 1.29022 -0.0659546 
v -0.16831 1.30366 -0.0787941 
v -0.143335 1.24913 -0.0776891 
v -0.154882 1.24892 -0.0560229 
v -0.142622 1.185 0.0319022 
v -0.131465 1.18846 0.052751 
v -0.130254 1.13255 0.0577151 
v -0.142826 1.13046 0.037545 
v -0.147473 1.17441 -0.0125803 
v -0.148074 1.17999 0.00932739 
v -0.15101 1.12683 0.0141052 
v -0.153034 1.12087 -0.00942103 
v -0.128799 1.16815 -0.0553542 
v -0.141057 1.17023 -0.0340191 
v -0.148332 1.11487 -0.0319299 
v -0.136263 1.11074 -0.0540666 
v -0.088849 1.32172 0.0969255 
v -0.135376 1.23637 0.0484303 
v -0.147315 1.2322 0.0252141 
v -0.15341 1.22621 0.000227687 
v -0.152948 1.21946 -0.0237229 
v -0.146496 1.21447 -0.0458117 
v -0.134459 1.21292 -0.0672871 
v -0.115471 1.21543 -0.0877307 
v -0.0883468 1.22241 -0.104723 
v -0.154925 1.34232 -0.113678 
v -0.122731 1.33117 -0.126031 
v -0.136336 1.34838 -0.124733 
v -0.152415 1.31949 -0.106753 
v -0.13737 1.31162 -0.113305 
v -0.142122 1.32765 -0.116619 
v -0.0184532 1.29366 -0.125356 
v -0.0589135 1.2815 -0.125515 
v -0.0180433 1.24363 -0.110514 
v -0.0535041 1.23362 -0.113681 
v -0.0171971 1.18574 -0.0946092 
v -0.0505714 1.17744 -0.0994174 
v -0.0214605 1.10521 -0.0912444 
v -0.0568408 1.1046 -0.0921822 
v -0.124432 1.25463 -0.0982275 
v -0.0962399 1.26606 -0.115041 
v -0.169495 0.957292 0.036715 
v -0.18006 0.952817 0.00556589 
v -0.180709 0.927181 0.0226587 
v -0.160012 1.00438 0.0312226 
v -0.170817 0.999596 0.00323783 
v -0.171007 0.981301 0.0202693 
v -0.153819 1.06646 0.0208657 
v -0.158465 1.06095 -0.00560937 
v -0.18093 0.942955 -0.0297422 
v -0.172768 0.929543 -0.0666833 
v -0.182056 0.910121 -0.0486717 
v -0.173606 0.990304 -0.0299748 
v -0.165582 0.977459 -0.0661535 
v -0.174329 0.961684 -0.0477189 
v -0.156455 1.05336 -0.0328921 
v -0.146415 1.04592 -0.061822 
v -0.128993 1.06499 0.0648555 
v -0.143549 1.06721 0.0451963 
v -0.121298 0.985514 0.0717405 
v -0.14333 1.00184 0.0536036 
v -0.125244 0.934785 0.0778956 
v -0.15032 0.952713 0.060614 
v -0.134733 0.972241 0.0663746 
v -0.132926 0.879781 0.0844287 
v -0.159162 0.894294 0.0658455 
v -0.142227 0.917593 0.0731322 
v -0.0186903 1.14999 -0.0887617 
v -0.0342373 1.16586 -0.0948133 
v -0.0373583 1.12731 -0.0910716 
v -0.0688006 1.15904 -0.0936071 
v -0.0714646 1.12494 -0.0892362 
v -0.0531099 1.14528 -0.0928645 
v -0.0988555 1.15537 -0.0817646 
v -0.101543 1.1245 -0.079564 
v -0.0860384 1.14155 -0.0860672 
v -0.124751 1.12572 -0.0630262 
v -0.120799 1.15485 -0.06372 
v -0.112117 1.14058 -0.0719678 
v -0.135956 1.15634 -0.0428998 
v -0.140371 1.12833 -0.0422655 
v -0.130777 1.14172 -0.052628 
v -0.148631 1.13235 -0.020382 
v -0.144896 1.15951 -0.0213298 
v -0.142677 1.14433 -0.0312481 
v -0.147906 1.16459 9.15474e-05 
v -0.150267 1.13802 0.0017464 
v -0.14807 1.14875 -0.00974628 
v -0.145917 1.14312 0.0245958 
v -0.145288 1.17004 0.0219576 
v -0.14743 1.15437 0.0121128 
v -0.137023 1.17392 0.0434305 
v -0.136548 1.14649 0.0460865 
v -0.141493 1.15885 0.034091 
v -0.123118 1.14867 0.0649538 
v -0.123796 1.17666 0.0628441 
v -0.130575 1.16191 0.0543805 
v -0.0852589 1.14861 0.0983579 
v -0.0867308 1.17886 0.0976035 
v -0.0623061 1.17816 0.113547 
v -0.0612976 1.14687 0.114627 
v -0.0745713 1.16362 0.106352 
v -0.0150175 1.16192 0.127039 
v -0.0313373 1.14499 0.125741 
v -0.0324241 1.17778 0.12384 
v -0.0475727 1.16231 0.12073 
v -0.0754733 1.08436 -0.093144 
v -0.104626 1.08789 -0.0835843 
v -0.111027 1.05178 -0.0942027 
v -0.0932471 1.06699 -0.0948868 
v -0.12904 1.09162 -0.0661874 
v -0.134009 1.05786 -0.0722587 
v -0.119889 1.07196 -0.0792182 
v -0.145482 1.09601 -0.0440654 
v -0.149573 1.06397 -0.0463508 
v -0.140302 1.07676 -0.0572648 
v -0.153782 1.10247 -0.0207951 
v -0.156605 1.07155 -0.0201129 
v -0.15218 1.0829 -0.0327638 
v -0.155162 1.11003 0.00278087 
v -0.156627 1.07965 0.00556104 
v -0.15658 1.09129 -0.00853222 
v -0.149396 1.11433 0.0279225 
v -0.150286 1.08314 0.0317554 
v -0.154367 1.09771 0.0168889 
v -0.137684 1.11606 0.0503684 
v -0.137896 1.08315 0.0544284 
v -0.144955 1.09961 0.0419352 
v -0.122531 1.11706 0.0685313 
v -0.121901 1.08178 0.0723038 
v -0.130636 1.0998 0.0621326 
v -0.0840879 1.07652 0.101934 
v -0.0842006 1.1147 0.100174 
v -0.0610941 1.1118 0.116033 
v -0.0614539 1.07291 0.116731 
v -0.0733872 1.09448 0.109292 
v -0.0157903 1.08782 0.126521 
v -0.0317291 1.10821 0.126341 
v -0.0324995 1.06917 0.126001 
v -0.0478383 1.09077 0.123091 
v -0.0250544 1.01467 -0.134849 
v -0.0407841 0.905663 -0.157191 
v -0.0589527 0.860414 -0.144754 
v -0.069176 0.892227 -0.156349 
v -0.0247258 1.06047 -0.107407 
v -0.0424929 1.08229 -0.0974166 
v -0.0626741 1.06247 -0.103966 
v -0.0457811 1.03996 -0.118665 
v -0.168547 0.812435 -0.088491 
v -0.144105 0.801012 -0.105045 
v -0.158526 0.781902 -0.0933256 
v -0.164321 0.863016 -0.0970456 
v -0.155103 0.831105 -0.103541 
v -0.141768 0.927556 -0.120646 
v -0.157051 0.912653 -0.102542 
v -0.149579 0.879279 -0.11497 
v -0.102266 1.03041 -0.112622 
v -0.0818472 1.04541 -0.110023 
v -0.0669436 1.022 -0.128387 
v -0.122515 0.942619 -0.136474 
v -0.0837415 0.925818 -0.156939 
v -0.0966138 0.877593 -0.14863 
v -0.132029 0.894339 -0.132436 
v -0.10994 0.909715 -0.147399 
v -0.126754 0.818574 -0.117211 
v -0.138865 0.847623 -0.119681 
v -0.119656 0.862944 -0.135415 
v -0.096391 0.807564 -0.118455 
v -0.075941 0.821899 -0.123269 
v -0.0847878 0.848091 -0.138969 
v -0.107121 0.834238 -0.129101 
v -0.0872736 0.780392 -0.10989 
v -0.0602188 0.770148 -0.100284 
v -0.0683761 0.796877 -0.109223 
v -0.0787873 0.752306 -0.104506 
v -0.168399 0.831957 0.066543 
v -0.140761 0.820035 0.0871281 
v -0.151362 0.858149 0.0779833 
v -0.0130837 1.00863 0.119461 
v -0.0298913 1.02901 0.120775 
v -0.0252488 0.990816 0.114629 
v -0.0511524 0.994384 0.108258 
v -0.0580604 1.03286 0.112525 
v -0.0416418 1.01151 0.11441 
v -0.0743271 0.995977 0.0989147 
v -0.0812716 1.03656 0.100253 
v -0.0670248 1.01517 0.105039 
v -0.112357 1.00154 0.0767353 
v -0.118405 1.04456 0.0734101 
v -0.134765 1.04993 0.0567243 
v -0.132535 1.01593 0.0605325 
v -0.124868 1.02884 0.067062 
v -0.149659 1.0224 0.0401135 
v -0.148442 1.05218 0.0355483 
v -0.141439 1.0364 0.0485645 
v -0.162047 1.02062 0.0156314 
v -0.157534 1.04998 0.0101617 
v -0.154364 1.03737 0.0258494 
v -0.168946 1.0139 -0.0140684 
v -0.160993 1.04359 -0.0174576 
v -0.162747 1.03312 -0.000882775 
v -0.166722 1.00399 -0.0479809 
v -0.156846 1.03555 -0.0479051 
v -0.164436 1.02537 -0.0314046 
v -0.154086 0.990688 -0.0839113 
v -0.143644 1.02662 -0.0796134 
v -0.156731 1.01545 -0.0651863 
v -0.121951 1.0164 -0.108874 
v -0.132633 0.974724 -0.118944 
v -0.139576 1.00314 -0.0989681 
v -0.0903273 1.00534 -0.132644 
v -0.0996795 0.958748 -0.146929 
v -0.112818 0.989579 -0.129308 
v -0.0288854 0.95817 -0.155104 
v -0.0483205 0.993559 -0.144979 
v -0.0557758 0.941963 -0.159111 
v -0.0741106 0.975711 -0.14982 
v -0.146702 0.760289 0.0835059 
v -0.174264 0.770429 0.0630586 
v -0.158956 0.796499 0.0773234 
v -0.148283 0.70308 0.0753202 
v -0.175369 0.712221 0.0562507 
v -0.162857 0.73672 0.0716769 
v -0.145247 0.652159 0.0648932 
v -0.171975 0.659627 0.0479127 
v -0.161495 0.681404 0.0630161 
v -0.177116 0.569386 0.00308264 
v -0.182489 0.570875 -0.0168275 
v -0.178359 0.516513 -0.0111814 
v -0.184127 0.517231 -0.0273826 
v -0.179609 0.544841 -0.0130245 
v -0.190853 0.455559 -0.01931 
v -0.195989 0.457207 -0.0362503 
v -0.186046 0.487202 -0.0246182 
v -0.210798 0.397065 -0.040175 
v -0.203994 0.393925 -0.0216568 
v -0.201638 0.425845 -0.0293998 
v -0.20923 0.333131 -0.0244173 
v -0.21626 0.337064 -0.0424185 
v -0.211898 0.365424 -0.0320962 
v -0.171265 0.514372 -0.076012 
v -0.158665 0.511414 -0.0878897 
v -0.161503 0.539444 -0.0785418 
v -0.17089 0.485774 -0.0886662 
v -0.127013 0.505723 -0.09624 
v -0.108661 0.502151 -0.0904992 
v -0.114086 0.529474 -0.0916119 
v -0.121158 0.477108 -0.0988566 
v -0.183611 0.571258 -0.0368087 
v -0.178346 0.569711 -0.0557114 
v -0.186621 0.517478 -0.0444948 
v -0.18196 0.516743 -0.0615519 
v -0.183097 0.544796 -0.0491673 
v -0.197209 0.458606 -0.0541932 
v -0.193636 0.459627 -0.0719771 
v -0.189433 0.488608 -0.0583683 
v -0.212146 0.399368 -0.0596613 
v -0.207971 0.400737 -0.0792076 
v -0.203874 0.429753 -0.0670611 
v -0.217888 0.339765 -0.0604434 
v -0.214445 0.340985 -0.078806 
v -0.215026 0.37048 -0.0702285 
v -0.0780209 0.5425 0.0134898 
v -0.0958581 0.560103 0.0406937 
v -0.0916776 0.495428 -0.000869099 
v -0.0912377 0.520421 0.0165286 
v -0.110291 0.43902 -0.00859961 
v -0.133381 0.430758 0.00365922 
v -0.10701 0.473309 0.00472654 
v -0.123968 0.378219 -0.0135989 
v -0.140584 0.378247 -0.00323517 
v -0.127212 0.407824 -0.00521074 
v -0.143815 0.290179 -0.0138203 
v -0.131957 0.318369 -0.0166411 
v -0.148197 0.320255 -0.00735579 
v -0.136455 0.348961 -0.00996003 
v -0.0569141 0.539487 -0.0366457 
v -0.0637561 0.539026 -0.0115366 
v -0.0700518 0.492514 -0.0410786 
v -0.0773757 0.492289 -0.0201788 
v -0.0643689 0.516689 -0.0274595 
v -0.0887975 0.437346 -0.0447714 
v -0.0967457 0.436922 -0.0253132 
v -0.0822896 0.465404 -0.0325659 
v -0.108279 0.377114 -0.0275083 
v -0.0969294 0.377132 -0.0471927 
v -0.0980839 0.407132 -0.0357872 
v -0.103777 0.31713 -0.0482338 
v -0.115692 0.316993 -0.0290509 
v -0.10465 0.346586 -0.0369954 
v -0.174869 0.383925 0.00219011 
v -0.191548 0.389725 -0.006166 
v -0.179201 0.417094 -3.43016e-05 
v -0.180538 0.32525 -0.00169713 
v -0.19662 0.328912 -0.0094072 
v -0.186581 0.357001 -0.00225066 
v -0.14108 0.574622 0.0458275 
v -0.16542 0.567932 0.0242355 
v -0.162236 0.539635 0.0232644 
v -0.0950279 1.49557 -0.0115339 
v -0.0949514 1.48726 0.00014317 
v -0.120382 1.47302 0.00954748 
v -0.108296 1.47453 0.0106038 
v -0.108101 1.48306 0.000840031 
v -0.110856 1.49585 -0.017052 
v -0.107363 1.49025 -0.00896433 
v -0.124856 1.48453 -0.00373582 
v -0.118541 1.48112 0.000960204 
v -0.116882 1.48778 -0.00752364 
v -0.154532 0.263171 -0.0121259 
v -0.169128 0.265074 -0.00726066 
v -0.159274 0.292083 -0.00632184 
v -0.172144 0.212017 -0.0117947 
v -0.159697 0.210686 -0.0154146 
v -0.163854 0.237205 -0.0115542 
v -0.16859 0.188771 -0.0130197 
v -0.183708 0.267618 -0.00812783 
v -0.197731 0.270596 -0.0146671 
v -0.190184 0.297519 -0.00759973 
v -0.184844 0.213888 -0.0128755 
v -0.197174 0.216086 -0.0185713 
v -0.190961 0.241571 -0.0133485 
v -0.192178 0.192062 -0.0166989 
v -0.215302 0.277612 -0.0428728 
v -0.209001 0.274059 -0.0270864 
v -0.213533 0.305205 -0.0342404 
v -0.207138 0.21854 -0.0291022 
v -0.212498 0.220914 -0.0428736 
v -0.211633 0.247346 -0.0352773 
v -0.209055 0.196424 -0.0371711 
v -0.212753 0.222525 -0.0571765 
v -0.209192 0.223228 -0.0712988 
v -0.20792 0.19791 -0.0649581 
v -0.216692 0.280156 -0.058602 
v -0.213857 0.281286 -0.0743268 
v -0.216896 0.310581 -0.068052 
v -0.213983 0.251514 -0.0649272 
v -0.117037 0.260888 -0.049752 
v -0.125881 0.260431 -0.0328923 
v -0.114485 0.287974 -0.039109 
v -0.1303 0.208932 -0.050361 
v -0.136815 0.208682 -0.0358655 
v -0.12677 0.234064 -0.0423567 
v -0.139033 0.186456 -0.0407995 
v -0.201995 0.222996 -0.0851185 
v -0.190315 0.221925 -0.0960265 
v -0.199169 0.251095 -0.093891 
v -0.192718 0.197966 -0.0896846 
v -0.157946 0.218232 -0.100014 
v -0.143298 0.21546 -0.0932528 
v -0.147371 0.244198 -0.101406 
v -0.150854 0.192627 -0.093376 
v -0.119484 0.524732 0.0390374 
v -0.108859 0.554945 0.0449335 
v -0.117573 0.504098 0.0315889 
v -0.10453 0.500529 0.0187811 
v -0.139996 0.446705 0.010923 
v -0.131518 0.485172 0.0269008 
v -0.156191 0.449651 0.0112885 
v -0.148072 0.488175 0.0263709 
v -0.144856 0.4655 0.0188066 
v -0.150628 0.510761 0.031346 
v -0.16272 0.51358 0.0217493 
v -0.137007 0.528615 0.0396497 
v -0.129801 0.561361 0.0470112 
v -0.122682 0.544673 0.044462 
v -0.0969723 0.536641 0.0318545 
v -0.107148 0.536504 0.0388036 
v -0.106076 0.518451 0.0305486 
v -0.120811 0.461297 0.0105604 
v -0.116492 0.4862 0.0214387 
v -0.128679 0.468171 0.0179713 
v -0.166627 0.470038 0.0112654 
v -0.158313 0.47352 0.0176764 
v -0.160442 0.494731 0.0212985 
v -0.150408 0.551814 0.0370768 
v -0.152623 0.529456 0.0327635 
v -0.141151 0.545516 0.0413702 
v -0.157453 0.633149 0.0531334 
v -0.154502 0.591419 0.0421744 
v -0.179388 0.63783 0.0311759 
v -0.174118 0.591894 0.0210747 
v -0.167476 0.613338 0.0385174 
v -0.188601 0.641173 0.00319137 
v -0.182797 0.593897 -0.00239113 
v -0.182806 0.616011 0.0139105 
v -0.187833 0.643086 -0.0226569 
v -0.184039 0.595501 -0.0245803 
v -0.186204 0.618469 -0.0116009 
v -0.183129 0.643131 -0.0456468 
v -0.181447 0.595275 -0.0456017 
v -0.184089 0.619504 -0.0346703 
v -0.174506 0.641105 -0.0658266 
v -0.172977 0.593019 -0.0635031 
v -0.178503 0.618427 -0.0554754 
v -0.160871 0.63735 -0.0816251 
v -0.159673 0.589652 -0.0774065 
v -0.167422 0.615524 -0.0723343 
v -0.143404 0.632271 -0.0927962 
v -0.144277 0.585877 -0.0881088 
v -0.152346 0.611584 -0.0852242 
v -0.123186 0.62624 -0.0979579 
v -0.126579 0.581372 -0.0930709 
v -0.134641 0.60674 -0.0935316 
v -0.101534 0.619921 -0.09568 
v -0.107213 0.576441 -0.0913032 
v -0.114839 0.601193 -0.0948939 
v -0.0795389 0.613389 -0.0868111 
v -0.0859219 0.571216 -0.0843849 
v -0.0937653 0.595542 -0.0899921 
v -0.0602968 0.606836 -0.0694229 
v -0.066021 0.566041 -0.069785 
v -0.0724211 0.589578 -0.0786567 
v -0.0495996 0.601849 -0.0434503 
v -0.0550037 0.561696 -0.0470439 
v -0.0565249 0.584144 -0.0582 
v -0.0496329 0.59902 -0.0127739 
v -0.0554342 0.559314 -0.0201879 
v -0.0509708 0.580215 -0.0310308 
v -0.0597665 0.600069 0.017832 
v -0.0658588 0.560715 0.00739076 
v -0.0565083 0.579163 -0.00156755 
v -0.0776284 0.606081 0.0433601 
v -0.0821794 0.568354 0.0332785 
v -0.0703377 0.582991 0.0264434 
v -0.101297 0.615844 0.059264 
v -0.102948 0.581607 0.0504683 
v -0.0899134 0.592168 0.047855 
v -0.129149 0.62588 0.0626413 
v -0.128415 0.590229 0.0534385 
v -0.142346 0.609955 0.0543914 
v -0.114738 0.602736 0.0577659 
v -0.464887 0.998941 -0.0191059 
v -0.00645461 1.5005 0.0213022 
v -0.0200966 1.50504 0.0205416 
v -0.0104089 1.51291 0.0238491 
v -0.0031403 1.47859 0.0234605 
v -0.00515331 1.4881 0.0208601 
v -0.0114354 1.33574 0.0864795 
v -0.0263388 1.32534 0.0924517 
v -0.0180493 1.26965 -0.118688 
v -0.0372831 1.27695 -0.123776 
v -0.0359056 1.25215 -0.117021 
v -0.0762622 1.26246 -0.118955 
v -0.0729339 1.23969 -0.113465 
v -0.0556423 1.25815 -0.119907 
v -0.104534 1.22916 -0.0995559 
v -0.108669 1.2495 -0.104824 
v -0.0914431 1.24479 -0.110038 
v -0.132177 1.24174 -0.0859735 
v -0.127704 1.22325 -0.0807066 
v -0.119161 1.23519 -0.0933052 
v -0.147347 1.23976 -0.0645467 
v -0.14297 1.2225 -0.0594771 
v -0.13829 1.23119 -0.0729086 
v -0.156232 1.24248 -0.0426415 
v -0.152096 1.2258 -0.0377235 
v -0.150229 1.23224 -0.0512425 
v -0.159452 1.24946 -0.0193427 
v -0.15571 1.23249 -0.0146843 
v -0.156587 1.23753 -0.0289459 
v -0.156108 1.25819 0.00565008 
v -0.152804 1.23971 0.0102055 
v -0.15685 1.24538 -0.00481707 
v -0.147132 1.26669 0.0310174 
v -0.143577 1.24561 0.0351295 
v -0.150535 1.25307 0.02061 
v -0.132798 1.2705 0.054299 
v -0.129039 1.24866 0.0573301 
v -0.138592 1.25865 0.0450359 
v -0.0880363 1.24945 0.0908913 
v -0.090409 1.26517 0.0885513 
v -0.0156123 1.26252 0.104783 
v -0.0306264 1.27073 0.101963 
v -0.0314317 1.2534 0.107565 
v -0.0138632 1.29749 0.0938494 
v -0.0300205 1.28717 0.0976088 
v -0.0285095 1.30555 0.0949415 
v -0.0914234 1.29994 0.0931543 
v -0.0915708 1.28073 0.0890278 
v -0.132817 1.29616 0.0604982 
v -0.129048 1.31385 0.0718128 
v -0.156302 1.34083 0.0400823 
v -0.154167 1.35624 0.0532885 
v -0.169222 1.36483 0.0355569 
v -0.165831 1.37866 0.0464444 
v -0.161962 1.36004 0.0444174 
v -0.180554 1.38597 0.0341402 
v -0.176022 1.39854 0.0405567 
v -0.173633 1.38247 0.0398854 
v -0.0188061 1.42212 -0.129331 
v -0.0369647 1.43211 -0.130587 
v -0.0401795 1.41687 -0.134119 
v -0.0751344 1.43823 -0.132697 
v -0.0829824 1.42219 -0.1357 
v -0.0589134 1.42727 -0.134559 
v -0.111885 1.44663 -0.125496 
v -0.126435 1.43133 -0.125413 
v -0.0994173 1.43424 -0.131137 
v -0.144906 1.45627 -0.11139 
v -0.163182 1.44276 -0.109287 
v -0.136984 1.44449 -0.118774 
v -0.172921 1.46409 -0.0927644 
v -0.191608 1.4504 -0.0905398 
v -0.168738 1.45385 -0.101433 
v -0.194931 1.47153 -0.0710936 
v -0.21363 1.45667 -0.0692772 
v -0.194313 1.461 -0.0811443 
v -0.209799 1.47668 -0.0473714 
v -0.226794 1.46021 -0.0451103 
v -0.212671 1.46765 -0.0584057 
v -0.213992 1.47546 -0.0222533 
v -0.227891 1.45868 -0.0189864 
v -0.221455 1.46889 -0.033397 
v -0.204591 1.47141 0.000453422 
v -0.215944 1.45507 0.00455185 
v -0.217378 1.46562 -0.00811046 
v -0.187172 1.46465 0.0159208 
v -0.196886 1.44949 0.0203198 
v -0.201803 1.46079 0.0115361 
v -0.168585 1.45336 0.0258756 
v -0.177057 1.43971 0.0305688 
v -0.182548 1.45257 0.023824 
v -0.1526 1.43848 0.034713 
v -0.16087 1.42487 0.0395802 
v -0.164297 1.4394 0.032885 
v -0.140745 1.42242 0.0454931 
v -0.150069 1.40797 0.0498895 
v -0.150682 1.42353 0.0424523 
v -0.129961 1.40641 0.0574321 
v -0.140081 1.38969 0.0611175 
v -0.140445 1.40663 0.0538983 
v -0.105789 1.37864 0.0771962 
v -0.115833 1.35591 0.0815233 
v -0.0698085 1.36676 0.0868116 
v -0.0802986 1.34405 0.0945269 
v -0.0662536 1.45558 0.0369837 
v -0.0805629 1.46195 0.0303198 
v -0.0793727 1.43636 0.0474835 
v -0.09331 1.44396 0.0406348 
v -0.0798363 1.44923 0.0389268 
v -0.0928851 1.41663 0.0590386 
v -0.106006 1.42593 0.0511742 
v -0.0929308 1.43056 0.0499673 
v -0.106217 1.39556 0.0691444 
v -0.118413 1.40781 0.0598182 
v -0.106027 1.41131 0.0604391 
v -0.129682 1.3896 0.0653458 
v -0.117702 1.37386 0.0755931 
v -0.118405 1.3915 0.0682105 
v -0.126821 1.35221 0.0766417 
v -0.138973 1.37122 0.0665713 
v -0.128746 1.37132 0.0719044 
v -0.133506 1.33191 0.0711747 
v -0.145856 1.35328 0.0618988 
v -0.136802 1.35149 0.0698471 
v -0.137874 1.31401 0.0602605 
v -0.149643 1.33656 0.0508534 
v -0.142192 1.33325 0.0613413 
v -0.142927 1.29857 0.0453841 
v -0.151932 1.32168 0.0356249 
v -0.145537 1.31702 0.0479318 
v -0.156669 1.3082 0.0173236 
v -0.15157 1.28672 0.024997 
v -0.150484 1.30338 0.0313484 
v -0.159365 1.27519 0.00105362 
v -0.163479 1.29496 -0.0051289 
v -0.157743 1.29062 0.0100879 
v -0.168155 1.28461 -0.0290914 
v -0.163322 1.26524 -0.0236217 
v -0.164108 1.27875 -0.0140163 
v -0.161049 1.25899 -0.0472203 
v -0.167198 1.2791 -0.0522777 
v -0.165586 1.27074 -0.0380535 
v -0.159543 1.27844 -0.0738035 
v -0.152681 1.25753 -0.0692006 
v -0.160636 1.26729 -0.0607354 
v -0.138137 1.26101 -0.090378 
v -0.145519 1.28209 -0.0941309 
v -0.149625 1.26877 -0.0820035 
v -0.124185 1.29138 -0.112725 
v -0.11502 1.26993 -0.109397 
v -0.131549 1.2751 -0.102195 
v -0.0817164 1.28469 -0.123783 
v -0.0907417 1.30763 -0.12811 
v -0.103939 1.2876 -0.119415 
v -0.020172 1.31377 -0.129935 
v -0.0444873 1.32023 -0.133532 
v -0.0400529 1.29954 -0.129177 
v -0.0646094 1.30376 -0.130295 
v -0.0517101 1.4506 0.0417119 
v -0.0648059 1.4304 0.0522874 
v -0.0505127 1.43848 0.0485317 
v -0.0786149 1.40887 0.0646179 
v -0.0635715 1.4172 0.0601048 
v -0.0925402 1.38547 0.076394 
v -0.0750975 1.37969 0.0806741 
v -0.0776471 1.39405 0.0730887 
v -0.104045 1.36198 0.0839561 
v -0.0865725 1.35628 0.0897744 
v -0.0906615 1.37004 0.0837336 
v -0.0960146 1.33376 0.0941488 
v -0.112891 1.33925 0.0861721 
v -0.100775 1.34701 0.0895101 
v -0.119331 1.31748 0.0820753 
v -0.101882 1.31156 0.0919777 
v -0.108659 1.32472 0.089882 
v -0.103372 1.29093 0.0855358 
v -0.122936 1.29822 0.0729679 
v -0.112851 1.30349 0.0836909 
v -0.124502 1.27919 0.0653834 
v -0.103398 1.27305 0.0816616 
v -0.114381 1.2843 0.0760292 
v -0.122049 1.25897 0.0655226 
v -0.101379 1.25719 0.0824118 
v -0.113733 1.26653 0.0735511 
v -0.0987882 1.23933 0.0851005 
v -0.118907 1.2385 0.0682693 
v -0.110661 1.2487 0.0757206 
v -0.116022 1.19104 0.0712382 
v -0.0975842 1.19252 0.0885728 
v -0.0620952 1.23051 0.107036 
v -0.0749103 1.24085 0.0990464 
v -0.0470857 1.24251 0.108652 
v -0.0757965 1.25897 0.0954269 
v -0.0462951 1.26175 0.103162 
v -0.0611601 1.25179 0.102104 
v -0.0465106 1.27723 0.0992993 
v -0.0776047 1.27352 0.0936887 
v -0.0619989 1.26803 0.0983397 
v -0.0456904 1.29402 0.0977274 
v -0.0778313 1.29017 0.0948884 
v -0.0626324 1.28297 0.097054 
v -0.0436959 1.31369 0.0972914 
v -0.0771031 1.31075 0.0979012 
v -0.0616532 1.3015 0.0980552 
v -0.0717661 1.33279 0.0974654 
v -0.0399887 1.3345 0.0943462 
v -0.0592428 1.32268 0.0982883 
v -0.0756104 1.2183 0.102798 
v -0.0873491 1.20587 0.0962933 
v -0.0871526 1.22951 0.0939619 
v -0.108368 1.22837 0.0781116 
v -0.107424 1.20475 0.0794229 
v -0.0978689 1.21767 0.0872254 
v -0.124712 1.2026 0.0617566 
v -0.126419 1.22649 0.0600236 
v -0.117063 1.216 0.0701836 
v -0.138504 1.19953 0.0418949 
v -0.140679 1.22322 0.0390613 
v -0.132976 1.21332 0.0513211 
v -0.147279 1.19512 0.0191635 
v -0.149828 1.21841 0.0152051 
v -0.144769 1.20944 0.0292835 
v -0.149647 1.18932 -0.00401969 
v -0.152475 1.21226 -0.00932076 
v -0.150575 1.20402 0.00527372 
v -0.146059 1.18401 -0.0261084 
v -0.148887 1.20654 -0.0320788 
v -0.149952 1.1981 -0.0180546 
v -0.136726 1.18098 -0.047468 
v -0.139668 1.20332 -0.053597 
v -0.143525 1.19371 -0.0398593 
v -0.121175 1.1801 -0.0685512 
v -0.124264 1.20323 -0.074785 
v -0.131253 1.1919 -0.0611761 
v -0.0987252 1.18194 -0.0877585 
v -0.101401 1.20676 -0.0941207 
v -0.112295 1.1928 -0.0818286 
v -0.0679438 1.18759 -0.10074 
v -0.0701989 1.21483 -0.107588 
v -0.0853185 1.19743 -0.0987897 
v -0.0175291 1.216 -0.102186 
v -0.0346819 1.22579 -0.10959 
v -0.0333691 1.19699 -0.101843 
v -0.0513073 1.2064 -0.106752 
v -0.0207156 1.39038 -0.13369 
v -0.0428024 1.38278 -0.138818 
v -0.0420627 1.40089 -0.137021 
v -0.0879128 1.38619 -0.139745 
v -0.087227 1.40489 -0.138159 
v -0.0649928 1.394 -0.140392 
v -0.13148 1.39089 -0.128953 
v -0.133597 1.41009 -0.126889 
v -0.110303 1.39809 -0.134806 
v -0.195025 1.39154 -0.106077 
v -0.173234 1.41195 -0.113471 
v -0.171162 1.39125 -0.114024 
v -0.153664 1.4023 -0.120798 
v -0.21666 1.39689 -0.0983812 
v -0.201282 1.41628 -0.101529 
v -0.195932 1.40591 -0.105779 
v -0.225085 1.41682 -0.0866825 
v -0.23829 1.39611 -0.0847118 
v -0.220678 1.40755 -0.0936704 
v -0.25611 1.39381 -0.065976 
v -0.244446 1.41632 -0.0674052 
v -0.241998 1.40581 -0.0769708 
v -0.265218 1.39328 -0.0437731 
v -0.254774 1.41664 -0.0436214 
v -0.256877 1.40436 -0.0557155 
v -0.261914 1.39656 -0.019201 
v -0.251995 1.41816 -0.0174694 
v -0.260528 1.40567 -0.0310435 
v -0.236642 1.41875 0.00633527 
v -0.24636 1.39977 0.0039653 
v -0.250764 1.40838 -0.00583918 
v -0.221192 1.40026 0.0216254 
v -0.213474 1.41739 0.0235571 
v -0.230121 1.40946 0.0150849 
v -0.195159 1.39731 0.0310174 
v -0.190672 1.41206 0.0339818 
v -0.184833 1.39966 0.03619 
v -0.204305 1.4077 0.0289598 
v -0.115405 1.16375 0.072657 
v -0.0966346 1.16433 0.0896715 
v -0.106866 1.17843 0.0805922 
v -0.1144 1.13369 0.074961 
v -0.0951671 1.13295 0.0909489 
v -0.105765 1.14879 0.0822518 
v -0.11358 1.09944 0.0786386 
v -0.0943744 1.09754 0.0937552 
v -0.104614 1.11672 0.0845551 
v -0.111965 1.06179 0.0805431 
v -0.0933841 1.05838 0.0944473 
v -0.103777 1.07969 0.0874012 
v -0.0884979 1.01755 0.0935832 
v -0.107035 1.02089 0.0814176 
v -0.100678 1.04005 0.0872792 
v -0.0956669 0.971082 0.0863023 
v -0.0789055 0.97377 0.0945127 
v -0.0937651 0.996375 0.088526 
v -0.0750642 0.917903 0.096195 
v -0.0641973 0.927437 0.0994175 
v -0.0794255 0.947868 0.0935242 
v -0.0519037 0.869362 0.100873 
v -0.0460559 0.885397 0.105158 
v -0.0599016 0.899452 0.101471 
v -0.0139704 0.834504 0.093527 
v -0.0259568 0.831831 0.0860306 
v -0.0243544 0.855935 0.104904 
v -0.0376819 0.857989 0.101818 
v -0.00942652 1.35546 0.0807145 
v -0.0230232 1.34533 0.0873479 
v -0.00653344 1.37695 0.0731946 
v -0.0178817 1.36623 0.0794417 
v -0.0073345 1.40723 0.0624105 
v -0.00397771 1.39626 0.066062 
v -0.0123017 1.38789 0.0704282 
v -0.0619439 1.35513 0.0913813 
v -0.0520856 1.34424 0.0940157 
v -0.0334645 1.35547 0.0871555 
v -0.0514871 1.37791 0.0808782 
v -0.0257608 1.37739 0.0771964 
v -0.0430147 1.3664 0.0849748 
v -0.0181957 1.39926 0.0668857 
v -0.0335535 1.38905 0.0735506 
v -0.0106377 1.42069 0.0569058 
v -0.0243488 1.41137 0.0622967 
v -0.00792301 1.45046 0.0414913 
v -0.00546688 1.44005 0.0470403 
v -0.0161674 1.43254 0.0515261 
v -0.0578122 1.39032 0.0750576 
v -0.0615566 1.40363 0.0678514 
v -0.0403309 1.40113 0.0684056 
v -0.048527 1.42611 0.0554951 
v -0.0299079 1.42331 0.0568769 
v -0.0452695 1.41357 0.0622227 
v -0.0362081 1.44701 0.0447319 
v -0.0197284 1.44386 0.0459552 
v -0.0337843 1.43518 0.0508682 
v -0.00902578 1.46258 0.0343247 
v -0.012461 1.47279 0.0283389 
v -0.0221757 1.45518 0.0400837 
v -0.0285943 1.48591 0.022336 
v -0.017299 1.49321 0.0209648 
v -0.0150504 1.4827 0.023688 
v -0.0393342 1.46929 0.0320629 
v -0.0379201 1.45845 0.0386361 
v -0.0245483 1.46598 0.0342387 
v -0.0266474 1.47598 0.0281953 
v -0.0539769 1.48376 0.0178615 
v -0.0534354 1.47359 0.0270325 
v -0.0675481 1.47858 0.0199225 
v -0.067001 1.46777 0.0291855 
v 0.000548 1.29621 -0.123345 
v 0.00018594 1.27926 0.0982771 
v 0.000489908 1.37705 0.0724363 
v 0.000967077 1.31684 0.0881404 
v -0.00347901 1.01363 -0.135802 
v 0.00272064 1.47886 0.0226069 
v 0.00124868 1.47063 -0.11815 
v 0.00135811 1.48935 -0.11307 
v 0.00100319 1.43633 -0.125221 
v 0.00119559 1.33328 -0.130696 
v 0.00260968 1.12607 0.128172 
v -0.0056497 0.821205 -0.0471761 
v -0.0044622 0.811271 0.0513039 
v 0.0031942 1.49574 0.020301 
v -0.00157344 1.18798 -0.0918119 
v 0.000541932 1.19349 0.124234 
v -0.000487759 1.22004 0.118488 
v 0.0017965 0.930034 0.112047 
v -0.00303226 1.10572 -0.0898889 
v 0.000730349 1.41623 0.0585591 
v 0.00115082 1.37027 -0.131991 
v 0.00123613 1.04713 0.126782 
v 0.00255802 0.970433 0.114226 
v -0.00145435 0.859695 0.109849 
v -0.000868424 1.24392 0.111278 
v -0.00401507 0.876405 -0.132597 
v -0.00612082 0.811337 0.00332158 
v -0.000170534 0.891696 0.113825 
v 0.00458319 1.72258 0.091653 
v 0.00468263 1.73388 0.0878668 
v 0.00466156 1.74649 0.0828829 
v 0.00427966 1.76122 0.0738917 
v 0.00384431 1.77632 0.0585664 
v 0.00182138 1.77325 -0.0877888 
v 0.00173347 1.6843 -0.108248 
v 0.00171323 1.70223 -0.110665 
v 0.0017563 1.71995 -0.110023 
v 0.00179829 1.73886 -0.105925 
v 0.00178855 1.75917 -0.0969065 
v 0.00335573 1.78835 0.0373074 
v 0.00306137 1.79575 0.0117771 
v 0.00281641 1.79855 -0.0169903 
v 0.00247984 1.7957 -0.046384 
v 0.00205204 1.78432 -0.07269 
v 0.00168204 1.66199 -0.101168 
v 0.00464792 1.62083 0.102824 
v 0.00460253 1.61263 0.100962 
v 0.00463508 1.61668 0.101623 
v 0.00446017 1.60473 0.100053 
v 0.0045029 1.63012 0.104109 
v 0.00459506 1.62487 0.103586 
v 0.00458293 1.60857 0.101067 
v 0.0041637 1.59107 0.0965339 
v 0.00435096 1.60111 0.098323 
v 0.00424147 1.59689 0.0969826 
v 0.00419061 1.58072 0.0950899 
v 0.00411842 1.57041 0.0908442 
v 0.00380376 1.56432 0.0788067 
v 0.00347328 1.56027 0.0621874 
v 0.00413849 1.68837 0.0948173 
v 0.00448368 1.71055 0.0945588 
v 0.00426778 1.69599 0.0945683 
v 0.00419871 1.6752 0.102909 
v 0.00410838 1.68371 0.0967263 
v 0.00433919 1.70264 0.0954397 
v 0.00425394 1.67083 0.106576 
v 0.00456508 1.65035 0.118369 
v 0.00426701 1.66787 0.109406 
v 0.00446137 1.6581 0.115971 
v 0.00433256 1.66367 0.111755 
v 0.00451899 1.6535 0.117915 
v 0.00452696 1.6471 0.115323 
v 0.00414536 1.67949 0.0995682 
v 0.00163109 1.63952 -0.0918255 
v 0.0012704 1.62298 -0.0835591 
v 0.00109022 1.60502 -0.0783961 
v 0.00115041 1.58516 -0.0775643 
v 0.00334469 1.55389 0.0476789 
v 0.00354695 1.53941 0.0375142 
v 0.0035576 1.52042 0.0278771 
v 0.00118657 1.5719 -0.078023 
v 0.00117823 1.54774 -0.0855002 
v 0.00128317 1.50942 -0.105568 
v 0.00116519 1.5292 -0.0955707 
v 0.000744611 1.33573 0.0843039 
v 0.000518174 1.39705 0.0655458 
v 0.00111639 1.45327 -0.122002 
v 0.00196303 1.45823 0.0365386 
v 0.00124874 1.44055 0.0465807 
v 0.000964613 1.40604 -0.129493 
v 0.00123442 1.35092 -0.131924 
v -0.00158157 1.24588 -0.10805 
v -0.00208964 1.15121 -0.0861948 
v 0.00212285 1.16254 0.127882 
v 0.00141129 1.08723 0.12609 
v -0.00378933 1.06033 -0.107105 
v 0.00196204 1.00836 0.120511 
v -0.00317433 0.939359 -0.154732 
v -0.000568662 1.2723 -0.116588 
v -0.000422865 1.26258 0.104462 
v 0.00075169 1.29784 0.0923578 
v 0.000955806 1.42094 -0.127608 
v 0.000516634 1.35527 0.0792056 
v 0.00108765 1.31556 -0.127821 
v -0.00179619 1.2183 -0.0994009 
v 0.00101444 1.3896 -0.131018 
v -0.00273468 0.831225 0.0924886 
v -0.00433349 0.841887 -0.0940713 
v -0.00721849 0.815387 -0.0404265 
v -0.0070513 0.833538 -0.0866552 
v -0.00749878 0.860914 -0.12394 
v -0.0829829 1.68214 -0.0170245 
v -0.0841951 1.68154 -0.0177429 
v -0.074961 1.62975 -0.0105957 
v -0.0765947 1.63154 -0.0101945 
v -0.0736151 1.65054 -0.0023325 
v -0.0728409 1.64884 -0.00444412 
v -0.0769416 1.66993 -0.00658139 
v -0.078125 1.67101 -0.00857586 
v -0.0748544 1.66057 -0.00549863 
v -0.0758935 1.66245 -0.0075902 
v -0.0719734 1.63469 0.00151259 
v -0.0723805 1.63824 -0.00102134 
v -0.0730779 1.62755 -0.00382729 
v -0.0743004 1.63093 -0.00444496 
v -0.0843644 1.65803 -0.0290245 
v -0.0850886 1.65743 -0.027379 
v -0.078091 1.63638 -0.0184831 
v -0.0794875 1.63737 -0.0173652 
v -0.0815523 1.646 -0.0250433 
v -0.0825568 1.6462 -0.0235309 
v -0.0856438 1.67056 -0.0288618 
v -0.0864939 1.66936 -0.0277741 
v -0.0851226 1.67978 -0.024339 
v -0.0862247 1.67848 -0.024217 
v -0.0735584 1.65302 -0.00704842 
v -0.07481 1.6552 -0.0096757 
v -0.0730341 1.64379 0.000109472 
v -0.072809 1.64447 -0.00226875 
v -0.0736817 1.65026 -0.0104887 
v -0.0741832 1.65136 -0.0134126 
v -0.0768129 1.66591 -0.0131231 
v -0.0764464 1.66274 -0.0149416 
v -0.0755139 1.64006 -0.0103748 
v -0.0738307 1.63876 -0.00754509 
v -0.0797038 1.65434 -0.020272 
v -0.0790245 1.64859 -0.0187434 
v -0.0776439 1.64384 -0.0149021 
v -0.0790846 1.66068 -0.0182408 
v -0.0735664 1.64939 -0.0146896 
v -0.0735378 1.6487 -0.0128753 
v -0.081873 1.67936 -0.0120489 
v -0.0799125 1.67799 -0.0103525 
v -0.0705566 1.6405 -0.00315686 
v -0.0706215 1.64546 -0.00387609 
v -0.0685139 1.6413 -0.00621144 
v -0.0696561 1.64539 -0.00927054 
v -0.0725917 1.6335 -0.00331674 
v -0.0715398 1.63755 -0.00537245 
v -0.0708378 1.64876 -0.00848537 
v -0.0703077 1.64834 -0.00525611 
v -0.0719427 1.6474 -0.0113036 
v -0.0726186 1.64693 -0.0132934 
v -0.072259 1.64193 -0.00951546 
v -0.0748882 1.64573 -0.0144946 
v -0.0745047 1.65185 -0.0159273 
v -0.076728 1.65017 -0.018017 
v -0.0753027 1.65848 -0.0153984 
v -0.0744401 1.65521 -0.0132764 
v -0.0770679 1.65532 -0.0187802 
v -0.0782166 1.65285 -0.0197066 
v -0.0746859 1.66065 -0.0110283 
v -0.0751001 1.66284 -0.0127675 
v -0.0765241 1.66741 -0.0109584 
v -0.075768 1.66423 -0.00860253 
v -0.0676676 1.64327 -0.00415531 
v -0.0683025 1.64655 -0.00495272 
v -0.0667875 1.64437 -0.00648204 
v -0.0675799 1.64676 -0.00730358 
v -0.0746733 1.63529 -0.00614734 
v -0.0772709 1.63769 -0.0100651 
v -0.0792435 1.64175 -0.0152203 
v -0.0808551 1.64809 -0.0196292 
v -0.082318 1.65782 -0.0217583 
v -0.0838149 1.66587 -0.0232538 
v -0.0837148 1.67319 -0.0216365 
v -0.082243 1.67635 -0.0182956 
v -0.0778394 1.66979 -0.0130101 
v -0.0831398 1.67884 -0.0178464 
v -0.0849404 1.67578 -0.0227055 
v -0.0852223 1.66746 -0.0252477 
v -0.0840652 1.65713 -0.0247371 
v -0.082034 1.6473 -0.0214586 
v -0.0797009 1.63956 -0.0161363 
v -0.0774957 1.63471 -0.0100485 
v -0.0762283 1.63351 -0.00685052 
v -0.080483 1.67596 -0.0124978 
v -0.0794975 1.67436 -0.0139015 
v -0.0808283 1.67227 -0.0159767 
v -0.0814685 1.66792 -0.0179438 
v -0.0817314 1.66356 -0.019422 
v -0.0825992 1.67437 -0.0187478 
v -0.0828012 1.6707 -0.019862 
v -0.0830013 1.66536 -0.021043 
v -0.0790208 1.6679 -0.0145376 
v -0.0800169 1.66513 -0.0164398 
v -0.0785042 1.66591 -0.0144328 
v -0.0784308 1.66393 -0.0151274 
v -0.0809109 1.67821 -0.022155 
v -0.0791056 1.67979 -0.0149283 
v -0.0710191 1.62785 -0.00308187 
v -0.0720204 1.62986 -0.0104022 
v -0.076943 1.67644 -0.00848551 
v -0.0745902 1.66916 -0.00363734 
v -0.0728071 1.6597 -0.000651728 
v -0.072332 1.65154 0.000921846 
v -0.0714003 1.6431 0.00359607 
v -0.0699922 1.6329 0.0023384 
v -0.0779647 1.64641 -0.0248373 
v -0.0804003 1.65834 -0.0283345 
v -0.074761 1.63659 -0.0186263 
v -0.081505 1.67018 -0.0273053 
v -0.0764795 1.67459 -0.0205417 
v -0.0758471 1.67687 -0.0140308 
v -0.0677252 1.62874 -0.000579215 
v -0.0681745 1.63085 -0.0112894 
v -0.0745975 1.67659 -0.00794055 
v -0.0724617 1.66839 0.00260782 
v -0.0710502 1.65463 0.00599996 
v -0.0696206 1.64072 0.00710418 
v -0.0727451 1.64633 -0.0227911 
v -0.0749043 1.65706 -0.0256173 
v -0.0703194 1.63729 -0.0175995 
v -0.0762231 1.66742 -0.0249321 
v -0.072795 1.65482 -0.00161182 
v -0.0736783 1.65541 -0.00382437 
v -0.0735459 1.65192 -0.00481102 
v -0.0719223 1.65044 -0.00617644 
v -0.0686315 1.64825 -0.00627512 
v -0.0663775 1.64556 -0.00556481 
v -0.0665166 1.64287 -0.0049997 
v -0.0676048 1.64069 -0.00399006 
v -0.0713304 1.63636 -0.00281486 
v -0.0723808 1.63291 -0.0010933 
v -0.0724335 1.62904 -0.00033009 
v -0.0714503 1.62884 0.000511801 
v -0.0693278 1.63891 -0.00399989 
v -0.0647413 1.62565 -0.00901008 
v -0.0644587 1.62799 -0.018661 
v -0.0664979 1.63823 -0.0261781 
v -0.0695937 1.65229 -0.0300475 
v -0.0725365 1.66418 -0.030948 
v -0.0744066 1.67308 -0.0276964 
v -0.0755119 1.67796 -0.0207031 
v -0.074899 1.6757 -0.0169236 
v -0.0744884 1.67192 -0.0219913 
v -0.0733047 1.66445 -0.0249515 
v -0.0711804 1.65439 -0.0248255 
v -0.0686789 1.64384 -0.0218524 
v -0.0667263 1.63571 -0.0165086 
v -0.0661396 1.63233 -0.013016 
v -0.165492 0.117561 -0.0908839 
v -0.186413 0.133273 -0.0820658 
v -0.159136 0.124842 -0.0118487 
v -0.147329 0.124444 -0.0409088 
v -0.201429 0.127863 -0.0210571 
v -0.206196 0.131042 -0.049929 
v -0.152236 0.124015 -0.0817228 
v -0.194121 0.127596 -0.0740579 
v -0.147788 0.119621 -0.0670929 
v -0.183273 0.126294 -0.00534672 
v -0.481988 0.963892 0.0482503 
v -0.470106 0.968123 0.0472201 
v -0.493686 0.971448 0.0355625 
v -0.498749 0.969135 0.0243928 
v -0.498554 0.96979 0.0089946 
v -0.495207 0.96302 -0.00521292 
v -0.48626 0.953392 -0.0121439 
v -0.474388 0.956285 -0.0126811 
v -0.466296 0.950734 0.0444632 
v -0.459479 0.984593 0.0418349 
v -0.476427 0.995535 0.0356121 
v -0.487748 0.99337 0.00569102 
v -0.477481 0.980115 -0.0146987 
v -0.472348 0.982096 0.0435348 
v -0.455737 0.952806 0.0188435 
v -0.446978 0.971621 0.0250854 
v -0.456268 0.972607 0.0389638 
v -0.460907 0.947261 5.29552e-05 
v -0.450645 0.967662 -0.00508879 
v -0.0237789 0.818841 0.0672693 
v -0.135223 1.25094 -0.0884093 
v -0.207179 1.38023 -0.101585 
v -0.269896 1.38253 -0.0437518 
v -0.196862 1.38856 0.0268684 
v -0.135756 1.28505 0.0532252 
v -0.0296166 1.47425 -0.119515 
v -0.0876088 1.48233 -0.116703 
v -0.160968 1.49738 -0.0592388 
v -0.133377 1.48466 -0.00299152 
v -0.0997453 1.38995 0.0732137 
v -0.126892 1.32307 0.0765778 
v -0.187381 1.41951 0.0341731 
v -0.305477 1.23296 -0.0649724 
v -0.333957 1.27187 -0.029917 
v -0.314004 1.2432 0.0210539 
v -0.106359 0.968508 0.0811384 
v -0.152509 1.00513 0.0430882 
v -0.157894 1.26656 0.00350871 
v -0.183804 1.37269 -0.0138381 
v -0.286843 1.22118 0.0155076 
v -0.17402 0.995898 -0.012851 
v -0.158698 1.25029 -0.0450046 
v -0.186783 1.35361 -0.0892585 
v -0.149855 0.392837 -0.119968 
v -0.166219 0.381195 0.00364165 
v -0.212801 0.398378 -0.0498841 
v -0.19907 0.391999 -0.0129728 
v -0.110345 1.51643 -0.057828 
v -0.105846 1.50667 -0.0298658 
v -0.0479837 1.49185 0.0129118 
v -0.0781251 1.52975 -0.0402262 
v -0.040288 1.51359 0.012849 
v -0.275878 1.21104 -0.0361149 
v -0.248939 1.42887 -0.0436863 
v -0.171132 1.34729 -0.103233 
v -0.175745 1.36305 -0.0145693 
v -0.181049 1.38089 0.0283384 
v -0.172296 1.40523 0.041898 
v -0.126296 1.46861 0.0135168 
v -0.0883739 1.50349 -0.0176378 
v -0.0737783 1.52397 -0.0255074 
v -0.0825387 1.49573 -0.107954 
v -0.0279386 1.49213 -0.113026 
v -0.0352271 1.44 -0.12876 
v -0.0460826 1.33107 -0.136093 
v -0.115979 0.377626 -0.0199637 
v -0.0938283 0.377744 -0.059107 
v -0.15853 0.969942 -0.0848139 
v -0.204271 0.400916 -0.0890788 
v -0.122867 1.13359 0.066674 
v -0.147698 1.12914 0.0261874 
v -0.151973 1.11766 -0.0206913 
v -0.127646 1.10924 -0.064549 
v -0.0229313 0.892381 -0.150643 
v -0.0313403 1.12711 0.126616 
v -0.0302895 1.27885 0.099772 
v -0.0272238 1.31554 0.0940962 
v -0.0643532 1.37835 0.0815864 
v -0.0350623 1.48747 0.0195343 
v -0.25019 1.32565 0.0215994 
v -0.29452 1.33384 -0.0410321 
v -0.255808 1.3081 -0.082416 
v -0.218097 1.28222 -0.0568114 
v -0.224819 1.30293 0.00347956 
v -0.0267255 1.5074 0.0188447 
v -0.120368 1.16781 -0.0656853 
v -0.145084 1.172 -0.0232761 
v -0.146266 1.18286 0.0206921 
v -0.124325 1.1899 0.062316 
v -0.0330202 1.19258 0.122506 
v -0.0330992 1.21918 0.117575 
v -0.062887 1.19262 0.112856 
v -0.0612573 1.13004 0.115403 
v -0.0198824 0.933164 0.110182 
v -0.0474634 0.975104 0.106416 
v -0.0628541 1.21864 0.109576 
v -0.161058 1.31934 -0.09959 
v -0.177751 1.31705 -0.0602604 
v -0.105759 1.45396 -0.125101 
v -0.20059 1.48342 -0.0490512 
v -0.163707 1.46004 0.0226591 
v -0.148094 1.44516 0.0313477 
v -0.170399 1.33555 -0.0130777 
v -0.169498 1.35835 0.0278685 
v -0.162671 1.38596 0.0495526 
v -0.135867 1.42974 0.0423878 
v -0.0722769 1.43315 0.0500965 
v -0.113986 1.45787 0.0252674 
v -0.0746945 1.49954 -0.00558837 
v -0.0650508 1.52145 -0.0111452 
v -0.13279 1.50693 -0.0673156 
v -0.161696 1.49846 -0.0255909 
v -0.198282 1.47893 -0.00213026 
v -0.231748 1.42833 0.00719176 
v -0.251663 1.39047 0.00227135 
v -0.282419 1.33695 -0.00597758 
v -0.331556 1.26764 -0.000932626 
v -0.133085 1.49029 -0.0936584 
v -0.163847 1.47018 -0.0940344 
v -0.217822 1.42642 -0.0875341 
v -0.245232 1.38493 -0.0829987 
v -0.2837 1.32588 -0.0682493 
v -0.327488 1.25679 -0.0525919 
v -0.140981 1.50504 -0.0424756 
v -0.123867 1.49905 -0.0888909 
v -0.181738 1.3416 -0.0602464 
v -0.183459 1.34904 -0.0560914 
v -0.214371 1.28493 -0.0303075 
v -0.275471 1.20964 -0.00937278 
v -0.078759 1.27354 -0.121696 
v -0.0984505 1.16888 -0.0846334 
v -0.103307 1.10674 -0.0812406 
v -0.0562865 1.49472 -0.11177 
v -0.0597878 1.47854 -0.120098 
v -0.0712625 1.4461 -0.131031 
v -0.100003 1.32331 -0.130553 
v -0.150099 1.29364 -0.0959755 
v -0.171037 1.29086 -0.0551954 
v -0.165849 1.3069 -0.00841018 
v -0.156661 1.33363 0.0320485 
v -0.151857 1.36439 0.0578996 
v -0.12436 1.41453 0.0545397 
v -0.100276 1.44833 0.0362685 
v -0.0614544 1.49592 0.00448684 
v -0.0538026 1.51882 0.00255443 
v -0.130293 1.30181 -0.113578 
v -0.291624 1.22225 -0.0595146 
v -0.239675 1.29613 -0.0796745 
v -0.194736 1.37036 -0.100319 
v -0.168111 1.38301 -0.114373 
v -0.130974 1.38083 -0.129393 
v -0.0885913 1.37596 -0.140369 
v -0.0433727 1.37279 -0.139413 
v -0.0320113 1.04882 0.125053 
v -0.0609634 1.05274 0.115818 
v -0.120889 1.06341 0.0733001 
v -0.149531 1.06739 0.0336278 
v -0.15837 1.05708 -0.0191266 
v -0.138357 1.04234 -0.0762264 
v -0.116396 1.03464 -0.101963 
v -0.0678714 1.1735 -0.0975445 
v -0.0733149 1.10503 -0.09013 
v -0.137578 0.951601 -0.121151 
v -0.172767 0.396486 -0.117149 
v -0.0793648 0.910144 0.095567 
v -0.149047 0.378405 0.00059583 
v -0.0228621 0.971829 0.112045 
v -0.0409468 0.936915 0.106017 
v -0.0229721 0.86847 0.109299 
v -0.0577576 0.931475 0.101348 
v -0.0695674 0.974929 0.098512 
v -0.0837499 1.05649 0.101706 
v -0.0846539 1.13227 0.0990393 
v -0.0874024 1.19289 0.097134 
v -0.0874492 1.24008 0.0926907 
v -0.0321265 1.2433 0.111072 
v -0.0957385 0.380372 -0.0829816 
v -0.198371 0.830752 -0.0158196 
v -0.178774 0.817802 -0.0773907 
v -0.179338 0.834443 0.0526885 
v -0.124814 0.81076 0.0931149 
v -0.092308 0.787732 0.0922076 
v -0.0353814 0.748188 0.0509903 
v -0.0140995 0.745253 -0.0284619 
v -0.0234926 0.7551 -0.0665362 
v -0.101246 0.785676 -0.111743 
v -0.130113 0.795708 -0.109641 
v -0.130904 0.752521 0.0885932 
v -0.184933 0.772924 0.0487044 
v -0.199171 0.772722 -0.0181398 
v -0.178993 0.76464 -0.0725993 
v -0.135994 0.74837 -0.101678 
v -0.109966 0.738882 -0.10664 
v -0.0344973 0.711331 -0.0686335 
v -0.0247157 0.704261 -0.0332004 
v -0.0440132 0.705698 0.0414006 
v -0.0983249 0.734119 0.0856055 
v -0.11178 0.920401 0.0852005 
v -0.16114 0.956918 0.0499561 
v -0.182043 0.948802 -0.0116528 
v -0.165995 0.921636 -0.0852449 
v -0.0429816 0.851078 -0.136291 
v -0.0140816 0.817754 -0.0739758 
v -0.00757148 0.802928 -0.0326274 
v -0.0282273 0.808002 0.063435 
v -0.0842405 0.880815 0.0961563 
v -0.0238183 0.833742 -0.107935 
v -0.0466289 0.765381 -0.0923037 
v -0.0568972 0.7201 -0.0927455 
v -0.107896 0.384673 -0.102341 
v -0.264407 1.36817 -0.00293245 
v -0.279251 1.36102 -0.043447 
v -0.262733 1.35826 -0.0759078 
v -0.231431 1.34711 -0.0921679 
v -0.216222 1.33708 -0.0899801 
v -0.196999 1.32381 -0.0713837 
v -0.192369 1.3255 -0.0433739 
v -0.198344 1.34581 -0.00413175 
v -0.220324 1.36315 0.0214958 
v -0.283104 1.28541 0.0230024 
v -0.306158 1.30338 -0.0043399 
v -0.312765 1.30368 -0.0362666 
v -0.304702 1.29102 -0.0605752 
v -0.281293 1.26932 -0.0732436 
v -0.266796 1.25778 -0.069169 
v -0.24801 1.24504 -0.0459482 
v -0.246237 1.24683 -0.0192146 
v -0.256051 1.26125 0.0105938 
v -0.24389 1.36786 0.0148861 
v -0.205061 1.35547 0.0149455 
v -0.234401 1.3145 0.01803 
v -0.267126 1.27247 0.021907 
v -0.297378 1.2963 0.0123868 
v -0.268499 1.33365 0.0121591 
v -0.411967 1.12433 0.0226874 
v -0.423938 1.13697 -0.00573644 
v -0.415024 1.128 -0.0356163 
v -0.396775 1.1087 -0.0488436 
v -0.383006 1.09725 -0.0473595 
v -0.360694 1.08147 -0.0290148 
v -0.357657 1.07876 -0.000558434 
v -0.370655 1.08811 0.0212903 
v -0.38938 1.10366 0.0300925 
v -0.33826 1.19841 0.0153606 
v -0.358279 1.22607 0.00391898 
v -0.363909 1.23659 -0.0242876 
v -0.353877 1.21986 -0.045314 
v -0.331318 1.19352 -0.0579529 
v -0.317405 1.18209 -0.0531312 
v -0.302012 1.16753 -0.0297629 
v -0.301747 1.1648 -0.00177566 
v -0.316858 1.17803 0.0159476 
v -0.365169 1.15092 0.023949 
v -0.388861 1.17644 0.0149169 
v -0.398597 1.18974 -0.0164636 
v -0.384089 1.17511 -0.0418518 
v -0.364701 1.15081 -0.0550739 
v -0.351084 1.13871 -0.0506713 
v -0.331444 1.12169 -0.0292852 
v -0.330288 1.11957 -0.000158935 
v -0.34496 1.13181 0.0191755 
v -0.363614 1.23498 -0.0100461 
v -0.396921 1.18679 0.000612753 
v -0.393384 1.18517 -0.0313956 
v -0.360753 1.23088 -0.0364352 
v -0.429293 1.07932 0.0266882 
v -0.44187 1.09028 0.00466528 
v -0.439916 1.08472 -0.0239936 
v -0.422768 1.06881 -0.0394126 
v -0.409243 1.0591 -0.0398624 
v -0.388465 1.04637 -0.025065 
v -0.384449 1.04331 -0.000295623 
v -0.39494 1.05036 0.0202169 
v -0.411058 1.06335 0.0305088 
v -0.446893 1.04133 0.0322144 
v -0.45805 1.05045 0.0139279 
v -0.459041 1.04658 -0.0106795 
v -0.444217 1.03234 -0.0284856 
v -0.431155 1.02378 -0.0297913 
v -0.413069 1.01459 -0.0174423 
v -0.409507 1.01213 0.00261829 
v -0.41666 1.01669 0.0209498 
v -0.430449 1.02808 0.0333276 
v -0.299774 1.16396 -0.0158041 
v -0.308031 1.17038 0.00942415 
v -0.336522 1.12453 0.0116819 
v -0.328654 1.11864 -0.014842 
v -0.247476 1.3543 -0.0870551 
v -0.271168 1.31826 -0.0778301 
v -0.294582 1.28085 -0.0695553 
v -0.254764 1.24905 -0.0585425 
v -0.226076 1.28637 -0.0694475 
v -0.204213 1.32848 -0.0817912 
v -0.0622706 0.816272 -0.115484 
v -0.0380677 0.805243 -0.0948882 
v -0.0173796 0.792528 -0.0672866 
v -0.00862519 0.779462 -0.0285615 
v -0.0299077 0.784754 0.0581715 
v -0.0876344 0.838182 0.0949423 
v -0.118231 0.868486 0.090875 
v -0.170153 0.897713 0.0538569 
v -0.191511 0.89137 -0.0133101 
v -0.174074 0.870426 -0.0826905 
v -0.159648 0.429721 0.00667601 
v -0.186586 0.454289 -0.0117606 
v -0.196781 0.457733 -0.0453612 
v -0.189777 0.459709 -0.0806788 
v -0.162152 0.454707 -0.105269 
v -0.143223 0.451809 -0.108729 
v -0.105904 0.444938 -0.0939532 
v -0.092717 0.440653 -0.0767245 
v -0.0880591 0.438119 -0.0556039 
v -0.103226 0.437577 -0.0167437 
v -0.142756 0.426631 0.00556173 
v -0.14287 0.508687 0.0344827 
v -0.174701 0.516015 -0.00309316 
v -0.186079 0.517724 -0.035844 
v -0.176837 0.515767 -0.0690897 
v -0.151625 0.510074 -0.0922191 
v -0.135842 0.507329 -0.096386 
v -0.0993837 0.500342 -0.0850953 
v -0.0807396 0.496358 -0.0716741 
v -0.0700353 0.493796 -0.0518726 
v -0.0837393 0.493335 -0.0105602 
v -0.125433 0.505302 0.0348435 
v -0.132856 0.696628 0.079583 
v -0.18571 0.714906 0.0421726 
v -0.195738 0.718217 -0.020392 
v -0.17704 0.713681 -0.0692388 
v -0.140218 0.701153 -0.0989266 
v -0.116364 0.692963 -0.104848 
v -0.0668446 0.676372 -0.0915815 
v -0.0466217 0.667978 -0.0694482 
v -0.0367893 0.662321 -0.037809 
v -0.0517565 0.662299 0.0316116 
v -0.101317 0.681927 0.0758427 
v -0.130268 0.647059 0.0684734 
v -0.182262 0.662179 0.0350079 
v -0.190318 0.667595 -0.022039 
v -0.175278 0.665237 -0.0671456 
v -0.142781 0.6552 -0.0955693 
v -0.121248 0.648398 -0.101123 
v -0.0756377 0.634182 -0.0886423 
v -0.0563986 0.626764 -0.0695918 
v -0.0458995 0.621623 -0.0418462 
v -0.0569978 0.620041 0.0226805 
v -0.101159 0.635719 0.0650125 
v -0.12874 0.57552 0.0503151 
v -0.172257 0.568911 0.0137952 
v -0.183506 0.571526 -0.0265822 
v -0.172955 0.568432 -0.0634696 
v -0.145407 0.561889 -0.0875747 
v -0.128844 0.558052 -0.0925762 
v -0.0892235 0.549006 -0.0840556 
v -0.0685966 0.544489 -0.0706137 
v -0.057355 0.540822 -0.0491025 
v -0.0699905 0.540287 0.00116552 
v -0.104869 0.567677 0.0476862 
v -0.216729 0.279026 -0.0508993 
v -0.210999 0.281361 -0.0824965 
v -0.183548 0.278479 -0.108188 
v -0.163299 0.275718 -0.110977 
v -0.126598 0.268028 -0.0948406 
v -0.116687 0.264209 -0.078255 
v -0.114952 0.261524 -0.0593082 
v -0.132263 0.260524 -0.0261243 
v -0.147197 0.262091 -0.0161416 
v -0.176499 0.266077 -0.00687899 
v -0.204091 0.272099 -0.0200777 
v -0.172362 0.323648 -0.000363277 
v -0.203932 0.330962 -0.0159873 
v -0.218168 0.338638 -0.0515082 
v -0.21118 0.341052 -0.0883013 
v -0.179562 0.337104 -0.117126 
v -0.156328 0.333538 -0.120304 
v -0.113534 0.324761 -0.102107 
v -0.101782 0.320589 -0.0828651 
v -0.100141 0.31771 -0.0598415 
v -0.123508 0.317441 -0.02193 
v -0.156134 0.321193 -0.00339478 
v -0.178339 0.212987 -0.011873 
v -0.202583 0.217292 -0.0232198 
v -0.213396 0.221841 -0.0500061 
v -0.206485 0.22319 -0.0781751 
v -0.183242 0.221149 -0.0995226 
v -0.166434 0.219348 -0.101461 
v -0.137446 0.213976 -0.0880517 
v -0.129781 0.211205 -0.0740072 
v -0.128661 0.209425 -0.0582596 
v -0.141587 0.209029 -0.0295941 
v -0.153461 0.210198 -0.0191831 
v -0.185883 0.89711 0.0228129 
v -0.193528 0.834177 0.0198854 
v -0.197067 0.7739 0.0155574 
v -0.196009 0.717435 0.00979296 
v -0.191564 0.66576 0.00494519 
v -0.184635 0.667475 -0.0459531 
v -0.188811 0.717125 -0.0468804 
v -0.192701 0.769979 -0.0484692 
v -0.193231 0.825543 -0.049696 
v -0.187065 0.882482 -0.0493123 
v -0.0834268 0.729073 -0.104311 
v -0.0911711 0.684632 -0.102768 
v -0.0982757 0.641449 -0.0986181 
v -0.110353 0.553749 -0.0907691 
v -0.123314 0.448829 -0.10546 
v -0.12674 0.388996 -0.114973 
v -0.132719 0.329421 -0.114996 
v -0.159643 0.757062 -0.090224 
v -0.160725 0.708354 -0.0866657 
v -0.16113 0.661078 -0.0838547 
v -0.159602 0.565162 -0.0767561 
v -0.178003 0.457907 -0.0957319 
v -0.19135 0.399534 -0.106035 
v -0.198473 0.339842 -0.105401 
v -0.20019 0.280478 -0.097808 
v -0.143068 0.272196 -0.106182 
v -0.173651 0.452632 0.0034397 
v -0.167431 0.514351 0.0145313 
v -0.0759474 0.625808 0.0488617 
v -0.0733872 0.66948 0.0589216 
v -0.0685762 0.716779 0.0688411 
v -0.0280912 0.701933 0.0062033 
v -0.0386351 0.660197 -0.00220174 
v -0.0463411 0.619023 -0.00939211 
v -0.0181536 0.742294 0.0146721 
v -0.0119647 0.775198 0.0186525 
v -0.0102113 0.796289 0.0179093 
v -0.00910194 0.80738 0.0116982 
v -0.0616795 0.76446 0.077217 
v -0.057409 0.807109 0.0841651 
v -0.0563816 0.838772 0.0925495 
v -0.0542067 0.860785 0.0988111 
v -0.0426742 0.893271 0.106401 
v -0.0202741 0.897445 0.111329 
v -0.0634761 1.61604 0.00265423 
v -0.0617308 1.60845 -0.0106733 
v -0.06122 1.61306 -0.0279526 
v -0.0643609 1.63855 -0.0373223 
v -0.0681051 1.65509 -0.0419498 
v -0.0715679 1.66843 -0.0428192 
v -0.0744023 1.67855 -0.0342743 
v -0.0721954 1.67992 0.0105482 
v -0.0709059 1.66449 0.0150992 
v -0.0694327 1.64903 0.0169252 
v -0.0668986 1.63114 0.0131637 
v -0.0585642 1.66093 0.0590709 
v -0.0610168 1.66568 0.0541942 
v -0.0616174 1.67279 0.0522143 
v -0.062445 1.67882 0.0496316 
v -0.0583412 1.65029 0.058691 
v -0.0637111 1.65381 0.0463892 
v -0.0656763 1.66641 0.0427506 
v -0.065754 1.67602 0.0415921 
v -0.0604669 1.6325 0.0462415 
v -0.0534794 1.66501 0.0656233 
v -0.0558496 1.66805 0.0618822 
v -0.0540592 1.65905 0.0657321 
v -0.0577317 1.67129 0.0587591 
v -0.0580151 1.67469 0.0577427 
v -0.0591788 1.67822 0.0556153 
v -0.0574332 1.683 0.0574979 
v -0.0605783 1.68258 0.0526378 
v -0.0532436 1.65267 0.0671365 
v -0.0635972 1.68378 0.0456728 
v -0.0520912 1.64205 0.0660531 
v -0.0664089 1.6408 0.0291803 
v -0.068275 1.65863 0.0299188 
v -0.0690549 1.67193 0.0277484 
v -0.0676332 1.68322 0.0323952 
v -0.0566802 1.60897 0.0374576 
v -0.050513 1.61982 0.0598844 
v -0.0615377 1.61554 0.0222932 
v -0.032781 1.71828 0.0822819 
v -0.0440352 1.71588 0.0733967 
v -0.0204685 1.71916 0.0883251 
v -0.053211 1.71147 0.0625943 
v -0.059057 1.70532 0.0529329 
v -0.00808613 1.71946 0.0914124 
v -0.0332668 1.72809 0.0784133 
v -0.044538 1.72578 0.0690067 
v -0.0212041 1.7291 0.0847533 
v -0.0550238 1.72156 0.0561094 
v -0.0646736 1.71316 0.0369526 
v -0.00864287 1.72983 0.0881041 
v -0.0342913 1.73902 0.0730668 
v -0.0451814 1.73699 0.0632866 
v -0.022412 1.74036 0.0796356 
v -0.0557109 1.73357 0.0501508 
v -0.065637 1.72582 0.0319979 
v -0.00953737 1.74172 0.0834307 
v -0.0351314 1.75005 0.066494 
v -0.0446267 1.7483 0.0577443 
v -0.0241161 1.75253 0.0722844 
v -0.0540369 1.74647 0.0444287 
v -0.0643638 1.73949 0.0270086 
v -0.0108259 1.75523 0.0758136 
v -0.0375782 1.75935 0.0567681 
v -0.0427061 1.75511 0.0560057 
v -0.0268941 1.76459 0.0605219 
v -0.0477654 1.75709 0.0460261 
v -0.0575064 1.75626 0.025394 
v -0.0129385 1.76942 0.0631933 
v -0.0673437 1.70233 0.030647 
v -0.0681893 1.69239 0.0278243 
v -0.077015 1.71477 -0.0197766 
v -0.0757585 1.72777 -0.0211661 
v -0.07211 1.74287 -0.0229164 
v -0.0646975 1.75909 -0.0254089 
v -0.0772143 1.70348 -0.0182711 
v -0.0767401 1.69539 -0.0131346 
v -0.0735864 1.69351 0.00672569 
v -0.0737236 1.70418 0.00812996 
v -0.0737199 1.71548 0.00788815 
v -0.0732501 1.72809 0.00507295 
v -0.0701067 1.74282 0.00184987 
v -0.0631336 1.75875 -0.000800207 
v -0.0505537 1.7601 -0.0697348 
v -0.0523908 1.74281 -0.0802885 
v -0.0539141 1.72692 -0.0835211 
v -0.0547034 1.71183 -0.0845395 
v -0.0548781 1.69814 -0.0838808 
v -0.0556489 1.68525 -0.0810011 
v -0.0594891 1.67327 -0.0727175 
v -0.0615028 1.758 -0.0513335 
v -0.0693734 1.7425 -0.0462193 
v -0.073001 1.72721 -0.0451951 
v -0.0742793 1.71372 -0.0445429 
v -0.0746567 1.70183 -0.0432608 
v -0.0750733 1.68974 -0.0374381 
v -0.0162765 1.77285 -0.082175 
v -0.0190707 1.75083 -0.0978498 
v -0.0195645 1.73132 -0.104604 
v -0.0198106 1.71321 -0.107227 
v -0.0198239 1.6962 -0.106872 
v -0.020436 1.67947 -0.103665 
v -0.0272443 1.66434 -0.0969591 
v -0.0307656 1.7749 0.0434495 
v -0.034939 1.78223 0.0215055 
v -0.0376134 1.78597 -0.00384191 
v -0.0359276 1.78817 -0.0266191 
v -0.0154089 1.78176 0.0444371 
v -0.0177513 1.7906 0.0206712 
v -0.019117 1.79474 -0.00607461 
v -0.0194894 1.79411 -0.0346074 
v -0.0156339 1.78935 -0.0591406 
v -0.0425999 1.76631 0.0415881 
v -0.0482659 1.77102 0.0212457 
v -0.0523636 1.77367 -0.00283127 
v -0.0519041 1.77489 -0.0320408 
v -0.0536768 1.76956 -0.0530455 
v -0.0455679 1.66891 -0.0873573 
v -0.0401464 1.68181 -0.0949052 
v -0.0391403 1.69621 -0.0978854 
v -0.0389793 1.71161 -0.0984579 
v -0.0385357 1.72832 -0.0965841 
v -0.0376579 1.74622 -0.0911628 
v -0.0347332 1.7625 -0.0831051 
v -0.0695043 1.67689 -0.0543319 
v -0.0673334 1.68807 -0.0625778 
v -0.066833 1.70015 -0.0656106 
v -0.066594 1.71263 -0.0664027 
v -0.0654593 1.72682 -0.0662525 
v -0.062693 1.74171 -0.0659772 
v -0.0593086 1.75116 -0.0675662 
v -0.0379793 1.7781 -0.0571047 
v -0.0206089 1.61209 0.0891075 
v -0.0199512 1.61319 0.0896788 
v -0.0165502 1.61473 0.0922883 
v -0.011421 1.61654 0.0960029 
v -0.00577276 1.61817 0.0994375 
v -0.000325471 1.61913 0.101609 
v -0.0190743 1.61125 0.0900702 
v -0.0161329 1.61066 0.092334 
v -0.0120391 1.61087 0.0951516 
v -0.00639497 1.61097 0.09835 
v -0.000716854 1.61122 0.100411 
v -0.0171706 1.61262 0.0916076 
v -0.0116728 1.61371 0.0954171 
v -0.00598419 1.61463 0.0986666 
v -0.00044477 1.61518 0.100694 
v -0.021824 1.60909 0.0881605 
v -0.0229244 1.61184 0.0878437 
v -0.0182346 1.60687 0.0904068 
v -0.0129559 1.60511 0.0935985 
v -0.00704864 1.60409 0.0966086 
v -0.00120765 1.60373 0.0987804 
v -0.0212118 1.61513 0.0898699 
v -0.0172037 1.61897 0.0936911 
v -0.0117458 1.62279 0.0979146 
v -0.00571867 1.62563 0.101228 
v -0.00018225 1.62741 0.103022 
v -0.000309293 1.62307 0.102799 
v -0.0057664 1.6217 0.100665 
v -0.0114886 1.61957 0.0970964 
v -0.0167262 1.61665 0.0930155 
v -0.0204763 1.61401 0.0897427 
v -0.0219449 1.61192 0.0883088 
v -0.0207205 1.61027 0.0889891 
v -0.0173272 1.60897 0.0913732 
v -0.0123959 1.60804 0.0946667 
v -0.00675115 1.60743 0.0978555 
v -0.00100538 1.60737 0.100067 
v -0.029068 1.61349 0.0852561 
v -0.0277195 1.60583 0.0842644 
v -0.0234015 1.59926 0.0857927 
v -0.0173627 1.59391 0.0891536 
v -0.01036 1.59064 0.0928752 
v -0.00279458 1.58927 0.0954993 
v -0.0265763 1.62166 0.0881056 
v -0.0202763 1.62956 0.0916374 
v -0.0116292 1.63705 0.0954035 
v -0.00280933 1.63789 0.100919 
v -0.000661898 1.64059 0.103386 
v -3.28724e-05 1.63264 0.103205 
v -0.00538011 1.63006 0.100845 
v -0.0118468 1.62682 0.0978351 
v -0.0179665 1.6222 0.0938877 
v -0.0224391 1.61686 0.0899202 
v -0.0242252 1.61217 0.0873927 
v -0.0230821 1.60811 0.0872867 
v -0.019242 1.60467 0.0893011 
v -0.0136185 1.6021 0.0922893 
v -0.00738191 1.60047 0.0951926 
v -0.00135286 1.59991 0.0971651 
v -0.000351194 1.63646 0.102966 
v -0.00474897 1.63448 0.100198 
v -0.0118615 1.63124 0.0969123 
v -0.0189363 1.62573 0.0932264 
v -0.0241948 1.6192 0.0894551 
v -0.0262238 1.61282 0.0866553 
v -0.0249658 1.60705 0.0860629 
v -0.0208431 1.6022 0.0878048 
v -0.0149471 1.5985 0.0908741 
v -0.00831984 1.59615 0.0940587 
v -0.00174017 1.59549 0.096166 
v -0.0326584 1.61397 0.0827334 
v -0.0313765 1.60433 0.0813779 
v -0.0270464 1.59568 0.0826531 
v -0.0210113 1.58874 0.086041 
v -0.0137009 1.58334 0.0902695 
v -0.00647506 1.58295 0.0940629 
v -0.0297468 1.62382 0.0856907 
v -0.0233056 1.63311 0.0889509 
v -0.0180995 1.64102 0.0903889 
v -0.0370638 1.61417 0.0786592 
v -0.0357386 1.60237 0.0766373 
v -0.0311038 1.59192 0.0771243 
v -0.0247412 1.58264 0.0796285 
v -0.0190014 1.57908 0.0846056 
v -0.00720862 1.57153 0.0895977 
v -0.0338908 1.62628 0.0824066 
v -0.0272092 1.63715 0.0861663 
v -0.0199891 1.647 0.0888271 
v -0.0426966 1.61499 0.0718987 
v -0.0408083 1.59992 0.0685205 
v -0.0351427 1.58796 0.0681743 
v -0.0283746 1.578 0.0692425 
v -0.0192452 1.56952 0.0748746 
v -0.0082714 1.56535 0.0776041 
v -0.0386698 1.63034 0.0781623 
v -0.0297232 1.64314 0.0843414 
v -0.020242 1.65374 0.0885319 
v -0.0454965 1.59794 0.0559767 
v -0.0381866 1.58326 0.0536587 
v -0.0326175 1.57638 0.0581082 
v -0.0191664 1.56519 0.0590317 
v -0.00780824 1.5613 0.0612667 
v -0.0420274 1.63853 0.075871 
v -0.0308155 1.65029 0.0830478 
v -0.0188557 1.66144 0.0875692 
v -0.0221344 1.68407 0.0788105 
v -0.0293284 1.68506 0.0789059 
v -0.0183266 1.68303 0.0780311 
v -0.0322097 1.68117 0.0774985 
v -0.0247423 1.68189 0.0789136 
v -0.0195354 1.68194 0.0782854 
v -0.0380657 1.68166 0.0748954 
v -0.0416818 1.68101 0.0724653 
v -0.0404465 1.6829 0.0737917 
v -0.0363666 1.68394 0.0765032 
v -0.042002 1.67891 0.0720044 
v -0.0355395 1.70965 0.083202 
v -0.0359351 1.66316 0.0777346 
v -0.016317 1.68221 0.0776578 
v -0.0286333 1.68826 0.080072 
v -0.023429 1.68659 0.0795332 
v -0.0171915 1.68192 0.0776727 
v -0.0184935 1.68453 0.0783382 
v -0.0128753 1.68404 0.0795872 
v -0.0338799 1.69315 0.0811775 
v -0.023297 1.6929 0.0829438 
v -0.0155187 1.68847 0.0810041 
v -0.023066 1.71071 0.0894684 
v -0.0310965 1.69754 0.0838408 
v -0.0194997 1.69737 0.0872521 
v -0.00966351 1.68575 0.0831437 
v -0.0127214 1.69132 0.084779 
v -0.0017566 1.69574 0.0933215 
v -0.0330429 1.67827 0.077306 
v -0.0210474 1.67954 0.0789344 
v -0.0172794 1.68061 0.0780158 
v -0.0270356 1.6789 0.0789573 
v -0.0122095 1.67357 0.0855273 
v -0.0174799 1.67658 0.0796826 
v -0.0137968 1.67975 0.0792706 
v -0.0153948 1.67494 0.0814969 
v -0.0107533 1.67998 0.0823077 
v -0.00590552 1.68264 0.0879021 
v -0.0295151 1.67402 0.0785833 
v -0.0234486 1.67445 0.0796655 
v -0.0299871 1.67044 0.0786716 
v -0.021016 1.67272 0.0806294 
v -0.0218602 1.66944 0.0818462 
v -0.0589905 1.694 0.0545851 
v -0.0448973 1.68076 0.0699204 
v -0.0377122 1.67954 0.0748359 
v -0.0496089 1.68325 0.0662833 
v -0.0376667 1.67374 0.0749535 
v -0.0488903 1.67582 0.0667466 
v -0.0474352 1.66461 0.070899 
v -0.0411644 1.6693 0.0738062 
v -0.0519548 1.68599 0.0646948 
v -0.0495555 1.67013 0.0677489 
v -0.0396206 1.68569 0.0754577 
v -0.0428413 1.68354 0.0723181 
v -0.0344727 1.68733 0.0785461 
v -0.0520348 1.70272 0.0671587 
v -0.0452412 1.68868 0.0727855 
v -0.0480874 1.68593 0.0687745 
v -0.0460252 1.69311 0.0742577 
v -0.0496199 1.68996 0.0690079 
v -0.0561062 1.69806 0.0602114 
v -0.0408171 1.69143 0.077351 
v -0.0401677 1.69595 0.0795926 
v -0.0454136 1.70675 0.0752504 
v -0.000714899 1.67555 0.0998863 
v -0.000699233 1.68389 0.0938264 
v -0.0015712 1.69017 0.0920683 
v -0.0102696 1.71056 0.0932352 
v -0.0511219 1.69552 0.0690049 
v -0.0463615 1.69916 0.0754425 
v -0.0382865 1.70218 0.0820849 
v -0.0269072 1.70345 0.0876016 
v -0.014577 1.70317 0.0914217 
v -0.00801433 1.69545 0.0904317 
v -0.00649518 1.68887 0.0873633 
v -0.00548749 1.67277 0.0955809 
v -0.00266876 1.70168 0.0941027 
v -0.0557515 1.68034 0.0597356 
v -0.0520114 1.67737 0.063726 
v -0.053304 1.67299 0.0633674 
v -0.054764 1.69127 0.0623683 
v -0.0441807 1.67705 0.0703644 
v -0.0381269 1.67725 0.0745779 
v -0.0314788 1.67625 0.0777614 
v -0.0245635 1.67676 0.0793161 
v -0.0190483 1.67801 0.0789848 
v -0.0157797 1.68019 0.0782181 
v -0.0151389 1.68289 0.0781045 
v -0.0174897 1.68621 0.0790924 
v -0.0229546 1.68909 0.0805539 
v -0.0301935 1.69029 0.0806809 
v -0.0371273 1.68937 0.0783514 
v -0.0420056 1.68713 0.0745898 
v -0.0452155 1.68468 0.070942 
v -0.0474769 1.68231 0.0680779 
v -0.0540618 1.67921 0.0616216 
v -0.000595668 1.67147 0.103409 
v -0.00464285 1.67036 0.0991182 
v -0.0105381 1.66388 0.0939669 
v -0.00961621 1.65014 0.10543 
v -0.00555171 1.65137 0.110912 
v -0.00487296 1.66581 0.102261 
v -0.00902835 1.66117 0.0979772 
v -0.0149237 1.64795 0.0916038 
v -0.00529172 1.63991 0.0993089 
v -0.00596123 1.65912 0.106249 
v -0.010149 1.65507 0.101212 
v -0.0129715 1.64871 0.0971067 
v -0.00948824 1.64581 0.101602 
v -0.00679761 1.64628 0.105771 
v -0.0119247 1.64573 0.0979683 
v -0.0126382 1.65197 0.0966062 
v -0.0134889 1.65544 0.0928292 
v 0.000791713 1.6675 0.107896 
v -0.00123275 1.65938 0.112449 
v 0.000650606 1.65055 0.116607 
v -0.00212532 1.64467 0.108145 
v 0.000418887 1.64228 0.106648 
v -0.0095466 1.64343 0.0985371 
v -0.0120949 1.64474 0.0956416 
v -0.0134161 1.64833 0.094051 
v -0.0126129 1.65316 0.0950842 
v -0.00971871 1.65793 0.0991008 
v -0.00653918 1.6615 0.102939 
v -0.002512 1.66301 0.108183 
v -0.00110011 1.65517 0.115055 
v -0.00607237 1.65579 0.108989 
v -0.00995244 1.6527 0.104231 
v -0.0119155 1.65007 0.100937 
v -0.0100313 1.64798 0.103489 
v -0.00631287 1.64794 0.108381 
v -0.00109464 1.64663 0.112135 
v -0.0119735 1.65215 0.0993035 
v -0.0121585 1.64761 0.09959 
v -0.00452019 1.6446 0.104939 
v -0.00152956 1.64299 0.104797 
v -0.00377345 1.64151 0.10113 
v -0.00646704 1.64262 0.10021 
v -0.00123567 1.64398 0.10692 
v -0.00195632 1.6421 0.102975 
v -0.00669845 1.64142 0.0989621 
v -0.00731979 1.64392 0.101272 
v -0.00999129 1.66902 0.0912382 
v -0.0473156 1.6791 0.0676904 
v -0.0552065 1.67533 0.060889 
v -0.0564152 1.67775 0.0591814 
v -0.0494949 1.67994 0.0658811 
v -0.051779 1.68168 0.0639984 
v -0.0544781 1.68293 0.0611978 
v -0.0556707 1.68647 0.060186 
v -0.0594135 1.68787 0.0540081 
v -0.0570912 1.67977 0.0582078 
v -0.0417194 1.64755 0.0768745 
v -0.0323377 1.65656 0.0812034 
v -0.0212472 1.66525 0.0841282 
v -0.0126492 1.66878 0.0881022 
v -0.0063866 1.67601 0.0915023 
v -0.000801141 1.67956 0.0966307 
v -0.0451029 1.65285 0.0737749 
v -0.0478343 1.65854 0.0718155 
v -0.0620418 1.69824 0.0464934 
v -0.0636191 1.69083 0.043481 
v -0.0198583 1.64673 -0.0919808 
v -0.0532455 1.65714 -0.0732022 
v -0.0386317 1.65204 -0.0849082 
v -0.0642705 1.66231 -0.0582896 
v -0.0181382 1.63 -0.0838907 
v -0.0492521 1.64028 -0.0672102 
v -0.0353405 1.63493 -0.0776063 
v -0.0602966 1.64611 -0.0542116 
v -0.0170863 1.61214 -0.0773822 
v -0.046037 1.62089 -0.0607358 
v -0.0331513 1.6165 -0.0708644 
v -0.0565226 1.62669 -0.0481579 
v -0.0163842 1.592 -0.0751427 
v -0.0443905 1.59827 -0.0573713 
v -0.0321318 1.59526 -0.0681048 
v -0.0539938 1.60241 -0.0441039 
v -0.0495149 1.59361 0.0389875 
v -0.0411675 1.57813 0.0372428 
v -0.0291395 1.56721 0.0396209 
v -0.0182062 1.55977 0.0435211 
v -0.00744246 1.55536 0.0464997 
v -0.0545015 1.58793 0.0210557 
v -0.0443003 1.56873 0.021468 
v -0.0300686 1.55687 0.0262461 
v -0.018824 1.54746 0.0321574 
v -0.00774776 1.54161 0.0360882 
v -0.0593253 1.59338 0.0037087 
v -0.0539904 1.55862 0.00190627 
v -0.0345681 1.53835 0.0182966 
v -0.0209963 1.52928 0.0244569 
v -0.00846244 1.52309 0.0273793 
v -0.0592386 1.58232 -0.0125273 
v -0.0597205 1.57826 -0.0287824 
v -0.0120096 1.57088 -0.0772555 
v -0.0444828 1.57324 -0.0603436 
v -0.0305051 1.57141 -0.071077 
v -0.0550012 1.57193 -0.0455586 
v -0.0615774 1.55281 -0.0182173 
v -0.0632758 1.55209 -0.0336839 
v -0.0252672 1.54638 -0.0816936 
v -0.0596949 1.54984 -0.0564422 
v -0.052345 1.54394 -0.0720163 
v -0.060963 1.55434 -0.0433387 
v -0.420208 1.13327 0.0104734 
v -0.437068 1.08644 0.0176225 
v -0.453765 1.04734 0.0247966 
v -0.42192 1.13458 -0.0222729 
v -0.443052 1.08921 -0.0104004 
v -0.45985 1.0499 0.00145823 
v -0.484928 0.997475 0.0149386 
v -0.485637 0.990739 0.0277982 
v -0.325512 1.25655 0.0124272 
v -0.349011 1.21207 0.0117522 
v -0.377329 1.16284 0.022275 
v -0.400947 1.11359 0.0292813 
v -0.420133 1.07116 0.0308869 
v -0.438518 1.03452 0.034821 
v -0.298725 1.23048 0.0224035 
v -0.327074 1.18707 0.0176739 
v -0.354191 1.14065 0.022807 
v -0.379372 1.09538 0.0270303 
v -0.402741 1.05638 0.0267335 
v -0.423138 1.02183 0.0284757 
v -0.449845 0.978178 0.0334773 
v -0.458813 0.956317 0.03304 
v -0.454273 1.04098 -0.0211879 
v -0.318714 1.24523 -0.062132 
v -0.344307 1.20686 -0.0538315 
v -0.375338 1.1632 -0.0512313 
v -0.40683 1.11906 -0.0448904 
v -0.43326 1.07791 -0.0337066 
v -0.281311 1.21525 -0.0484666 
v -0.307404 1.17386 -0.0419971 
v -0.338717 1.12842 -0.041453 
v -0.369409 1.08748 -0.0402721 
v -0.396757 1.05132 -0.0347101 
v -0.419863 1.01812 -0.0255837 
v -0.356976 1.0785 -0.0153107 
v -0.384605 1.04374 -0.0129582 
v -0.409957 1.01266 -0.00757207 
v -0.4538 0.974169 -0.0117401 
v -0.362821 1.0823 0.012151 
v -0.388281 1.04559 0.011089 
v -0.411911 1.01335 0.0121765 
v -0.445625 0.969526 0.0175063 
v -0.457673 0.95322 0.0262853 
v -0.455341 0.952849 0.00952403 
v -0.442676 0.97209 0.00970416 
v -0.455744 0.954527 0.00339521 
v -0.445761 0.969713 0.00164504 
v -0.461701 0.954728 -0.007375 
v -0.467865 0.953712 -0.0104904 
v -0.4648 0.966805 -0.0126324 
v -0.485213 0.991142 -0.0036776 
v -0.484444 0.974478 0.042488 
v -0.472696 1.0141 -0.00965819 
v -0.477124 1.01377 0.00261438 
v -0.473064 1.02182 0.0126912 
v -0.473125 1.0151 0.0245802 
v -0.465002 1.01815 0.0325636 
v -0.460465 1.00705 0.0383498 
v -0.449707 1.00691 0.0378448 
v -0.446112 0.995682 0.0354008 
v -0.438336 0.992771 0.0280348 
v -0.432172 0.992541 0.0206621 
v -0.433348 0.985833 0.0137109 
v -0.428207 0.990322 0.0038534 
v -0.431494 0.988082 -0.00273926 
v -0.4353 0.989033 -0.0103767 
v -0.44222 0.991104 -0.0163331 
v -0.455752 0.987681 -0.0177135 
v -0.460881 1.00735 -0.0210253 
v -0.178443 0.15647 -0.0103529 
v -0.198563 0.159682 -0.0217147 
v -0.207675 0.167039 -0.043939 
v -0.198877 0.161556 -0.0725531 
v -0.181952 0.16533 -0.0901937 
v -0.168317 0.157819 -0.0932598 
v -0.147383 0.160403 -0.082495 
v -0.14222 0.159312 -0.0706872 
v -0.14056 0.158453 -0.0565029 
v -0.149004 0.158223 -0.0277105 
v -0.15795 0.15924 -0.0172587 
v -0.334224 1.27249 -0.0162887 
v -0.311231 1.30528 -0.0210088 
v -0.290995 1.33638 -0.0241309 
v -0.275795 1.36493 -0.0237036 
v -0.266499 1.38645 -0.0204497 
v -0.332132 1.26625 -0.0414625 
v -0.310807 1.29879 -0.0493007 
v -0.291965 1.33077 -0.0557562 
v -0.274413 1.35962 -0.060787 
v -0.261744 1.38304 -0.0647718 
v -0.279491 1.21433 0.004213 
v -0.249498 1.25278 -0.0042595 
v -0.218152 1.29205 -0.014293 
v -0.194334 1.33387 -0.0252571 
v -0.181795 1.3599 -0.0361129 
v -0.274198 1.20881 -0.0230332 
v -0.245555 1.24449 -0.032901 
v -0.214363 1.28194 -0.0440691 
v -0.193162 1.32272 -0.0589156 
v -0.186112 1.34791 -0.0753407 
v -0.188457 1.3807 0.0116608 
v -0.226178 1.39121 0.0197278 
v -0.225402 1.38494 -0.0958656 
v -0.188519 1.36125 -0.0959934 
v -0.246702 1.42937 -0.0169562 
v -0.206591 1.48265 -0.0243902 
v -0.166556 1.49919 -0.0413201 
v -0.144992 1.50259 -0.0639671 
v -0.148886 1.49445 -0.0771719 
v -0.185147 1.47762 -0.0725207 
v -0.237931 1.42772 -0.0680224 
v -0.14735 1.50408 -0.0518107 
v -0.136972 1.50076 -0.0767108 
v -0.181644 1.47179 0.0129882 
v -0.148902 1.494 -0.0140127 
v -0.127037 1.50502 -0.0361675 
v -0.126774 1.51065 -0.0574122 
v -0.105659 1.49699 -0.100185 
v -0.112785 1.4857 -0.107555 
v -0.136943 1.46265 -0.111993 
v -0.193352 1.42408 -0.103 
v -0.20954 1.42566 0.0237591 
v -0.119448 1.50631 -0.0813017 
v -0.102176 1.5078 -0.0893466 
v -0.120512 1.51078 -0.0706054 
v -0.102974 1.51595 -0.0757799 
v -0.0796042 1.52227 -0.0821375 
v -0.0796354 1.50959 -0.0960813 
v -0.0278132 1.51055 -0.10355 
v -0.0279052 1.52855 -0.0919928 
v -0.0546618 1.51082 -0.100369 
v -0.0544026 1.52674 -0.0872752 
v -0.0847429 1.5283 -0.0613624 
v -0.0855002 1.33273 0.0969834 
v -0.120136 1.34437 0.0817534 
v -0.144577 1.38127 0.0616224 
v -0.154518 1.40073 0.0509859 
v -0.0860119 1.41253 0.0622027 
v -0.112517 1.43129 0.0464125 
v -0.125398 1.44409 0.0346073 
v -0.13791 1.4579 0.0229652 
v -0.15176 1.47232 0.012905 
v -0.16795 1.48366 0.00279289 
v -0.182146 1.49031 -0.0112723 
v -0.187739 1.49269 -0.031308 
v -0.180414 1.49149 -0.0535706 
v -0.165183 1.48715 -0.0754742 
v -0.14645 1.48103 -0.0951895 
v -0.123071 1.4746 -0.111111 
v -0.0951756 1.46854 -0.122135 
v -0.0646202 1.46248 -0.126214 
v -0.0321405 1.45697 -0.124456 
v -0.0464425 1.47141 0.0300563 
v -0.0747325 1.48121 0.0158234 
v -0.0884004 1.48544 0.00565976 
v -0.0590776 1.45285 0.0395575 
v -0.0877785 1.4653 0.0260915 
v -0.101775 1.47152 0.0159433 
v -0.164658 1.41824 0.0411216 
v -0.18068 1.43314 0.0322354 
v -0.201296 1.44166 0.0220355 
v -0.221346 1.44644 0.00632018 
v -0.23464 1.44969 -0.0177864 
v -0.234953 1.45082 -0.0444482 
v -0.222456 1.448 -0.0688896 
v -0.200871 1.443 -0.0894757 
v -0.173413 1.43636 -0.107541 
v -0.137223 1.42187 -0.124153 
v -0.0860609 1.4137 -0.137416 
v -0.0413978 1.40918 -0.13589 
v -0.16708 1.36638 -0.112125 
v -0.133459 1.35955 -0.127659 
v -0.0922494 1.3534 -0.138322 
v -0.0454807 1.35217 -0.138835 
v -0.178732 1.37185 0.00957884 
v -0.168621 1.34658 0.00849126 
v -0.159552 1.32016 0.0136352 
v -0.149376 1.27679 0.0285969 
v -0.177668 1.3516 -0.0374061 
v -0.175132 1.32452 -0.0365121 
v -0.171067 1.29647 -0.0322078 
v -0.161552 1.25711 -0.0214638 
v -0.18238 1.34104 -0.0822074 
v -0.173547 1.3169 -0.0812965 
v -0.163842 1.29029 -0.0763899 
v -0.150035 1.2483 -0.0669724 
v -0.137802 1.187 0.0427785 
v -0.137078 1.13178 0.048191 
v -0.148557 1.17718 -0.00175553 
v -0.153036 1.12432 0.00213049 
v -0.135637 1.16892 -0.0446298 
v -0.143896 1.11269 -0.0432162 
v -0.091318 1.31037 0.0959901 
v -0.0914014 1.27231 0.0883793 
v -0.127602 1.23781 0.0588546 
v -0.142127 1.23461 0.0371926 
v -0.151361 1.22941 0.012743 
v -0.154158 1.22288 -0.0121165 
v -0.150496 1.21652 -0.0350723 
v -0.141359 1.21317 -0.0566641 
v -0.126177 1.21346 -0.0779583 
v -0.103104 1.21825 -0.0969703 
v -0.0716781 1.22761 -0.110889 
v -0.139534 1.33754 -0.121226 
v -0.0381914 1.2889 -0.127397 
v -0.0350974 1.23951 -0.113938 
v -0.0331599 1.18187 -0.0987376 
v -0.0396117 1.10477 -0.0927338 
v -0.111732 1.25934 -0.107517 
v -0.176431 0.956507 0.0223327 
v -0.166472 1.00335 0.0183221 
v -0.156961 1.06428 0.00756365 
v -0.178002 0.936979 -0.0479279 
v -0.171328 0.984834 -0.0477636 
v -0.152637 1.04956 -0.0473068 
v -0.136909 1.06639 0.0558528 
v -0.132897 0.99674 0.063266 
v -0.138204 0.946206 0.0699178 
v -0.147046 0.888957 0.0765318 
v -0.0354687 1.14813 -0.0922638 
v -0.0703192 1.1432 -0.090797 
v -0.100386 1.14088 -0.0801215 
v -0.122552 1.14106 -0.0627798 
v -0.137608 1.14299 -0.0419421 
v -0.146154 1.14629 -0.020364 
v -0.148384 1.1516 0.0011584 
v -0.145211 1.15688 0.0232794 
v -0.136779 1.16056 0.0445248 
v -0.123615 1.16315 0.0638154 
v -0.0861725 1.16428 0.0980472 
v -0.0621153 1.16308 0.114546 
v -0.0319846 1.16217 0.12559 
v -0.0784827 1.06435 -0.0998295 
v -0.107058 1.06939 -0.0879505 
v -0.13116 1.07413 -0.0688842 
v -0.147593 1.07927 -0.0452052 
v -0.155649 1.08675 -0.0207291 
v -0.156983 1.09523 0.00410674 
v -0.150977 1.09916 0.0299814 
v -0.138497 1.09988 0.0528541 
v -0.122576 1.09989 0.0707623 
v -0.0842038 1.09619 0.101453 
v -0.0617069 1.09286 0.11719 
v -0.0325192 1.08896 0.127216 
v -0.0465591 1.01799 -0.133034 
v -0.061529 0.916825 -0.160947 
v -0.0774027 0.868974 -0.15042 
v -0.0449465 1.06065 -0.105834 
v -0.157237 0.806703 -0.0977755 
v -0.153004 0.855202 -0.110069 
v -0.146437 0.90331 -0.119146 
v -0.0859314 1.02634 -0.122147 
v -0.104933 0.934174 -0.149986 
v -0.11573 0.885652 -0.143797 
v -0.12347 0.84058 -0.126826 
v -0.0911792 0.828148 -0.128048 
v -0.0737145 0.775353 -0.106006 
v -0.155942 0.827422 0.0789284 
v -0.0278281 1.00948 0.117836 
v -0.0551127 1.0135 0.110387 
v -0.0785712 1.01654 0.0994355 
v -0.115885 1.0242 0.0745014 
v -0.133344 1.03379 0.058284 
v -0.148341 1.0378 0.0377997 
v -0.159241 1.03603 0.0130703 
v -0.164922 1.02976 -0.0155766 
v -0.162397 1.02109 -0.0481283 
v -0.149724 1.00982 -0.0825836 
v -0.128036 0.996671 -0.115341 
v -0.0953777 0.982911 -0.142204 
v -0.0512183 0.967996 -0.155224 
v -0.161915 0.76641 0.0756046 
v -0.163252 0.708195 0.0682587 
v -0.159727 0.656109 0.0586728 
v -0.180321 0.570376 -0.00691038 
v -0.181126 0.517387 -0.0195167 
v -0.193625 0.456417 -0.0277616 
v -0.208631 0.395674 -0.0306429 
v -0.213802 0.335227 -0.0333648 
v -0.164914 0.512953 -0.0823104 
v -0.118151 0.504208 -0.0939555 
v -0.182078 0.570962 -0.0465662 
v -0.185338 0.517566 -0.0532533 
v -0.196053 0.459308 -0.0632175 
v -0.211252 0.400297 -0.0696743 
v -0.217258 0.340601 -0.0696279 
v -0.0877149 0.546036 0.0276506 
v -0.0981902 0.498007 0.00921711 
v -0.119955 0.442538 0.000494673 
v -0.132333 0.378657 -0.00802683 
v -0.140251 0.319278 -0.0117276 
v -0.0585179 0.538892 -0.0240598 
v -0.0716208 0.492379 -0.030173 
v -0.0921903 0.436985 -0.0345175 
v -0.101547 0.376825 -0.0362604 
v -0.108339 0.316638 -0.0374005 
v -0.18368 0.387144 -0.000520907 
v -0.188916 0.326945 -0.00420994 
v -0.154959 0.566486 0.0356284 
v -0.101545 1.48887 -0.00502716 
v -0.114524 1.4774 0.00566054 
v -0.161891 0.263792 -0.00886597 
v -0.165808 0.211359 -0.0130865 
v -0.166329 0.165451 -0.0128914 
v -0.190981 0.268894 -0.0105532 
v -0.191046 0.214995 -0.0151833 
v -0.188234 0.167653 -0.0145121 
v -0.193469 0.12803 -0.0109424 
v -0.173076 0.126729 -0.00409869 
v -0.212995 0.275772 -0.0348325 
v -0.210589 0.219782 -0.035681 
v -0.205348 0.171811 -0.0322151 
v -0.205305 0.13516 -0.0327225 
v -0.200992 0.12529 -0.0652157 
v -0.205906 0.166338 -0.058119 
v -0.211609 0.222943 -0.0640552 
v -0.215983 0.280901 -0.0663271 
v -0.12047 0.260196 -0.0406209 
v -0.132738 0.208673 -0.0431081 
v -0.143098 0.157945 -0.0416169 
v -0.145698 0.129462 -0.0554962 
v -0.150772 0.124437 -0.0250962 
v -0.197221 0.222467 -0.0911035 
v -0.192652 0.173021 -0.0835519 
v -0.150323 0.216843 -0.0974537 
v -0.15607 0.161767 -0.090671 
v -0.173504 0.125749 -0.0887956 
v -0.159007 0.124233 -0.0890358 
v -0.113418 0.541885 0.0428393 
v -0.110199 0.502646 0.0270329 
v -0.136682 0.465123 0.0185117 
v -0.152762 0.468009 0.018376 
v -0.15768 0.512665 0.027337 
v -0.132171 0.5468 0.0443905 
v -0.155739 0.611867 0.0482668 
v -0.177086 0.614541 0.0270458 
v -0.185952 0.617303 0.000915744 
v -0.185458 0.619215 -0.0233902 
v -0.182044 0.619259 -0.0455426 
v -0.173793 0.617174 -0.0644935 
v -0.160337 0.613673 -0.0792576 
v -0.143931 0.60935 -0.0901643 
v -0.12502 0.604083 -0.0952559 
v -0.104554 0.598442 -0.0931341 
v -0.0828809 0.592592 -0.0856273 
v -0.0631934 0.586698 -0.0698421 
v -0.05198 0.581857 -0.0453327 
v -0.0520863 0.579023 -0.016293 
v -0.0624709 0.580198 0.0130518 
v -0.079276 0.586791 0.0385525 
v -0.10156 0.59757 0.0546803 
v -0.12834 0.606818 0.0578752 
v -0.482573 0.981909 -0.0117103 
v -0.480337 0.969279 -0.0126904 
v -0.469474 0.979027 -0.015729 
v -0.473389 0.989007 -0.0159513 
v -0.472356 0.967581 -0.0138008 
v -0.464449 0.990169 -0.0181947 
v -0.476729 0.998048 -0.0130553 
v -0.0133574 1.50271 0.0212114 
v -0.0086553 1.48086 0.023121 
v -0.0247497 1.3354 0.0904568 
v -0.0754785 1.6849 -0.0152997 
v -0.00943621 1.64134 0.0965675 
v -0.012945 1.64316 0.0933095 
v 0.000509146 1.63827 0.103539 
v -0.00424947 1.64311 0.102543 
v -0.0449124 1.67335 0.0704183 
v -0.0363249 1.26487 -0.121178 
v -0.074519 1.25108 -0.116489 
v -0.106594 1.23924 -0.10247 
v -0.130038 1.23231 -0.0836488 
v -0.145223 1.23109 -0.0621704 
v -0.154263 1.23435 -0.0403307 
v -0.157831 1.2415 -0.0171922 
v -0.154677 1.24948 0.00782332 
v -0.145434 1.25649 0.0332629 
v -0.13085 1.25985 0.0560112 
v -0.0893704 1.25779 0.0896708 
v -0.0308663 1.2627 0.104756 
v -0.0292252 1.29618 0.0961549 
v -0.0919048 1.28951 0.0909441 
v -0.131263 1.30458 0.0663303 
v -0.155792 1.34832 0.047473 
v -0.168467 1.37168 0.0419669 
v -0.178946 1.39232 0.0383809 
v -0.038633 1.42454 -0.132561 
v -0.0793248 1.43031 -0.134635 
v -0.118951 1.4392 -0.126081 
v -0.153766 1.44965 -0.110774 
v -0.182432 1.4577 -0.0915901 
v -0.20484 1.46485 -0.0700939 
v -0.218727 1.46963 -0.0461557 
v -0.221746 1.46761 -0.0203938 
v -0.210781 1.46367 0.00305182 
v -0.19236 1.45738 0.0185901 
v -0.172979 1.44664 0.0285982 
v -0.156707 1.43168 0.0374 
v -0.145529 1.4152 0.0480342 
v -0.135259 1.3981 0.0598862 
v -0.111222 1.36711 0.0802386 
v -0.0754516 1.35522 0.091594 
v -0.0733979 1.45858 0.0339237 
v -0.0863818 1.43987 0.0444731 
v -0.0995527 1.42099 0.0555393 
v -0.112469 1.4015 0.0648599 
v -0.123958 1.38151 0.0707906 
v -0.133182 1.36125 0.0718291 
v -0.139996 1.34203 0.0664584 
v -0.144002 1.32481 0.0550799 
v -0.147554 1.30982 0.0401481 
v -0.15408 1.29702 0.0215129 
v -0.16141 1.28409 -0.00178534 
v -0.165799 1.27384 -0.026101 
v -0.164098 1.268 -0.0496761 
v -0.155995 1.26711 -0.0715785 
v -0.141814 1.27113 -0.092413 
v -0.119284 1.28024 -0.111463 
v -0.0859114 1.29581 -0.126341 
v -0.0420596 1.31018 -0.132077 
v -0.0441707 1.44872 0.0434956 
v -0.0569934 1.42803 0.0540704 
v -0.0706227 1.40593 0.0666176 
v -0.0847361 1.3817 0.0791687 
v -0.0962306 1.3583 0.0874791 
v -0.105304 1.33562 0.0908179 
v -0.1116 1.31358 0.0878013 
v -0.114041 1.29341 0.079738 
v -0.114785 1.275 0.0738446 
v -0.112417 1.2578 0.0743546 
v -0.109369 1.23908 0.0770958 
v -0.107224 1.192 0.0799511 
v -0.0615787 1.24191 0.104781 
v -0.0614638 1.26065 0.100227 
v -0.0627248 1.27511 0.0976673 
v -0.062457 1.2915 0.0977617 
v -0.0610385 1.3118 0.0992859 
v -0.0563075 1.33349 0.097444 
v -0.0874413 1.21828 0.0954427 
v -0.107851 1.2171 0.0789912 
v -0.125517 1.21492 0.0611412 
v -0.139619 1.2117 0.0408686 
v -0.148738 1.20705 0.0173446 
v -0.151197 1.20108 -0.00670262 
v -0.147581 1.19557 -0.0292026 
v -0.138323 1.19244 -0.0505663 
v -0.122895 1.19195 -0.0718729 
v -0.100073 1.19454 -0.091276 
v -0.0688771 1.2013 -0.104709 
v -0.0337369 1.21176 -0.106274 
v -0.0424566 1.39224 -0.138292 
v -0.0877495 1.39581 -0.139708 
v -0.132502 1.4007 -0.128234 
v -0.178127 1.40205 -0.112316 
v -0.208841 1.4077 -0.100387 
v -0.232045 1.40687 -0.0861369 
v -0.250944 1.40487 -0.067028 
v -0.260864 1.40451 -0.0437959 
v -0.25772 1.40716 -0.0181453 
v -0.241854 1.40926 0.00559015 
v -0.21732 1.40908 0.0231875 
v -0.192834 1.40491 0.0336224 
v -0.106523 1.16442 0.0812156 
v -0.105258 1.13383 0.0829701 
v -0.104231 1.09889 0.0862539 
v -0.103031 1.06026 0.0877872 
v -0.0981152 1.01904 0.0874346 
v -0.0879355 0.972732 0.0902503 
v -0.0700494 0.923142 0.097687 
v -0.0493943 0.877095 0.103814 
v -0.0255611 0.842344 0.0982421 
v -0.0204012 1.35548 0.0836798 
v -0.0147389 1.37725 0.0747646 
v -0.00938765 1.39815 0.0660163 
v -0.04758 1.3553 0.0903716 
v -0.0382732 1.37775 0.0795668 
v -0.0287582 1.40026 0.0678365 
v -0.0200726 1.42218 0.0569551 
v -0.0120004 1.44234 0.0462729 
v -0.0514844 1.40213 0.0685284 
v -0.0395176 1.42463 0.0564499 
v -0.0280444 1.44556 0.0456041 
v -0.0167418 1.46433 0.0342938 
v -0.0217488 1.48424 0.0233968 
v -0.0320081 1.46761 0.0336946 
v -0.0605255 1.47631 0.0239771 
v -0.246483 0.0157988 0.15441 
v -0.248499 0.0184344 0.156079 
v -0.251262 0.0163429 0.152125 
v -0.253992 0.0203426 0.15264 
v -0.248821 0.022208 0.156435 
v -0.252243 0.0245797 0.152899 
v -0.243863 0.0288564 0.142391 
v -0.248596 0.0292481 0.139 
v -0.251414 0.0270834 0.145552 
v -0.246283 0.0266855 0.150633 
v -0.246984 0.0144997 0.150082 
v -0.250365 0.0262648 0.151796 
v -0.247634 0.0260515 0.153908 
v -0.250339 0.0258161 0.15382 
v -0.248375 0.024932 0.155538 
v -0.24647 0.0131681 0.137431 
v -0.24211 0.0132528 0.143259 
v -0.243543 0.0178159 0.156494 
v -0.243763 0.0213674 0.156905 
v -0.244647 0.0242652 0.156144 
v -0.233826 0.0303494 0.140666 
v -0.238244 0.0208956 0.156507 
v -0.239161 0.0259234 0.152505 
v -0.239601 0.0160189 0.153138 
v -0.244193 0.0257156 0.154159 
v -0.245712 0.0254481 0.155377 
v -0.234065 0.013462 0.147324 
v -0.245814 0.0314486 0.13106 
v -0.238335 0.0322721 0.129585 
v -0.244603 0.0128685 0.129074 
v -0.238229 0.0124508 0.132207 
v -0.228331 0.0339032 0.126953 
v -0.231924 0.0121283 0.13815 
v -0.2416 0.035738 0.114506 
v -0.232613 0.0362204 0.115238 
v -0.242452 0.0125179 0.117485 
v -0.23348 0.0119419 0.120008 
v -0.224535 0.0376498 0.114383 
v -0.224899 0.0113496 0.124301 
v -0.218319 0.0176724 0.163186 
v -0.219159 0.0217414 0.167044 
v -0.22534 0.0203352 0.163499 
v -0.226105 0.024652 0.164335 
v -0.219572 0.026239 0.16754 
v -0.224915 0.0287787 0.163893 
v -0.213577 0.0329876 0.138959 
v -0.224229 0.0328117 0.13645 
v -0.225827 0.0305086 0.149077 
v -0.216343 0.0310953 0.151448 
v -0.215433 0.0121467 0.146585 
v -0.224968 0.0126735 0.147135 
v -0.221604 0.0313299 0.153723 
v -0.217759 0.0309808 0.157237 
v -0.222828 0.0307874 0.163201 
v -0.219455 0.0295593 0.165967 
v -0.224311 0.0305138 0.158295 
v -0.218812 0.0306956 0.162383 
v -0.216659 0.0143506 0.155669 
v -0.227884 0.0158247 0.156363 
v -0.231907 0.0202974 0.159102 
v -0.231086 0.025946 0.158351 
v -0.218856 0.011206 0.135477 
v -0.207771 0.0123303 0.138606 
v -0.212459 0.0200061 0.165774 
v -0.2126 0.0240346 0.166852 
v -0.213817 0.0279252 0.166343 
v -0.199658 0.0225065 0.139827 
v -0.20308 0.0297627 0.139177 
v -0.203823 0.0219719 0.152003 
v -0.208319 0.0281633 0.153446 
v -0.20671 0.015393 0.149008 
v -0.212803 0.0302997 0.155764 
v -0.215417 0.0300576 0.164838 
v -0.212462 0.0293605 0.160966 
v -0.209591 0.0174843 0.160086 
v -0.207545 0.0221076 0.161578 
v -0.209183 0.0257757 0.163218 
v -0.200759 0.0164252 0.137715 
v -0.217261 0.0372309 0.121813 
v -0.205714 0.037562 0.123113 
v -0.213341 0.0104445 0.122205 
v -0.206665 0.0111252 0.125573 
v -0.196345 0.0214395 0.129635 
v -0.196887 0.0314008 0.123823 
v -0.199112 0.0155093 0.127109 
v -0.248459 0.0128012 0.111067 
v -0.255517 0.0131126 0.105486 
v -0.260538 0.0132346 0.0973923 
v -0.266619 0.0134051 0.0908665 
v -0.271351 0.0138438 0.0829166 
v -0.276489 0.0173457 0.0750264 
v -0.280361 0.0242788 0.0751585 
v -0.248789 0.0360352 0.107538 
v -0.256193 0.0357012 0.102961 
v -0.263087 0.0360022 0.0933161 
v -0.2708 0.0352334 0.0873454 
v -0.277263 0.0330767 0.0795594 
v -0.28089 0.0291287 0.078534 
v -0.181295 0.044955 0.0632549 
v -0.189064 0.0521941 0.0736368 
v -0.196631 0.0571139 0.0753283 
v -0.204302 0.0588063 0.0740998 
v -0.212259 0.0583718 0.0717268 
v -0.220018 0.0568981 0.0686192 
v -0.22742 0.0551521 0.0646436 
v -0.234645 0.0530103 0.0602569 
v -0.242052 0.05029 0.0549573 
v -0.249983 0.0466344 0.0488237 
v -0.258786 0.0418014 0.0422345 
v -0.268085 0.0345623 0.0414958 
v -0.164246 0.0566603 0.00661817 
v -0.172464 0.0696804 0.0234238 
v -0.182965 0.0753665 0.033028 
v -0.195992 0.088354 0.0165548 
v -0.218184 0.0765396 0.0134176 
v -0.227585 0.0642638 0.00366791 
v -0.233835 0.0525921 -0.00401158 
v -0.24144 0.0426534 -0.00442183 
v -0.153509 0.0921216 -0.074779 
v -0.162222 0.0953414 -0.090287 
v -0.180734 0.0947044 -0.0847865 
v -0.193537 0.0604431 -0.0832582 
v -0.15695 0.0471829 -0.0449116 
v -0.158832 0.0277843 -0.0847024 
v -0.173559 0.0254761 -0.101171 
v -0.196488 0.0305814 -0.0956507 
v -0.206593 0.0319346 -0.0842331 
v -0.157629 0.0315893 -0.0509416 
v -0.163071 0.0115203 -0.0615308 
v -0.197757 0.0201513 -0.0934072 
v -0.170408 0.0259783 0.00749312 
v -0.237834 0.0197403 -0.0217787 
v -0.185038 0.0200978 0.0743144 
v -0.189377 0.0159541 0.0609974 
v -0.196606 0.0129934 0.0559549 
v -0.204213 0.0111116 0.0527613 
v -0.211774 0.010349 0.0491069 
v -0.219413 0.0101593 0.045813 
v -0.226851 0.0104093 0.0423947 
v -0.234281 0.0107736 0.0388215 
v -0.241882 0.0111518 0.035094 
v -0.249564 0.0117261 0.0314414 
v -0.256534 0.0136034 0.0276371 
v -0.260204 0.0188446 0.0200112 
v -0.241443 0.0331697 -0.0163264 
v -0.266394 0.0263983 0.0298873 
v -0.166583 0.0399186 0.00931092 
v -0.18074 0.0320329 0.068285 
v -0.261194 0.0158789 0.141931 
v -0.261673 0.0194543 0.145282 
v -0.265894 0.017985 0.138451 
v -0.26639 0.0214928 0.139317 
v -0.2633 0.0228484 0.144342 
v -0.265491 0.0247657 0.13789 
v -0.258504 0.029098 0.130264 
v -0.262017 0.0300547 0.122048 
v -0.263681 0.0273996 0.131132 
v -0.260604 0.0266355 0.138648 
v -0.260002 0.0144593 0.138331 
v -0.263441 0.0150463 0.134105 
v -0.263608 0.0259377 0.139435 
v -0.261638 0.0257625 0.142319 
v -0.263652 0.0254961 0.141795 
v -0.262157 0.0248216 0.143952 
v -0.260875 0.0139175 0.125536 
v -0.257056 0.0137659 0.13274 
v -0.25809 0.0199282 0.149274 
v -0.258143 0.0237129 0.147249 
v -0.252009 0.0298522 0.133627 
v -0.256729 0.0269758 0.140558 
v -0.256841 0.0144436 0.14091 
v -0.259041 0.0256948 0.142923 
v -0.260054 0.0252897 0.144336 
v -0.251485 0.0135358 0.136014 
v -0.258755 0.0319521 0.117792 
v -0.254042 0.032567 0.119583 
v -0.257758 0.0134143 0.116902 
v -0.253356 0.0132492 0.122613 
v -0.248556 0.0332564 0.121378 
v -0.250523 0.0131616 0.127913 
v -0.271766 0.016324 0.12408 
v -0.272953 0.0188967 0.127343 
v -0.274926 0.0182181 0.122221 
v -0.275508 0.0213112 0.122893 
v -0.273238 0.0221119 0.127317 
v -0.275015 0.0238976 0.123211 
v -0.270881 0.0289811 0.112608 
v -0.275051 0.0294411 0.104815 
v -0.276827 0.0201792 0.116295 
v -0.275694 0.0251638 0.11504 
v -0.27202 0.0263198 0.120113 
v -0.27046 0.0150266 0.12031 
v -0.273726 0.0164267 0.115704 
v -0.274436 0.0252228 0.121222 
v -0.272663 0.0254665 0.123131 
v -0.274273 0.0249213 0.123325 
v -0.272956 0.0244509 0.125392 
v -0.270869 0.0146296 0.107641 
v -0.267697 0.014242 0.115532 
v -0.268986 0.0169897 0.131101 
v -0.269927 0.0201614 0.132944 
v -0.269957 0.0238933 0.130041 
v -0.265871 0.0297269 0.118093 
v -0.268346 0.0266542 0.125259 
v -0.267053 0.0147312 0.124657 
v -0.270445 0.0256648 0.124095 
v -0.271277 0.0251731 0.125224 
v -0.263285 0.013877 0.119426 
v -0.272062 0.0320561 0.10039 
v -0.267438 0.032885 0.103141 
v -0.268151 0.0137526 0.100365 
v -0.264446 0.0136215 0.106923 
v -0.262229 0.0327974 0.109802 
v -0.262155 0.0135638 0.113087 
v -0.277624 0.015652 0.100369 
v -0.279699 0.0178169 0.103677 
v -0.28091 0.0171198 0.0990348 
v -0.282744 0.0197101 0.100161 
v -0.281464 0.0207065 0.104487 
v -0.283668 0.0220848 0.100927 
v -0.281129 0.0285287 0.0898566 
v -0.28053 0.0185285 0.085711 
v -0.28266 0.0240258 0.0861348 
v -0.282514 0.0193532 0.0940399 
v -0.28372 0.0233542 0.0956939 
v -0.282468 0.025933 0.09804 
v -0.276168 0.0146471 0.0970182 
v -0.278872 0.0159599 0.0940001 
v -0.283996 0.0237813 0.099282 
v -0.282804 0.0245652 0.100942 
v -0.283733 0.0233104 0.100991 
v -0.28245 0.0231754 0.103094 
v -0.276795 0.0152635 0.0866479 
v -0.273813 0.0140926 0.092983 
v -0.27591 0.0161567 0.106647 
v -0.278241 0.0192485 0.109492 
v -0.279762 0.0234265 0.107273 
v -0.276204 0.0317061 0.0935506 
v -0.279104 0.0274708 0.101826 
v -0.273501 0.0145415 0.100164 
v -0.281108 0.0256481 0.101985 
v -0.281527 0.0245727 0.103143 
v -0.270814 0.0138279 0.0963202 
v -0.192791 0.0239881 0.116597 
v -0.191547 0.0358155 0.105308 
v -0.199638 0.0421731 0.108474 
v -0.208688 0.0440046 0.10658 
v -0.217534 0.0427319 0.103776 
v -0.226023 0.0416851 0.101274 
v -0.234209 0.0410471 0.0987675 
v -0.242019 0.0404746 0.0948383 
v -0.2495 0.0398061 0.089619 
v -0.257112 0.0391792 0.0831054 
v -0.264919 0.0384741 0.0757177 
v -0.272575 0.0361447 0.0693107 
v -0.278113 0.0307724 0.0683275 
v -0.277212 0.0241808 0.0628395 
v -0.27302 0.0174777 0.0589792 
v -0.268188 0.0135204 0.0688049 
v -0.262147 0.0128383 0.0760121 
v -0.255801 0.0126984 0.0826294 
v -0.249185 0.0124459 0.0887722 
v -0.242394 0.0121291 0.0942792 
v -0.235155 0.0117636 0.0990236 
v -0.227316 0.0112963 0.102752 
v -0.218997 0.0107313 0.105534 
v -0.210226 0.0101575 0.107599 
v -0.201744 0.0107316 0.109762 
v -0.194723 0.01595 0.111907 
v -0.187069 0.0253576 0.0942752 
v -0.18671 0.0395646 0.0860336 
v -0.194316 0.0467428 0.0928755 
v -0.202561 0.0504814 0.0922352 
v -0.211057 0.0506309 0.0901603 
v -0.219356 0.0492781 0.0875118 
v -0.227258 0.0479863 0.0843877 
v -0.23495 0.0468177 0.0807084 
v -0.242497 0.0454302 0.0761881 
v -0.250179 0.043789 0.0705651 
v -0.258353 0.0418095 0.0639379 
v -0.266855 0.0385967 0.0576631 
v -0.274166 0.0325475 0.056404 
v -0.273312 0.0251541 0.0484548 
v -0.268033 0.0178994 0.0412699 
v -0.263393 0.0132215 0.049989 
v -0.256736 0.0121901 0.0560892 
v -0.249638 0.0119181 0.0615652 
v -0.242325 0.0116203 0.0665786 
v -0.235068 0.0112975 0.0710899 
v -0.227571 0.0109302 0.0751673 
v -0.219726 0.0105328 0.0787218 
v -0.21171 0.0102708 0.0817203 
v -0.203695 0.0107138 0.0844896 
v -0.195968 0.0124728 0.0883121 
v -0.191265 0.0152168 0.0954259 
v -0.170766 0.0934357 0.00696245 
v -0.158997 0.0748091 -0.00890726 
v -0.15846 0.0569624 -0.0194762 
v -0.160065 0.0427293 -0.0201534 
v -0.161466 0.0278323 -0.0259647 
v -0.173292 0.00930725 -0.0400161 
v -0.180525 0.00694555 -0.0440968 
v -0.188555 0.00685686 -0.0415769 
v -0.193148 0.00715313 -0.0486965 
v -0.200962 0.00823169 -0.0518265 
v -0.20955 0.0104959 -0.0540639 
v -0.217212 0.0156561 -0.0585692 
v -0.22285 0.0232845 -0.0570567 
v -0.229249 0.0294679 -0.0427085 
v -0.227267 0.0424267 -0.0364237 
v -0.218518 0.0638685 -0.0368614 
v -0.217611 0.0785686 -0.0158683 
v -0.207461 0.101852 -0.0193713 
v -0.193576 0.0737869 0.0415652 
v -0.207633 0.0746789 0.0352718 
v -0.220172 0.0697182 0.0324922 
v -0.190806 0.0648965 0.0550985 
v -0.182675 0.0598729 0.0498756 
v -0.173523 0.0513414 0.0360333 
v -0.174321 0.0362715 0.040077 
v -0.178943 0.024779 0.0451954 
v -0.182099 0.017627 0.0247019 
v -0.19157 0.0129532 0.0294913 
v -0.196136 0.0108922 0.0205131 
v -0.203236 0.00958923 0.0164361 
v -0.210459 0.00918708 0.0134115 
v -0.217748 0.00947217 0.0104338 
v -0.225497 0.0100304 0.0075262 
v -0.233777 0.0110279 0.00516058 
v -0.241856 0.0126152 0.00354773 
v -0.249102 0.0153674 0.00465052 
v -0.252403 0.0192056 0.00276316 
v -0.254645 0.0249819 0.0051051 
v -0.255822 0.0361278 0.0165694 
v -0.247381 0.0464573 0.021763 
v -0.239843 0.0540274 0.028349 
v -0.232553 0.0603562 0.0350004 
v -0.226163 0.0631048 0.0422912 
v -0.218577 0.0660982 0.0458736 
v -0.212719 0.065216 0.0549444 
v -0.203623 0.0687129 0.0519819 
v -0.197984 0.0652117 0.0598514 
v -0.194405 0.00858765 -0.0748353 
v -0.188992 0.0070538 -0.069436 
v -0.180651 0.00647813 -0.0669174 
v -0.176893 0.0159664 -0.0957802 
v -0.169702 0.0075374 -0.0688743 
v -0.227563 0.0127329 -0.0239283 
v -0.180469 0.0134768 -0.00326937 
v -0.217205 0.00998379 -0.0241643 
v -0.208751 0.00869369 -0.021876 
v -0.201337 0.00810896 -0.018815 
v -0.194229 0.00806803 -0.016053 
v -0.187063 0.00925913 -0.0127954 
v -0.192206 0.0799995 -0.0775141 
v -0.18413 0.072303 -0.0864001 
v -0.167488 0.0717791 -0.0938725 
v -0.157142 0.0710264 -0.0802858 
v -0.15233 0.0769356 -0.034021 
v -0.155635 0.0638138 -0.0385395 
v -0.157352 0.0597873 -0.0779779 
v -0.169241 0.0507583 -0.098661 
v -0.182124 0.0579801 -0.0942559 
v -0.19374 0.103623 -0.074136 
v -0.211464 0.0858712 -0.0408807 
v -0.202055 0.0883924 -0.0673921 
v -0.203149 0.0727993 -0.0690437 
v -0.150008 0.0996792 -0.0276556 
v -0.200056 0.043741 -0.0846546 
v -0.206986 0.100633 -0.0560645 
v -0.20837 0.0829232 -0.0591849 
v -0.210895 0.0729231 -0.054897 
v -0.2062 0.0593327 -0.0672844 
v -0.212077 0.0453194 -0.0655139 
v -0.217868 0.0321115 -0.0642832 
v -0.210628 0.0220104 -0.0789595 
v -0.205238 0.0149326 -0.0819637 
v -0.201916 0.0112088 -0.0770918 
v -0.188855 0.042751 -0.0959829 
v -0.171707 0.0350707 -0.101075 
v -0.158586 0.045147 -0.0838291 
v -0.202856 0.0247381 -0.0923149 
v -0.163049 0.013944 -0.0823793 
v -0.173836 0.0182203 -0.00288479 
v -0.167487 0.0163875 -0.0295988 
v -0.15917 0.0191955 -0.0559443 
v -0.156654 0.0245652 -0.0704336 
v -0.156999 0.0365381 -0.0699721 
v -0.156478 0.0528074 -0.0650115 
v -0.154023 0.0733888 -0.0606186 
v -0.151144 0.0924224 -0.0593043 
v -0.15807 0.0170997 -0.074645 
v -0.241114 0.0146623 -0.00705205 
v -0.236819 0.0144355 -0.0139152 
v -0.187958 0.107938 0.00133396 
v -0.149069 0.101426 -0.0462224 
v -0.149332 0.0862764 -0.0347132 
v -0.155653 0.0985357 -0.0124643 
v -0.151111 0.0849099 -0.0218897 
v -0.15097 0.0836812 -0.0471761 
v -0.207788 0.107359 -0.0396887 
v -0.201947 0.101366 -0.0659722 
v -0.197765 0.0784041 0.0329358 
v -0.18676 0.0852033 0.0223139 
v -0.182365 0.0978998 0.00926157 
v -0.214946 0.0743411 0.0275941 
v -0.207698 0.0821324 0.0181016 
v -0.201691 0.0948528 0.00358831 
v -0.169718 0.0952108 -0.0903996 
v -0.175907 0.0746183 -0.0916733 
v -0.174582 0.0599124 -0.0974608 
v -0.156449 0.0996708 -0.0849777 
v -0.159694 0.0800814 -0.0869417 
v -0.161229 0.0586909 -0.0902725 
v -0.163344 0.0394844 -0.0952 
v -0.166858 0.0236398 -0.0954949 
v -0.178393 0.0455776 -0.100428 
v -0.183303 0.0279358 -0.10058 
v -0.188161 0.0159843 -0.0967862 
v -0.168005 0.0127351 -0.0903658 
v -0.188869 0.010821 -0.0898876 
v -0.182274 0.00825571 -0.0842604 
v -0.172895 0.00850397 -0.0847339 
v -0.196261 0.0131939 -0.0905818 
v -0.16712 0.00902156 -0.083827 
v -0.256816 0.017009 0.147865 
v -0.25101 0.0141708 0.144404 
v 0.00442494 1.63956 0.10694 
v 0.164021 1.28249 -0.0371299 
v 0.158394 1.30339 0.00921642 
v 0.31822 1.2042 -0.0565062 
v 0.229556 1.36895 -0.0948667 
v 0.271747 1.38378 -0.0128139 
v 0.104797 1.43686 0.0469919 
v 0.232619 1.45796 -0.0129301 
v 0.147623 1.43569 -0.11836 
v 0.0377212 1.34558 0.0931014 
v 0.354191 1.25898 -0.0171259 
v 0.325285 1.22093 0.018482 
v 0.295685 1.19344 0.00188704 
v 0.332302 1.21763 -0.0570741 
v 0.140937 0.982904 0.0563925 
v 0.156926 0.989257 0.0349676 
v 0.14547 1.14061 -0.00855081 
v 0.138961 1.15053 0.0365844 
v 0.0192013 1.14577 0.128229 
v 0.0173109 1.46266 -0.121244 
v 0.0148764 1.12944 -0.0876486 
v 0.0436609 0.883132 -0.153394 
v 0.14401 1.50749 -0.0562401 
v 0.0727769 1.5396 -0.0621706 
v 0.0555614 1.50468 0.00767471 
v 0.0906227 1.52647 -0.0479989 
v 0.0159311 1.41062 0.0623804 
v 0.0148824 1.30696 0.0919509 
v 0.189162 1.34985 -0.0401983 
v 0.214081 1.36281 -0.0959247 
v 0.26251 1.4026 -0.0105191 
v 0.205025 1.39627 -0.103612 
v 0.186782 1.38828 -0.106032 
v 0.182197 1.35757 -0.0454061 
v 0.185548 1.3826 -0.000876355 
v 0.191713 1.39965 0.0328565 
v 0.175581 1.43666 0.033445 
v 0.12579 1.49186 -0.0115674 
v 0.0913529 1.51559 -0.0290608 
v 0.119978 1.51364 -0.0682317 
v 0.0466293 1.4841 -0.117939 
v 0.0164168 1.48074 -0.116605 
v 0.0214629 1.41425 -0.130555 
v 0.0935521 0.92429 0.0892104 
v -0.00310127 0.804848 -0.00937523 
v 0.128786 1.13161 -0.0536738 
v 0.168467 0.978293 -0.0259503 
v 0.00973602 0.877411 0.113383 
v 0.141612 1.08914 0.043955 
v 0.15075 1.08793 0.0198995 
v 0.147616 1.07439 -0.0333221 
v -0.00507961 0.813963 -0.018391 
v -0.000162668 0.817649 -0.0584211 
v 0.0297509 0.892274 0.110525 
v 0.0745128 1.15179 0.107609 
v 0.121303 1.3083 0.079209 
v 0.111051 1.35188 0.0870481 
v 0.0754828 1.4214 0.0596867 
v 0.304151 1.32558 -0.0135347 
v 0.282822 1.29381 -0.0743986 
v 0.26823 1.28244 -0.075305 
v 0.236674 1.27211 -0.0173114 
v 0.264057 1.30556 0.0216103 
v 0.0426501 1.49967 0.0150804 
v 0.0156093 1.25767 -0.1136 
v 0.129141 1.22382 -0.0692557 
v 0.148609 1.23055 -0.024422 
v 0.145379 1.24431 0.0245151 
v 0.046324 1.23217 0.112895 
v 0.0152731 1.23255 0.115398 
v 0.0165338 1.20742 0.121793 
v 0.0479776 1.2079 0.118095 
v 0.0495707 1.14895 0.121862 
v 0.0494214 1.07382 0.122444 
v 0.0183629 1.06863 0.127139 
v 0.0731346 1.07923 0.108471 
v 0.0162196 1.08271 -0.0969999 
v 0.14787 1.28139 -0.0808582 
v 0.0635671 1.41801 -0.135987 
v 0.0495387 1.46682 -0.12409 
v 0.108094 1.47526 -0.116484 
v 0.186559 1.49864 -0.0318801 
v 0.145432 1.47346 0.0120922 
v 0.178245 1.33706 -0.045424 
v 0.175184 1.35969 -0.000463835 
v 0.175738 1.39321 0.0427962 
v 0.138536 1.38262 0.0669582 
v 0.16124 1.42014 0.0438111 
v 0.0663823 1.48691 0.0146629 
v 0.132584 1.45924 0.0242814 
v 0.0934151 1.49426 -0.00480495 
v 0.0806428 1.51102 -0.0144376 
v 0.159954 1.48768 -0.001246 
v 0.19554 1.44884 0.0223963 
v 0.213589 1.40625 0.0252178 
v 0.224859 1.3882 0.0199771 
v 0.280378 1.31698 0.0177433 
v 0.345425 1.24719 0.00727222 
v 0.140904 1.49516 -0.0874616 
v 0.153645 1.48734 -0.0893211 
v 0.207134 1.45139 -0.0850877 
v 0.250584 1.3944 -0.0782222 
v 0.277033 1.37313 -0.0537694 
v 0.309203 1.31926 -0.0440476 
v 0.353253 1.25525 -0.0291086 
v 0.1367 1.49879 -0.022372 
v 0.10101 1.48796 -0.110752 
v 0.170728 1.33404 -0.088052 
v 0.1826 1.35399 -0.0855861 
v 0.1908 1.34418 -0.0728369 
v 0.237168 1.26533 -0.0433415 
v 0.293211 1.18865 -0.0243885 
v 0.0236128 1.32366 -0.130838 
v 0.109319 1.12892 -0.0730098 
v 0.0750995 1.48602 -0.116378 
v 0.0799861 1.47066 -0.123227 
v 0.10669 1.42407 -0.131043 
v 0.157936 1.30669 -0.0846286 
v 0.171288 1.30816 -0.0428178 
v 0.165058 1.32998 0.00220816 
v 0.163335 1.37063 0.0492378 
v 0.150101 1.40171 0.0552673 
v 0.119002 1.44717 0.0365048 
v 0.0801146 1.49081 0.00578696 
v 0.0685941 1.50832 -0.0022489 
v 0.130897 1.28762 -0.0998601 
v 0.297413 1.19034 -0.0350202 
v 0.253305 1.27188 -0.0680221 
v 0.202559 1.35494 -0.0908159 
v 0.180007 1.37598 -0.102886 
v 0.150292 1.37486 -0.117775 
v 0.112089 1.36763 -0.131398 
v 0.0689409 1.36364 -0.138521 
v 0.0238337 1.36092 -0.134412 
v 0.0138463 0.951805 0.111694 
v 0.0358777 0.956917 0.107684 
v 0.0709553 1.03901 0.105351 
v 0.137676 1.05688 0.0464025 
v 0.147723 1.05764 0.024028 
v 0.151429 1.04676 -0.0310623 
v 0.0191979 0.988914 -0.147136 
v 0.115732 1.05933 -0.0836718 
v 0.0823223 1.12749 -0.0857723 
v 0.0897408 1.05177 -0.102406 
v 0.125618 1.02678 -0.0935143 
v 0.14709 0.943116 -0.100813 
v 0.03425 0.83102 0.0882261 
v 0.0467793 1.03312 0.117247 
v 0.0175695 1.02845 0.123118 
v 0.0554155 0.958895 0.101626 
v 0.00685845 0.821499 0.0791564 
v 0.0336158 0.848556 0.100072 
v 0.0850691 0.948893 0.0899303 
v 0.108562 1.04867 0.0784959 
v 0.111228 1.0873 0.0790134 
v 0.113804 1.15467 0.0746319 
v 0.118815 1.24998 0.0682089 
v 0.0146764 1.25411 0.108185 
v 0.00427527 0.836382 -0.0980513 
v 0.166262 0.803755 0.0662147 
v 0.191159 0.807115 0.00204343 
v 0.113892 0.769365 -0.105385 
v 0.032184 0.738326 -0.0813512 
v 0.013072 0.728942 -0.0497833 
v 0.010122 0.722869 -0.00919444 
v 0.0457306 0.732582 0.0616911 
v 0.106943 0.772327 0.0936767 
v 0.189299 0.804341 -0.0318418 
v 0.169889 0.742856 0.0619951 
v 0.191153 0.748377 -0.00144293 
v 0.187388 0.747557 -0.0322518 
v 0.143432 0.730647 -0.0929204 
v 0.120227 0.721557 -0.102178 
v 0.0439958 0.693447 -0.0824451 
v 0.0266428 0.685451 -0.0532142 
v 0.0325395 0.681218 0.0200438 
v 0.0530317 0.687097 0.0519486 
v 0.111061 0.716279 0.0861454 
v 0.148641 0.927799 0.0633871 
v 0.176134 0.932854 0.00682958 
v 0.17596 0.924563 -0.0282709 
v 0.15564 0.893295 -0.0980844 
v 0.0630313 0.84169 -0.133845 
v 0.0170368 0.814315 -0.0843094 
v 0.00211572 0.80021 -0.0504849 
v -0.00212844 0.788678 -0.00518293 
v 0.0366716 0.809981 0.0785847 
v 0.0975613 0.880796 0.093649 
v 0.0141244 0.85961 -0.131497 
v 0.0366735 0.827207 -0.113192 
v 0.0868918 0.758634 -0.106171 
v 0.0690696 0.702437 -0.0990587 
v 0.284725 1.35772 -0.0152432 
v 0.291438 1.34913 -0.0498975 
v 0.257078 1.33306 -0.0849828 
v 0.240907 1.32371 -0.0863779 
v 0.225731 1.31385 -0.0802094 
v 0.207759 1.30599 -0.056439 
v 0.206196 1.31258 -0.0285058 
v 0.2314 1.34764 0.0192898 
v 0.249527 1.3571 0.0177265 
v 0.311345 1.27672 0.018221 
v 0.326616 1.29232 -0.00953645 
v 0.328056 1.28761 -0.0362971 
v 0.307925 1.25551 -0.0655446 
v 0.294243 1.24354 -0.0649747 
v 0.280645 1.23436 -0.0561195 
v 0.267298 1.22919 -0.0325898 
v 0.267939 1.23449 -0.00673762 
v 0.296701 1.26366 0.0236539 
v 0.252592 1.38803 0.00723185 
v 0.197104 1.37486 0.00216126 
v 0.219329 1.3358 0.00852256 
v 0.2506 1.29237 0.0134156 
v 0.32086 1.28711 0.00582109 
v 0.294378 1.32392 0.00378425 
v 0.270492 1.35988 0.00389652 
v 0.435669 1.11982 0.00901006 
v 0.434728 1.11528 -0.018848 
v 0.420471 1.09757 -0.0380033 
v 0.409136 1.08656 -0.0406183 
v 0.38557 1.06958 -0.0304803 
v 0.37749 1.06585 -0.00716491 
v 0.384841 1.07329 0.0162142 
v 0.400741 1.08736 0.0287509 
v 0.42025 1.10536 0.0282721 
v 0.373156 1.20173 0.0144205 
v 0.387131 1.21904 -0.0091133 
v 0.38551 1.21627 -0.0231518 
v 0.361074 1.17756 -0.0529392 
v 0.348714 1.16408 -0.0524617 
v 0.326793 1.14574 -0.0338352 
v 0.321461 1.14296 -0.0219552 
v 0.331865 1.15645 0.0144955 
v 0.35125 1.17653 0.0190216 
v 0.399808 1.15188 0.0245338 
v 0.415804 1.1689 0.00108139 
v 0.415179 1.16758 -0.014095 
v 0.392657 1.13609 -0.0472334 
v 0.381532 1.1238 -0.04773 
v 0.357593 1.10486 -0.0336201 
v 0.349646 1.10199 -0.00795756 
v 0.358913 1.11227 0.0170729 
v 0.376856 1.1299 0.0272261 
v 0.35152 1.25633 -0.00408717 
v 0.382322 1.21349 0.00485149 
v 0.409087 1.15957 -0.0286174 
v 0.378834 1.20571 -0.0350683 
v 0.452924 1.07735 0.0165307 
v 0.454464 1.07547 -0.00703775 
v 0.443104 1.06148 -0.0262646 
v 0.431363 1.05155 -0.0306841 
v 0.410484 1.03772 -0.0234548 
v 0.403612 1.03385 -0.00426182 
v 0.408626 1.03799 0.0152315 
v 0.421742 1.04978 0.0295476 
v 0.438924 1.06478 0.0316404 
v 0.324039 1.14858 0.00531981 
v 0.320094 1.14377 -0.00810796 
v 0.247922 1.37176 -0.0868448 
v 0.272136 1.34032 -0.0773986 
v 0.295297 1.30416 -0.0676763 
v 0.271655 1.2302 -0.0440685 
v 0.242662 1.2663 -0.0556759 
v 0.214464 1.30759 -0.0685753 
v 0.188936 0.357015 -0.00618654 
v 0.207443 0.365529 -0.04201 
v 0.155573 0.363301 -0.121314 
v 0.155427 0.349121 0.00266019 
v 0.104184 0.343922 -0.0251068 
v 0.0878605 0.345911 -0.067883 
v 0.204506 0.36963 -0.0820192 
v 0.177149 0.366905 -0.114594 
v 0.138485 0.347137 -0.00357778 
v 0.0949072 0.349903 -0.0909155 
v 0.110273 0.354668 -0.108597 
v 0.0762465 0.804047 -0.113355 
v 0.0222764 0.781819 -0.0805684 
v 0.00405647 0.769479 -0.0478304 
v 0.00124176 0.760931 -0.00411143 
v 0.0394438 0.776253 0.0701667 
v 0.101818 0.828481 0.095714 
v 0.158197 0.866683 0.0667981 
v 0.185818 0.869374 0.0046147 
v 0.185604 0.864075 -0.0305861 
v 0.161112 0.842463 -0.0898577 
v 0.180238 0.418989 -0.00488356 
v 0.196009 0.425609 -0.0388816 
v 0.193575 0.429404 -0.0783122 
v 0.168284 0.42644 -0.108707 
v 0.148869 0.422885 -0.114583 
v 0.107382 0.415445 -0.104006 
v 0.0923098 0.410786 -0.087543 
v 0.0846763 0.406721 -0.0660457 
v 0.0963309 0.404663 -0.0248986 
v 0.130459 0.403074 0.00046758 
v 0.169189 0.483886 5.45059e-05 
v 0.179867 0.486804 -0.0330658 
v 0.17865 0.487922 -0.0676933 
v 0.16913 0.486374 -0.0826498 
v 0.140402 0.480211 -0.100178 
v 0.105077 0.474193 -0.092801 
v 0.088622 0.469816 -0.0793785 
v 0.0761898 0.465751 -0.0620112 
v 0.0792024 0.462954 -0.0217564 
v 0.11799 0.483565 0.0270315 
v 0.168559 0.686486 0.0546956 
v 0.187098 0.694241 -0.00558055 
v 0.182567 0.694783 -0.0328386 
v 0.145046 0.682768 -0.0905782 
v 0.12425 0.67516 -0.0999316 
v 0.0771853 0.659075 -0.0963028 
v 0.0547258 0.650403 -0.0811476 
v 0.0387481 0.643129 -0.0551885 
v 0.0410398 0.638653 0.0115302 
v 0.0578846 0.642492 0.0422373 
v 0.111106 0.664369 0.0757346 
v 0.16143 0.542266 0.0166273 
v 0.181855 0.643663 -0.00849985 
v 0.178025 0.644574 -0.0336262 
v 0.145561 0.63559 -0.086896 
v 0.126944 0.629714 -0.0954422 
v 0.0846835 0.616276 -0.0916912 
v 0.0633138 0.60918 -0.0792033 
v 0.0470882 0.602948 -0.0567494 
v 0.0468392 0.597458 0.00353846 
v 0.0617018 0.600964 0.0324019 
v 0.109773 0.62043 0.0647868 
v 0.174618 0.545292 -0.02128 
v 0.171792 0.543668 -0.0581073 
v 0.147374 0.537416 -0.0839385 
v 0.132935 0.534181 -0.0915552 
v 0.0975818 0.526382 -0.0872927 
v 0.0764746 0.521883 -0.0772185 
v 0.0597973 0.517831 -0.0604055 
v 0.0615629 0.514912 -0.0155183 
v 0.106731 0.520529 0.0377124 
v 0.207567 0.248777 -0.0570122 
v 0.183571 0.248374 -0.0981849 
v 0.166101 0.246387 -0.103552 
v 0.147843 0.243665 -0.101808 
v 0.120794 0.236562 -0.0800073 
v 0.115657 0.233502 -0.0626362 
v 0.124623 0.231111 -0.0302595 
v 0.137349 0.232035 -0.0187853 
v 0.165527 0.235359 -0.00672796 
v 0.191779 0.240174 -0.0148479 
v 0.207023 0.246356 -0.0415172 
v 0.19202 0.296718 -0.0104519 
v 0.209007 0.305043 -0.0427896 
v 0.210029 0.307998 -0.0604242 
v 0.181885 0.307327 -0.108227 
v 0.161635 0.304285 -0.114865 
v 0.139636 0.300616 -0.113169 
v 0.105741 0.291339 -0.0868714 
v 0.0996576 0.287627 -0.0657483 
v 0.113755 0.28502 -0.0268311 
v 0.161873 0.290417 -0.00182445 
v 0.192319 0.186404 -0.017492 
v 0.203437 0.190925 -0.0417802 
v 0.202605 0.192243 -0.0559449 
v 0.178787 0.191406 -0.0910595 
v 0.164664 0.189587 -0.0944479 
v 0.138634 0.185941 -0.0851606 
v 0.130753 0.183602 -0.0727862 
v 0.128278 0.181806 -0.0572734 
v 0.137178 0.180752 -0.02882 
v 0.147219 0.181427 -0.017668 
v 0.170168 0.182964 -0.008683 
v 0.135002 0.483702 0.0290137 
v 0.122722 0.525938 0.0428959 
v 0.140235 0.528486 0.0391834 
v 0.149821 0.490145 0.0259873 
v 0.165163 0.409606 0.00419359 
v 0.16693 0.934345 0.0389246 
v 0.176329 0.871074 0.0385465 
v 0.18365 0.807719 0.0358298 
v 0.186322 0.747422 0.0314269 
v 0.184249 0.691845 0.0252367 
v 0.171724 0.643295 -0.0559059 
v 0.174223 0.692882 -0.0566113 
v 0.177758 0.744095 -0.0579918 
v 0.179653 0.798882 -0.0606759 
v 0.177329 0.855031 -0.0630541 
v 0.100877 0.667126 -0.102345 
v 0.106186 0.622927 -0.0971167 
v 0.116161 0.530554 -0.0927054 
v 0.127221 0.419413 -0.113008 
v 0.131706 0.359277 -0.118901 
v 0.163053 0.790287 -0.0821644 
v 0.162899 0.738246 -0.0780949 
v 0.161784 0.688888 -0.0760383 
v 0.160767 0.640274 -0.0737243 
v 0.183661 0.429046 -0.0958959 
v 0.19388 0.369185 -0.100468 
v 0.197604 0.309127 -0.094961 
v 0.132033 0.240218 -0.0937271 
v 0.119753 0.296058 -0.103492 
v 0.156071 0.483295 -0.094043 
v 0.0819899 0.651177 0.0649388 
v 0.0799937 0.699373 0.0752714 
v 0.0229805 0.681119 -0.0165183 
v 0.0339766 0.639387 -0.0225009 
v 0.0833264 0.609347 0.054184 
v 0.013793 0.762872 0.0381141 
v 0.0099123 0.791247 0.0421805 
v 0.00681057 0.805624 0.0422353 
v -0.00120958 0.808622 0.0303286 
v 0.0750955 0.750477 0.084102 
v 0.070622 0.800236 0.0901824 
v 0.0681803 0.842656 0.0965181 
v 0.0660284 0.875908 0.100556 
v 0.0612441 0.896015 0.101612 
v 0.044633 0.919551 0.10505 
v 0.0111402 0.911875 0.112345 
v 0.0305462 0.920017 0.108546 
v 0.0177851 1.57844 0.0923121 
v 0.00812681 1.57506 0.0940832 
v 0.029291 1.57617 0.0805565 
v 0.0212646 1.56994 0.0829952 
v 0.010012 1.56729 0.0854448 
v 0.0316127 1.57149 0.06771 
v 0.0210558 1.56493 0.0685946 
v 0.00949498 1.56245 0.0704627 
v 0.0407066 1.57447 0.0498217 
v 0.0308135 1.56615 0.0495925 
v 0.0197278 1.56082 0.0524364 
v 0.00881473 1.55831 0.0540523 
v 0.0413312 1.56918 0.0330341 
v 0.0301593 1.55838 0.0353529 
v 0.0195734 1.55168 0.0397638 
v 0.00898632 1.54796 0.0421538 
v 0.0434585 1.55655 0.0204492 
v 0.0320582 1.54319 0.0256442 
v 0.0204415 1.53532 0.0303924 
v 0.00922447 1.53089 0.0323485 
v 0.0152646 1.55803 -0.080318 
v 0.0539717 1.55816 -0.0616138 
v 0.0383818 1.55682 -0.0738601 
v 0.0617641 1.55779 -0.0479764 
v 0.050052 1.53002 0.0115287 
v 0.0364176 1.52218 0.0193199 
v 0.0233899 1.51545 0.0231783 
v 0.0702124 1.53461 -0.0168607 
v 0.0615818 1.53513 -0.000489566 
v 0.0741381 1.53624 -0.0326096 
v 0.0736292 1.5403 -0.0491559 
v 0.409858 1.16271 0.0150683 
v 0.429303 1.11394 0.0207247 
v 0.447084 1.07205 0.0262459 
v 0.437706 1.1203 -0.00480436 
v 0.455459 1.07836 0.0048254 
v 0.336867 1.23413 0.0141265 
v 0.362218 1.18852 0.0179775 
v 0.388102 1.14034 0.0280814 
v 0.410259 1.09599 0.0306717 
v 0.43009 1.05711 0.0324564 
v 0.282053 1.25081 0.0189351 
v 0.312683 1.20972 0.0181428 
v 0.341188 1.16578 0.0185414 
v 0.367235 1.12052 0.0237137 
v 0.392285 1.07977 0.0238353 
v 0.41449 1.04321 0.0234643 
v 0.318316 1.26796 -0.058653 
v 0.342718 1.23191 -0.0491295 
v 0.37039 1.19165 -0.0444203 
v 0.401042 1.14799 -0.0407349 
v 0.428633 1.10722 -0.0306899 
v 0.450572 1.06977 -0.0175889 
v 0.305293 1.19473 -0.0468429 
v 0.335922 1.15287 -0.0444115 
v 0.368224 1.11235 -0.0429342 
v 0.396084 1.0763 -0.0381362 
v 0.419328 1.04312 -0.0296011 
v 0.351491 1.10169 -0.0218368 
v 0.379489 1.06632 -0.0197598 
v 0.405381 1.03486 -0.0144427 
v 0.352357 1.10576 0.00615161 
v 0.379421 1.06826 0.00560082 
v 0.404813 1.03492 0.00587424 
v 0.468193 1.0384 -0.00823135 
v 0.471183 1.0421 0.00209871 
v 0.471355 1.04485 0.0123244 
v 0.469641 1.0433 0.0230097 
v 0.463918 1.04001 0.0315244 
v 0.456279 1.03303 0.0363015 
v 0.447546 1.02685 0.036016 
v 0.440491 1.01973 0.0323567 
v 0.433948 1.0144 0.0255142 
v 0.429033 1.01091 0.0172655 
v 0.426584 1.00848 0.00929703 
v 0.425089 1.00862 0.000586223 
v 0.426398 1.00915 -0.00755589 
v 0.42995 1.01129 -0.0150338 
v 0.43728 1.0151 -0.0206382 
v 0.449887 1.02363 -0.0223603 
v 0.461683 1.03265 -0.017336 
v 0.32895 1.29209 -0.0239053 
v 0.30932 1.32364 -0.0295873 
v 0.291836 1.35339 -0.0334139 
v 0.279937 1.3773 -0.033888 
v 0.349445 1.24527 -0.0402165 
v 0.324834 1.27919 -0.0479248 
v 0.3044 1.31293 -0.0569127 
v 0.284263 1.3455 -0.0648955 
v 0.265264 1.37257 -0.0723153 
v 0.302786 1.20097 0.01232 
v 0.272841 1.2416 0.00722526 
v 0.241762 1.28093 -0.00185143 
v 0.211522 1.32326 -0.0101626 
v 0.192071 1.363 -0.0207332 
v 0.292229 1.18913 -0.0114569 
v 0.266073 1.23027 -0.0203664 
v 0.235118 1.26717 -0.0309687 
v 0.204843 1.30733 -0.0436468 
v 0.189002 1.34324 -0.0578423 
v 0.195101 1.34839 -0.0828608 
v 0.271414 1.39681 -0.0337758 
v 0.236826 1.45849 -0.037827 
v 0.184861 1.49696 -0.0519525 
v 0.163067 1.50183 -0.0585467 
v 0.154403 1.49863 -0.0734038 
v 0.17138 1.49277 -0.0714649 
v 0.22728 1.45652 -0.0628962 
v 0.266176 1.39339 -0.0568738 
v 0.163063 1.50413 -0.0441515 
v 0.176212 1.49587 -0.0145453 
v 0.152858 1.50318 -0.0319267 
v 0.123279 1.49122 -0.100482 
v 0.133011 1.48098 -0.104706 
v 0.180084 1.44531 -0.103108 
v 0.228519 1.39646 -0.094343 
v 0.241691 1.40633 0.0101376 
v 0.216287 1.45532 0.00784174 
v 0.0719355 1.50178 -0.106349 
v 0.115989 1.50962 -0.0821566 
v 0.0708746 1.51756 -0.0938893 
v 0.0950287 1.51365 -0.0887816 
v 0.0161242 1.49991 -0.109949 
v 0.0163473 1.51956 -0.100157 
v 0.044998 1.50195 -0.109093 
v 0.0450168 1.51937 -0.0971662 
v 0.132694 1.50195 -0.0834915 
v 0.0965909 1.50113 -0.101228 
v 0.117348 1.50138 -0.0928635 
v 0.13193 1.50984 -0.0510588 
v 0.146266 1.50549 -0.064249 
v 0.141717 1.50341 -0.0743316 
v 0.130923 1.50671 -0.0767485 
v 0.134498 1.50894 -0.0668347 
v 0.112882 1.51466 -0.0488334 
v 0.0988271 1.52163 -0.0723715 
v 0.0724705 1.53124 -0.0789236 
v 0.0443738 1.53667 -0.0848228 
v 0.0157755 1.53818 -0.0895571 
v 0.0432082 1.32458 0.0981928 
v 0.117713 1.32923 0.0861859 
v 0.157934 1.38612 0.0551484 
v 0.0229347 1.38901 0.0729056 
v 0.0892688 1.39875 0.0724218 
v 0.117017 1.41893 0.05669 
v 0.130223 1.432 0.0451973 
v 0.1434 1.44695 0.0327018 
v 0.158313 1.46256 0.0218949 
v 0.176122 1.4764 0.0112622 
v 0.194053 1.4855 -0.00286062 
v 0.206448 1.48885 -0.022777 
v 0.206201 1.48823 -0.04604 
v 0.191797 1.48456 -0.0686399 
v 0.170805 1.47791 -0.0887693 
v 0.146418 1.47037 -0.105962 
v 0.118178 1.46242 -0.119273 
v 0.0869671 1.45484 -0.127496 
v 0.0533888 1.44964 -0.128933 
v 0.0185281 1.44541 -0.124982 
v 0.0795164 1.47166 0.0260097 
v 0.093895 1.47711 0.0169311 
v 0.00979351 1.43183 0.0517327 
v 0.0624899 1.4418 0.0476299 
v 0.0920807 1.45438 0.0361124 
v 0.106676 1.46205 0.0265762 
v 0.168975 1.40669 0.0454861 
v 0.182275 1.42428 0.0361207 
v 0.202613 1.43481 0.0252923 
v 0.225164 1.43907 0.0105538 
v 0.243 1.44076 -0.0102926 
v 0.249286 1.44031 -0.0355027 
v 0.241491 1.43811 -0.06109 
v 0.223166 1.43475 -0.0835689 
v 0.197794 1.43154 -0.100388 
v 0.170278 1.42498 -0.113056 
v 0.152123 1.39378 -0.119205 
v 0.111208 1.38804 -0.1327 
v 0.0672158 1.38382 -0.139246 
v 0.0229094 1.3808 -0.134017 
v 0.179114 1.36392 -0.0972618 
v 0.151897 1.33268 -0.105241 
v 0.142483 1.31016 -0.101461 
v 0.0721684 1.34114 -0.135305 
v 0.0247892 1.34205 -0.133446 
v 0.205546 1.38251 0.0188232 
v 0.190066 1.38993 0.0208413 
v 0.177778 1.36947 0.0194432 
v 0.163058 1.34283 0.0213432 
v 0.153005 1.3173 0.0288886 
v 0.181926 1.37124 -0.0245512 
v 0.175846 1.34849 -0.0221379 
v 0.169619 1.31738 -0.019477 
v 0.163651 1.2905 -0.0138035 
v 0.183861 1.35033 -0.0668314 
v 0.177917 1.33205 -0.0682096 
v 0.167667 1.30478 -0.0649909 
v 0.1586 1.27952 -0.0599284 
v 0.134417 1.24895 0.0481359 
v 0.128413 1.15343 0.0565802 
v 0.150589 1.23789 -0.000271076 
v 0.145003 1.14621 0.0142995 
v 0.141421 1.22527 -0.0473567 
v 0.140474 1.13548 -0.0314121 
v 0.150043 1.347 0.0573137 
v 0.145993 1.36432 0.0651942 
v 0.0454504 1.30374 0.0991626 
v 0.0449826 1.25361 0.107115 
v 0.116489 1.22935 0.0708115 
v 0.131781 1.22692 0.051193 
v 0.142608 1.22302 0.0287525 
v 0.147634 1.21751 0.00453462 
v 0.145498 1.21138 -0.0193356 
v 0.138488 1.20668 -0.0420426 
v 0.126104 1.205 -0.0636934 
v 0.1068 1.20673 -0.0836724 
v 0.0806852 1.21232 -0.100063 
v 0.0141741 1.23089 -0.105304 
v 0.116978 1.34497 -0.12629 
v 0.152638 1.3554 -0.112779 
v 0.127978 1.32171 -0.115076 
v 0.0689825 1.31604 -0.130361 
v 0.0510301 1.24737 -0.115148 
v 0.0480936 1.22175 -0.109023 
v 0.0496709 1.12781 -0.0915783 
v 0.109928 1.22723 -0.0889149 
v 0.0836911 1.23557 -0.105055 
v 0.107028 1.3005 -0.116944 
v 0.166617 0.987602 0.00770286 
v 0.152646 1.05414 -0.00202051 
v 0.152493 1.08336 -0.00646684 
v 0.169369 0.910702 -0.0641641 
v 0.161369 0.962662 -0.0632653 
v 0.142891 1.03755 -0.0626355 
v 0.135555 1.06635 -0.0599537 
v 0.127847 1.08876 0.0631006 
v 0.124417 1.05341 0.0638427 
v 0.119539 0.964227 0.0734086 
v 0.124657 0.910838 0.0808971 
v 0.094978 0.711786 -0.104799 
v 0.0140834 1.1701 -0.0908125 
v 0.0475162 1.16382 -0.0956724 
v 0.0799485 1.15935 -0.088323 
v 0.105512 1.15805 -0.0729495 
v 0.123821 1.15902 -0.0530697 
v 0.136075 1.16176 -0.0313058 
v 0.142496 1.1662 -0.00930307 
v 0.143851 1.17183 0.0125352 
v 0.139281 1.17653 0.0343022 
v 0.129235 1.1796 0.0547664 
v 0.114601 1.1815 0.0736547 
v 0.0755972 1.18205 0.107947 
v 0.0490591 1.18052 0.121241 
v 0.0181773 1.1793 0.126356 
v 0.084322 1.08911 -0.0900619 
v 0.112159 1.09418 -0.0772131 
v 0.133422 1.09924 -0.0571729 
v 0.146022 1.10566 -0.0333337 
v 0.151017 1.11354 -0.00853017 
v 0.149353 1.11853 0.0164079 
v 0.140837 1.1212 0.0400129 
v 0.128108 1.123 0.0596802 
v 0.112348 1.12346 0.076263 
v 0.0732178 1.11772 0.107767 
v 0.0494483 1.11301 0.122197 
v 0.0189032 1.10787 0.127745 
v 0.0528344 1.08467 -0.0956728 
v 0.0630857 1.0018 -0.14011 
v 0.0856185 0.903661 -0.154364 
v 0.0572961 1.04422 -0.114713 
v 0.0175878 1.03908 -0.120457 
v 0.140336 0.779676 -0.0972844 
v 0.100077 1.01465 -0.120796 
v 0.123074 0.92249 -0.134201 
v 0.131746 0.87468 -0.125243 
v 0.136284 0.827888 -0.109029 
v 0.0977164 0.857799 -0.138795 
v 0.10576 0.815465 -0.11702 
v 0.0596311 0.748127 -0.0992935 
v 0.0494396 0.793056 -0.101271 
v 0.132346 0.852416 0.087136 
v 0.0158741 0.990573 0.116291 
v 0.041291 0.995045 0.111076 
v 0.0640971 0.999919 0.102252 
v 0.102572 1.00493 0.0802458 
v 0.121031 1.01479 0.0664846 
v 0.136595 1.02501 0.0499111 
v 0.148978 1.02847 0.0292992 
v 0.157627 1.02593 0.00378532 
v 0.16024 1.01794 -0.027834 
v 0.153509 1.00541 -0.0633633 
v 0.137228 0.988832 -0.0997865 
v 0.111601 0.970691 -0.133172 
v 0.0727224 0.953182 -0.155403 
v 0.0279571 0.931431 -0.158964 
v 0.000413193 0.8916 -0.144758 
v 0.0222444 0.723635 0.0298197 
v 0.139104 0.791741 0.0876789 
v 0.142933 0.732261 0.0821823 
v 0.14184 0.67724 0.0729803 
v 0.164383 0.636452 0.0461667 
v 0.179579 0.640918 0.0194931 
v 0.169261 0.544183 -0.00323396 
v 0.175468 0.485725 -0.016634 
v 0.191176 0.423068 -0.0201977 
v 0.201102 0.361557 -0.0224295 
v 0.160066 0.540586 -0.0721852 
v 0.122709 0.477506 -0.100371 
v 0.176968 0.545365 -0.039875 
v 0.18209 0.487718 -0.0504829 
v 0.197035 0.427754 -0.058842 
v 0.208513 0.368243 -0.0620838 
v 0.0768493 0.517887 0.00683575 
v 0.0934499 0.466126 -0.00398427 
v 0.111408 0.405816 -0.0102508 
v 0.121348 0.34545 -0.0130857 
v 0.0412756 0.598816 -0.0274563 
v 0.0542366 0.515278 -0.0382839 
v 0.072461 0.463575 -0.041579 
v 0.0864923 0.404855 -0.0436285 
v 0.0912843 0.343861 -0.0438079 
v 0.148443 0.402119 0.00542762 
v 0.172476 0.352601 0.00227486 
v 0.138466 0.630051 0.0623436 
v 0.107351 1.48167 0.00651452 
v 0.120547 1.46997 0.0155123 
v 0.107748 1.49697 -0.0156138 
v 0.131252 1.48 0.00388904 
v 0.119482 1.48636 -0.00325271 
v 0.129466 0.286285 -0.0155137 
v 0.145971 0.288264 -0.0070379 
v 0.151585 0.233613 -0.0106281 
v 0.158544 0.182975 -0.0109237 
v 0.17728 0.293221 -0.0029255 
v 0.17902 0.237606 -0.00834002 
v 0.181522 0.185628 -0.0109538 
v 0.203304 0.300854 -0.0249096 
v 0.201806 0.243163 -0.0263897 
v 0.200239 0.189673 -0.028385 
v 0.198051 0.192231 -0.0700138 
v 0.20451 0.249795 -0.0721218 
v 0.206874 0.309352 -0.0778919 
v 0.102655 0.285402 -0.0441866 
v 0.116926 0.231648 -0.0452491 
v 0.130671 0.180881 -0.0422307 
v 0.196809 0.249615 -0.0867836 
v 0.190145 0.193163 -0.0823884 
v 0.150691 0.188299 -0.0925144 
v 0.0932928 0.51835 0.0263283 
v 0.125207 0.449443 0.0109303 
v 0.142922 0.444128 0.0120012 
v 0.160202 0.489928 0.0162447 
v 0.135139 0.559155 0.0459084 
v 0.113659 0.558803 0.0497889 
v 0.0957712 0.546652 0.0415351 
v 0.105984 0.478286 0.0150564 
v 0.156581 0.455635 0.0117386 
v 0.151696 0.534266 0.0309698 
v 0.160449 0.591694 0.035129 
v 0.173857 0.593399 0.0113172 
v 0.176449 0.595479 -0.0125734 
v 0.175265 0.596182 -0.0351832 
v 0.170293 0.594674 -0.0553362 
v 0.158844 0.591597 -0.0705661 
v 0.144732 0.588012 -0.0825378 
v 0.128633 0.583708 -0.0906229 
v 0.110531 0.578529 -0.0920391 
v 0.0908052 0.573176 -0.0877154 
v 0.0691218 0.567561 -0.0776981 
v 0.0524188 0.562304 -0.0583774 
v 0.0466469 0.55851 -0.0328291 
v 0.0529917 0.557762 -0.00561843 
v 0.0673476 0.561906 0.0216569 
v 0.0866421 0.574062 0.0450905 
v 0.110244 0.586076 0.0557686 
v 0.136552 0.591618 0.0524675 
v 0.461175 1.00721 -0.0174992 
v 0.472795 1.01153 -0.0142344 
v 0.0105175 1.51097 0.0237826 
v 0.0103142 1.47159 0.0278934 
v 0.00593855 1.38769 0.0694562 
v 0.0116282 1.34548 0.0840115 
v 0.0136356 1.32626 0.0886225 
v 0.0179922 1.28291 -0.121218 
v 0.0553082 1.27106 -0.120883 
v 0.088519 1.25709 -0.109908 
v 0.11505 1.24653 -0.0937116 
v 0.134144 1.24165 -0.0737401 
v 0.146019 1.24202 -0.0517106 
v 0.152999 1.24713 -0.0286386 
v 0.154618 1.25518 -0.00436146 
v 0.149333 1.26397 0.0206948 
v 0.138666 1.27109 0.0449785 
v 0.122243 1.26977 0.0661068 
v 0.0457697 1.26991 0.102461 
v 0.0148647 1.27096 0.102086 
v 0.0151863 1.28827 0.0964161 
v 0.0463644 1.28518 0.099802 
v 0.123092 1.2897 0.0699879 
v 0.150986 1.33123 0.0444693 
v 0.164299 1.35612 0.0375434 
v 0.179162 1.38058 0.0344211 
v 0.0199703 1.42922 -0.128102 
v 0.0583796 1.43343 -0.132887 
v 0.0962631 1.43934 -0.130035 
v 0.131297 1.44928 -0.119934 
v 0.16263 1.45863 -0.105058 
v 0.189717 1.46576 -0.0868064 
v 0.211275 1.47207 -0.0655383 
v 0.223094 1.47429 -0.0413572 
v 0.221081 1.47433 -0.0170674 
v 0.206414 1.47133 0.00363078 
v 0.187081 1.46319 0.01813 
v 0.167929 1.44979 0.028844 
v 0.15273 1.43365 0.0393095 
v 0.140689 1.41689 0.0515278 
v 0.128584 1.40107 0.0635815 
v 0.101762 1.37506 0.0822087 
v 0.0303846 1.36696 0.0838253 
v 0.00879651 1.36624 0.0772368 
v 0.0774224 1.44746 0.0429108 
v 0.0905312 1.42848 0.0545194 
v 0.103771 1.40812 0.0657295 
v 0.115955 1.38678 0.0739584 
v 0.125703 1.36463 0.0777708 
v 0.132616 1.3432 0.0754505 
v 0.136536 1.3239 0.0671833 
v 0.139262 1.30747 0.0549654 
v 0.145615 1.29413 0.0380236 
v 0.153503 1.28246 0.0159364 
v 0.158551 1.27107 -0.00824795 
v 0.15781 1.26273 -0.0323953 
v 0.151541 1.25905 -0.0557379 
v 0.140348 1.26035 -0.0774804 
v 0.122226 1.26648 -0.0974497 
v 0.0960455 1.2784 -0.114075 
v 0.0613117 1.29392 -0.125869 
v 0.0207482 1.30491 -0.126911 
v 0.0835981 1.36905 0.0875052 
v 0.0933229 1.34635 0.0941471 
v 0.100991 1.32345 0.095586 
v 0.10315 1.30149 0.0904501 
v 0.10275 1.28179 0.0844078 
v 0.101788 1.26536 0.0829625 
v 0.099065 1.24965 0.0851526 
v 0.0975779 1.23071 0.0880184 
v 0.0746882 1.23141 0.102746 
v 0.0742632 1.2514 0.0988751 
v 0.0763224 1.26664 0.0960291 
v 0.077613 1.28112 0.095569 
v 0.0783236 1.30022 0.0982201 
v 0.0765363 1.32219 0.100485 
v 0.0758635 1.2085 0.106245 
v 0.0976373 1.20824 0.0900133 
v 0.115472 1.2067 0.0725513 
v 0.130169 1.20412 0.0536358 
v 0.140864 1.20067 0.0321374 
v 0.145572 1.19535 0.00899106 
v 0.143539 1.18952 -0.013838 
v 0.136644 1.1852 -0.0361461 
v 0.12387 1.18321 -0.057626 
v 0.104832 1.18336 -0.0776097 
v 0.0788119 1.18654 -0.0939814 
v 0.046492 1.1933 -0.10221 
v 0.0137631 1.20202 -0.0974726 
v 0.0224292 1.39877 -0.132546 
v 0.0664701 1.40186 -0.138179 
v 0.111728 1.40648 -0.131946 
v 0.155043 1.41152 -0.11903 
v 0.187344 1.4145 -0.108622 
v 0.213935 1.41596 -0.0977134 
v 0.237758 1.41533 -0.0815168 
v 0.254727 1.4157 -0.0592785 
v 0.261331 1.41866 -0.0343335 
v 0.253286 1.42187 -0.00980948 
v 0.233707 1.42278 0.0111244 
v 0.208678 1.42075 0.0265229 
v 0.188128 1.41161 0.036488 
v 0.0969391 1.18231 0.0912857 
v 0.0952524 1.15362 0.0911988 
v 0.0933849 1.12126 0.0918114 
v 0.0927359 1.08393 0.0934319 
v 0.0908156 1.04389 0.0919174 
v 0.0843135 1.00192 0.0915498 
v 0.0717172 0.955524 0.0952807 
v 0.0540477 0.908166 0.103217 
v 0.0325056 0.869542 0.109 
v 0.00900899 0.848149 0.104894 
v 0.0684523 1.34491 0.0971339 
v 0.0585034 1.36748 0.0884839 
v 0.0481038 1.39052 0.076432 
v 0.0374439 1.41327 0.0636096 
v 0.0278905 1.43464 0.0519089 
v 0.0714784 1.39282 0.076284 
v 0.0581903 1.41626 0.0627933 
v 0.0461529 1.43768 0.0507743 
v 0.0501561 1.46106 0.0375419 
v 0.0526885 1.48234 0.0218351 
v 0.0181136 1.45383 0.0405097 
v 0.0301099 1.49522 0.0199974 
v 0.0169162 1.49142 0.0209346 
v 0.0248457 1.47491 0.028877 
v 0.0346152 1.45748 0.0401009 
v 0.0391681 1.47817 0.0271319 
v 0.0648524 1.4658 0.0327656 
v -0.00366319 0.854335 -0.111677 
v -0.00367851 0.827866 -0.0698013 
v -0.00461547 0.819538 -0.0442859 
v -0.00343182 0.839373 -0.091237 
v -0.0021065 0.823445 -0.0639064 
v -0.00280452 0.87139 -0.129178 
v -0.00092961 0.846449 -0.10543 
v 0.00383988 0.813708 0.0561489 
v 0.0168124 1.4717 -0.118971 
v 0.129592 1.49561 -0.0170996 
v 0.0934004 1.51991 -0.0378564 
v 0.0819491 1.53253 -0.0473916 
v 0.0493233 1.50242 0.0120494 
v 0.180193 1.35762 -0.0919932 
v 0.183421 1.37643 -0.0128453 
v 0.191752 1.39385 0.0275136 
v 0.185598 1.41766 0.0365056 
v 0.137865 1.47745 0.00715561 
v 0.100403 1.50549 -0.0229967 
v 0.0822222 1.52589 -0.0320432 
v 0.08635 1.513 -0.0214233 
v 0.0883748 1.48694 -0.113976 
v 0.0161436 1.49023 -0.113423 
v 0.0315511 1.48251 -0.117414 
v 0.0192356 1.4372 -0.12656 
v 0.0245442 1.33272 -0.132058 
v 0.011036 0.913282 -0.153201 
v 0.00638025 0.876965 -0.138243 
v 0.0191443 1.12711 0.127589 
v 0.0150527 1.27926 0.099458 
v 0.0143802 1.31655 0.0907375 
v 0.0472865 1.49051 0.0173709 
v 0.0393427 1.5107 0.0165246 
v 0.0365771 1.49743 0.0182961 
v 0.0172313 1.19378 0.124087 
v 0.0158363 1.22014 0.118631 
v 0.0324838 1.20755 0.120572 
v 0.0483742 1.19456 0.119527 
v 0.0492311 1.13127 0.12145 
v 0.0124218 0.931777 0.111371 
v 0.0471253 1.2202 0.115264 
v 0.0623681 1.20803 0.112636 
v 0.162392 1.33426 -0.0968881 
v 0.163447 1.4562 0.0256868 
v 0.175182 1.35417 -0.0110967 
v 0.17856 1.37475 0.0276242 
v 0.172458 1.39978 0.0446431 
v 0.148158 1.4404 0.0362452 
v 0.126573 1.46472 0.019861 
v 0.0868367 1.50178 -0.0102082 
v 0.0751024 1.52218 -0.016999 
v 0.074784 1.5098 -0.00799942 
v 0.158908 1.50388 -0.037763 
v 0.132666 1.49319 -0.0940368 
v 0.17846 1.33362 -0.0568039 
v 0.183184 1.35222 -0.0558993 
v 0.104676 1.17105 -0.0748543 
v 0.110641 1.11192 -0.0745184 
v 0.0732989 1.49378 -0.111602 
v 0.0455498 1.4929 -0.113808 
v 0.0479709 1.47536 -0.12113 
v 0.0773144 1.47836 -0.120062 
v 0.0611389 1.48521 -0.117463 
v 0.0558244 1.44143 -0.130826 
v 0.0913421 1.44709 -0.128705 
v 0.0717897 1.32844 -0.132242 
v 0.150648 1.30824 -0.0933145 
v 0.16999 1.30599 -0.0540553 
v 0.167453 1.32356 -0.00829018 
v 0.163608 1.34944 0.0298218 
v 0.160912 1.3783 0.0527727 
v 0.135488 1.42444 0.04856 
v 0.112873 1.4547 0.0315097 
v 0.0604606 1.49498 0.0100703 
v 0.0738034 1.49858 0.00096764 
v 0.052666 1.51674 0.00888772 
v 0.0650841 1.52044 -0.0027815 
v 0.0624282 1.50692 0.00328331 
v 0.116061 1.31199 -0.116784 
v 0.136345 1.299 -0.10066 
v 0.305997 1.22393 -0.0602003 
v 0.25441 1.30291 -0.0805608 
v 0.200837 1.37737 -0.100653 
v 0.182343 1.38172 -0.104715 
v 0.150614 1.3842 -0.118747 
v 0.11119 1.37811 -0.132018 
v 0.0233602 1.37091 -0.134213 
v 0.0679395 1.37385 -0.138702 
v 0.0178733 1.04848 0.125515 
v 0.0483013 1.05328 0.119835 
v 0.120024 1.04311 -0.0884181 
v 0.0789204 1.17331 -0.090776 
v 0.0831702 1.10873 -0.087149 
v 0.142157 0.966635 -0.100745 
v 0.152274 0.393174 -0.11887 
v 0.0900496 0.939641 0.0885019 
v 0.151826 0.376753 0.00385824 
v 0.0149417 0.971475 0.113457 
v 0.0249608 0.954259 0.110097 
v 0.0384418 0.976127 0.108962 
v 0.033012 0.9379 0.107659 
v 0.0458676 0.958568 0.104901 
v 0.00941658 0.862899 0.110268 
v 0.0501174 0.938451 0.102908 
v 0.0597568 0.979409 0.101544 
v 0.0637795 0.957418 0.0985039 
v 0.0723633 1.05893 0.106953 
v 0.073527 1.1351 0.107359 
v 0.075651 1.19561 0.107137 
v 0.0149057 1.24387 0.1117 
v 0.0309609 1.23237 0.114654 
v 0.0864121 0.376297 -0.0673262 
v 0.104246 0.80046 0.094882 
v 0.00825661 0.749997 -0.0480479 
v 0.109882 0.792884 -0.109872 
v 0.123114 0.782588 0.0920979 
v 0.175747 0.806465 0.0514322 
v 0.19092 0.806045 -0.015113 
v 0.171885 0.794898 -0.0721649 
v 0.127343 0.774498 -0.102362 
v 0.100305 0.76399 -0.106701 
v 0.117264 0.745391 -0.103055 
v 0.0214365 0.733524 -0.0667319 
v 0.0100763 0.725333 -0.0299347 
v 0.0202962 0.707329 -0.0513445 
v 0.0332418 0.727123 0.0465427 
v 0.0908511 0.761302 0.0902281 
v 0.109313 0.744056 0.089941 
v 0.106698 0.946397 0.0814617 
v 0.149403 0.986604 0.0460306 
v 0.168288 0.983613 -0.00897021 
v 0.154919 0.953011 -0.0822201 
v 0.0269154 0.871747 -0.143552 
v 0.00230697 0.826353 -0.0790345 
v -0.00247461 0.810214 -0.0349805 
v 0.00145221 0.810065 -0.053463 
v 0.0194022 0.815515 0.0666876 
v 0.0799512 0.899927 0.0958053 
v 0.0956085 0.903639 0.0911696 
v 0.00784402 0.847697 -0.115524 
v 0.0257924 0.842674 -0.122506 
v 0.0113895 0.825781 -0.0904838 
v 0.0270251 0.76065 -0.08038 
v 0.0383911 0.715767 -0.0816225 
v 0.045742 0.7432 -0.0916015 
v 0.093511 0.380312 -0.0897371 
v 0.263422 1.38598 -0.00250024 
v 0.278597 1.35898 -0.00552472 
v 0.279515 1.3745 -0.0439725 
v 0.292479 1.35095 -0.0417614 
v 0.257013 1.37209 -0.0800159 
v 0.278537 1.34296 -0.0714947 
v 0.221425 1.36587 -0.0958698 
v 0.248986 1.3285 -0.0862972 
v 0.233151 1.31866 -0.0839716 
v 0.207761 1.35846 -0.0937793 
v 0.227566 1.34392 -0.0910113 
v 0.192899 1.34528 -0.0781547 
v 0.211199 1.30666 -0.0626044 
v 0.189046 1.34474 -0.049103 
v 0.205817 1.30975 -0.0365336 
v 0.194594 1.36843 -0.00910327 
v 0.215608 1.32969 -0.000784063 
v 0.21394 1.38539 0.0206897 
v 0.240009 1.3528 0.0196502 
v 0.304137 1.2702 0.0214649 
v 0.272165 1.31165 0.0208352 
v 0.299778 1.32524 -0.00486293 
v 0.323997 1.29026 -0.0017493 
v 0.32889 1.29027 -0.0302521 
v 0.309771 1.32161 -0.036951 
v 0.300314 1.30871 -0.062697 
v 0.321956 1.27372 -0.0534736 
v 0.301124 1.24941 -0.0660938 
v 0.275657 1.28832 -0.0756489 
v 0.28703 1.23838 -0.0612245 
v 0.260503 1.277 -0.072513 
v 0.281517 1.2628 -0.0698268 
v 0.268921 1.22932 -0.0383863 
v 0.239487 1.2656 -0.0495269 
v 0.235375 1.26929 -0.0243304 
v 0.266558 1.23195 -0.0136971 
v 0.276912 1.24583 0.0132483 
v 0.245693 1.2864 0.00610729 
v 0.260571 1.37507 0.00529916 
v 0.236388 1.37361 0.0178354 
v 0.206948 1.35688 0.00550908 
v 0.21776 1.3668 0.0174577 
v 0.247625 1.32662 0.019981 
v 0.234834 1.31401 0.0104254 
v 0.225229 1.34185 0.0145096 
v 0.280663 1.2845 0.0225355 
v 0.266624 1.2714 0.0162135 
v 0.256845 1.29892 0.0185936 
v 0.295938 1.29683 0.0179178 
v 0.307539 1.30541 0.00468028 
v 0.264854 1.33706 0.0172019 
v 0.281822 1.34193 0.00335145 
v 0.260417 1.35902 0.0118377 
v 0.287817 1.32089 0.0115141 
v 0.395836 1.1048 -0.0443357 
v 0.331292 1.22732 0.0169756 
v 0.348897 1.25223 0.00210161 
v 0.354243 1.25764 -0.0232523 
v 0.346227 1.23867 -0.0447082 
v 0.325559 1.2107 -0.0579395 
v 0.311701 1.19908 -0.0524155 
v 0.332764 1.18392 -0.0539906 
v 0.295302 1.18931 -0.0300178 
v 0.29374 1.19092 -0.00500052 
v 0.307408 1.20503 0.0154614 
v 0.38233 1.13512 0.0276833 
v 0.356704 1.18227 0.0187353 
v 0.404899 1.15763 0.0201623 
v 0.37792 1.20782 0.0102804 
v 0.415822 1.16913 -0.00655609 
v 0.386607 1.2181 -0.0159911 
v 0.404901 1.154 -0.0348574 
v 0.374599 1.19882 -0.0398929 
v 0.387313 1.13009 -0.0479095 
v 0.355151 1.17062 -0.0534582 
v 0.374725 1.11794 -0.045728 
v 0.34209 1.15818 -0.048851 
v 0.365293 1.14387 -0.0499699 
v 0.354109 1.10313 -0.0278104 
v 0.323777 1.14403 -0.0281242 
v 0.350571 1.10376 -0.000773151 
v 0.321492 1.14573 -0.00115107 
v 0.362985 1.11649 0.0205321 
v 0.336334 1.16095 0.0171223 
v 0.366251 1.23553 -0.000323558 
v 0.369909 1.23971 -0.0136353 
v 0.396697 1.18819 0.0100448 
v 0.402028 1.19426 -0.00404794 
v 0.385007 1.2167 -0.00178487 
v 0.400828 1.19217 -0.0188832 
v 0.393992 1.18273 -0.0320142 
v 0.368697 1.23632 -0.0264093 
v 0.363392 1.22615 -0.0372382 
v 0.382447 1.21142 -0.0294496 
v 0.424996 1.11001 0.0249128 
v 0.43698 1.12076 0.00218606 
v 0.43171 1.11162 -0.0250235 
v 0.41493 1.09215 -0.0396393 
v 0.402438 1.0813 -0.0397718 
v 0.420791 1.06894 -0.0356351 
v 0.382063 1.06774 -0.0252155 
v 0.37811 1.06696 -0.000610601 
v 0.388388 1.07652 0.0203449 
v 0.405359 1.09177 0.0300418 
v 0.443123 1.06872 0.0294326 
v 0.454502 1.07852 0.0107947 
v 0.452626 1.07303 -0.0124785 
v 0.437359 1.0567 -0.0290627 
v 0.425064 1.04732 -0.0307136 
v 0.441178 1.03665 -0.0261 
v 0.407405 1.03613 -0.019113 
v 0.4038 1.03439 0.000967149 
v 0.411311 1.04055 0.019589 
v 0.425755 1.05359 0.0313795 
v 0.3069 1.16576 -0.0226078 
v 0.305856 1.1664 -0.0092051 
v 0.309689 1.17112 0.00395786 
v 0.317346 1.17895 0.0133741 
v 0.338539 1.12685 0.0056668 
v 0.345679 1.13403 0.0156941 
v 0.327578 1.15222 0.010509 
v 0.336723 1.12192 -0.0218617 
v 0.335188 1.12255 -0.00805436 
v 0.320275 1.14304 -0.0151793 
v 0.259826 1.35658 -0.0819241 
v 0.243415 1.35139 -0.0897149 
v 0.27009 1.31343 -0.0796572 
v 0.283902 1.32243 -0.072581 
v 0.264768 1.33678 -0.0817285 
v 0.306582 1.28588 -0.0629823 
v 0.295373 1.27453 -0.0696843 
v 0.28934 1.29912 -0.0716134 
v 0.267488 1.25288 -0.0619873 
v 0.257616 1.24799 -0.0499106 
v 0.228171 1.2866 -0.0619685 
v 0.239292 1.29273 -0.0738766 
v 0.247423 1.2687 -0.0620077 
v 0.213916 1.33534 -0.0854269 
v 0.204186 1.32918 -0.0755755 
v 0.219865 1.31032 -0.0746442 
v 0.0484135 0.834322 -0.12473 
v 0.0260765 0.820557 -0.0996376 
v 0.0359293 0.787207 -0.0920607 
v 0.0439884 0.811183 -0.105759 
v 0.0119685 0.775424 -0.0655232 
v 0.00856247 0.806971 -0.0684536 
v 0.0200728 0.799462 -0.0811885 
v 0.00122086 0.764111 -0.0268664 
v -0.00154884 0.793192 -0.0289425 
v 0.00300593 0.786131 -0.048297 
v 0.0257905 0.767954 0.05522 
v 0.0224176 0.798723 0.0616852 
v 0.0862943 0.814195 0.0942953 
v 0.0832574 0.861704 0.0965433 
v 0.117171 0.841195 0.0926248 
v 0.111226 0.896942 0.0876497 
v 0.0995401 0.855042 0.094737 
v 0.167881 0.869723 0.0532733 
v 0.15839 0.931753 0.0517076 
v 0.186359 0.867218 -0.0130876 
v 0.17656 0.929377 -0.0107348 
v 0.169815 0.849081 -0.0770576 
v 0.163227 0.902229 -0.0814302 
v 0.156978 0.404815 0.00564678 
v 0.186038 0.421333 -0.0120972 
v 0.196508 0.426682 -0.0487997 
v 0.188996 0.429365 -0.0871637 
v 0.158774 0.424607 -0.112129 
v 0.138009 0.421113 -0.114281 
v 0.144649 0.451869 -0.10731 
v 0.0993181 0.413164 -0.0961998 
v 0.0875756 0.408592 -0.0769908 
v 0.0913485 0.440861 -0.0832716 
v 0.0844468 0.405531 -0.0545776 
v 0.081937 0.43681 -0.0638795 
v 0.102981 0.405111 -0.0169387 
v 0.13963 0.401561 0.00367252 
v 0.14563 0.424316 0.00760945 
v 0.17261 0.48446 -0.0079642 
v 0.181868 0.487167 -0.0415743 
v 0.174563 0.487257 -0.0755444 
v 0.148572 0.481667 -0.0978732 
v 0.131654 0.478793 -0.101121 
v 0.136385 0.507538 -0.0945979 
v 0.0963619 0.471832 -0.0866814 
v 0.0813928 0.467397 -0.0713222 
v 0.0828489 0.496573 -0.0776013 
v 0.0731361 0.464311 -0.0520603 
v 0.0680583 0.492651 -0.0611032 
v 0.086105 0.463787 -0.0127167 
v 0.129031 0.505174 0.0366085 
v 0.127035 0.724805 0.0855647 
v 0.179071 0.74578 0.0471766 
v 0.189819 0.748325 -0.0172555 
v 0.170777 0.741499 -0.068649 
v 0.131992 0.726246 -0.0980667 
v 0.107631 0.716758 -0.104106 
v 0.122336 0.698202 -0.100944 
v 0.0562221 0.697986 -0.0917883 
v 0.0341802 0.689251 -0.0687822 
v 0.0498328 0.671817 -0.0814986 
v 0.0235703 0.682915 -0.0351465 
v 0.033481 0.66419 -0.0540505 
v 0.0419686 0.683532 0.0366385 
v 0.0951325 0.707695 0.0819128 
v 0.11147 0.689686 0.0806599 
v 0.126456 0.671354 0.0756512 
v 0.177553 0.689744 0.0405371 
v 0.185188 0.694855 -0.0195356 
v 0.168448 0.691075 -0.0668162 
v 0.134936 0.67909 -0.0957227 
v 0.112654 0.671187 -0.101754 
v 0.125642 0.652365 -0.0977295 
v 0.0656141 0.654788 -0.0896917 
v 0.045755 0.64654 -0.0690789 
v 0.0594892 0.629757 -0.0798561 
v 0.0351491 0.641028 -0.0391646 
v 0.0436326 0.623032 -0.0557644 
v 0.0486393 0.640174 0.0274587 
v 0.0961631 0.65773 0.0715619 
v 0.110389 0.641475 0.0699309 
v 0.165767 0.543126 0.00660605 
v 0.176357 0.545144 -0.0306684 
v 0.16638 0.54207 -0.0657247 
v 0.140532 0.535713 -0.0885428 
v 0.124797 0.532282 -0.0929565 
v 0.130302 0.559358 -0.0901888 
v 0.0873461 0.523953 -0.0826561 
v 0.0677862 0.519581 -0.0693466 
v 0.0723611 0.545262 -0.0770733 
v 0.0564961 0.516151 -0.0494613 
v 0.0557412 0.540749 -0.0591456 
v 0.0692177 0.51592 -0.00416726 
v 0.111687 0.571983 0.0522323 
v 0.164117 0.275239 -0.10897 
v 0.113652 0.26371 -0.0832872 
v 0.108146 0.260302 -0.0641787 
v 0.133424 0.258638 -0.0172638 
v 0.163912 0.350593 0.00301677 
v 0.169528 0.291887 -0.00182934 
v 0.195354 0.359334 -0.0138078 
v 0.19802 0.298832 -0.0171236 
v 0.208115 0.36695 -0.0518941 
v 0.209877 0.306697 -0.051609 
v 0.199513 0.369548 -0.0911764 
v 0.202736 0.309402 -0.0865498 
v 0.166641 0.365202 -0.118292 
v 0.172017 0.305895 -0.11215 
v 0.143711 0.361365 -0.120431 
v 0.150634 0.302574 -0.114612 
v 0.158584 0.333674 -0.118763 
v 0.102159 0.352338 -0.100055 
v 0.11223 0.293784 -0.0955638 
v 0.0908261 0.34786 -0.0795159 
v 0.102066 0.289552 -0.0764745 
v 0.0997266 0.320357 -0.0892296 
v 0.088931 0.344744 -0.0555693 
v 0.100388 0.286496 -0.0547752 
v 0.093162 0.316479 -0.0669695 
v 0.112768 0.344646 -0.0188023 
v 0.121404 0.285694 -0.0208182 
v 0.146927 0.347894 -1.69103e-05 
v 0.158843 0.319822 0.000342766 
v 0.172327 0.236497 -0.00693913 
v 0.197199 0.241664 -0.020096 
v 0.207621 0.247736 -0.0493329 
v 0.200997 0.249853 -0.0796764 
v 0.174897 0.247475 -0.101643 
v 0.156704 0.24515 -0.103468 
v 0.16633 0.218227 -0.0986706 
v 0.125692 0.238409 -0.0874647 
v 0.117446 0.235 -0.0715561 
v 0.126435 0.210164 -0.0769927 
v 0.115583 0.232505 -0.0537795 
v 0.122246 0.207677 -0.0608369 
v 0.130677 0.231543 -0.0240867 
v 0.144495 0.232897 -0.0142953 
v 0.141741 0.206678 -0.0193463 
v 0.171364 0.902662 0.0389446 
v 0.180746 0.90132 0.00579135 
v 0.18876 0.837897 0.00337941 
v 0.180012 0.83906 0.0371212 
v 0.181902 0.870752 0.0219401 
v 0.185062 0.777158 0.0338097 
v 0.191319 0.777354 0.000492237 
v 0.188203 0.807803 0.0191075 
v 0.185382 0.71902 0.0283715 
v 0.189257 0.720805 -0.00349165 
v 0.189661 0.748265 0.0149655 
v 0.181531 0.665977 0.0223206 
v 0.184298 0.668694 -0.00700331 
v 0.186673 0.693365 0.0096698 
v 0.180005 0.669463 -0.0331601 
v 0.172651 0.66797 -0.0561185 
v 0.18504 0.720754 -0.0324489 
v 0.175888 0.718106 -0.0570642 
v 0.178783 0.69413 -0.0451105 
v 0.188483 0.775572 -0.0319268 
v 0.178827 0.771149 -0.0591401 
v 0.183102 0.746249 -0.0457353 
v 0.187947 0.83387 -0.0312088 
v 0.178916 0.826878 -0.0617867 
v 0.185133 0.801921 -0.0469535 
v 0.18067 0.894439 -0.0295477 
v 0.17339 0.883011 -0.0636776 
v 0.181964 0.859947 -0.0472054 
v 0.0912262 0.735012 -0.105034 
v 0.0645436 0.725067 -0.0989172 
v 0.098037 0.689356 -0.103512 
v 0.0732565 0.680678 -0.0975488 
v 0.0820001 0.707115 -0.102692 
v 0.103628 0.644999 -0.0997317 
v 0.0810196 0.637604 -0.0939602 
v 0.0889979 0.663138 -0.100007 
v 0.113037 0.554976 -0.0915353 
v 0.0938144 0.550184 -0.0870002 
v 0.125126 0.448892 -0.106706 
v 0.106559 0.44536 -0.0984494 
v 0.129395 0.389288 -0.116642 
v 0.108696 0.384987 -0.106857 
v 0.116929 0.417498 -0.109086 
v 0.135433 0.329722 -0.116744 
v 0.114547 0.325093 -0.106552 
v 0.120751 0.35712 -0.113966 
v 0.162978 0.764038 -0.079742 
v 0.141904 0.75514 -0.0944341 
v 0.162241 0.713265 -0.0768319 
v 0.144205 0.706516 -0.0915576 
v 0.153543 0.734702 -0.086067 
v 0.161175 0.664549 -0.0748961 
v 0.145308 0.659142 -0.0888254 
v 0.15383 0.686017 -0.0837489 
v 0.158903 0.566481 -0.0705911 
v 0.145369 0.563076 -0.0823335 
v 0.176304 0.458014 -0.0896029 
v 0.162111 0.455157 -0.101444 
v 0.189208 0.399134 -0.0990967 
v 0.173005 0.396742 -0.112671 
v 0.176241 0.427826 -0.102605 
v 0.196062 0.339069 -0.0982466 
v 0.179678 0.337004 -0.112015 
v 0.185813 0.368191 -0.107648 
v 0.197373 0.27922 -0.0905943 
v 0.182949 0.277751 -0.102926 
v 0.190174 0.308359 -0.102029 
v 0.144093 0.272023 -0.107278 
v 0.126251 0.267937 -0.0984108 
v 0.12938 0.298503 -0.108863 
v 0.160577 0.435014 0.00661903 
v 0.174548 0.451601 -0.00344612 
v 0.164726 0.513961 0.00732548 
v 0.164405 0.485576 0.00864998 
v 0.0599286 0.621548 0.0371276 
v 0.0827121 0.629746 0.0592133 
v 0.0559004 0.664754 0.0468974 
v 0.0814062 0.674965 0.0697161 
v 0.0692993 0.646474 0.0545658 
v 0.049716 0.710091 0.0566428 
v 0.0778417 0.724981 0.0795948 
v 0.0659833 0.692699 0.0646148 
v 0.0170349 0.702285 -0.0130556 
v 0.027779 0.702726 0.0247155 
v 0.0292692 0.660241 -0.0196305 
v 0.0373943 0.660015 0.0155456 
v 0.0265538 0.680693 0.00205506 
v 0.0383723 0.619081 -0.0250086 
v 0.0443924 0.618053 0.00749004 
v 0.0363644 0.638727 -0.00540648 
v 0.0180498 0.744141 0.0341008 
v 0.00558111 0.742985 -0.00621844 
v 0.0150598 0.722542 0.0108352 
v -0.000480098 0.776383 -0.00423321 
v 0.0119099 0.778862 0.0402752 
v 0.00605547 0.76055 0.0175855 
v -0.00234083 0.798103 -0.00690144 
v 0.00926486 0.80036 0.0426126 
v 0.00210931 0.787872 0.0190551 
v -0.00413711 0.810193 0.00672122 
v -0.0039149 0.810138 -0.0137907 
v 0.00385152 0.808713 0.0378209 
v -0.000282938 0.803108 0.0163806 
v 0.0725696 0.77584 0.0870114 
v 0.0424201 0.755151 0.0658279 
v 0.0600769 0.740759 0.0739352 
v 0.0379137 0.794817 0.0736865 
v 0.0692139 0.822508 0.0924325 
v 0.0548468 0.787072 0.0815274 
v 0.0358371 0.822113 0.0823084 
v 0.0671674 0.86057 0.0983746 
v 0.0523464 0.82508 0.0895132 
v 0.0335909 0.840036 0.0918058 
v 0.0637907 0.887401 0.100781 
v 0.0502773 0.852311 0.0978519 
v 0.031032 0.881084 0.110169 
v 0.0495293 0.914381 0.10412 
v 0.0102006 0.894244 0.113345 
v 0.0211779 0.915971 0.110657 
v 0.0200289 0.883797 0.112307 
v 0.0385924 0.923277 0.106488 
v 0.0380891 0.903629 0.107846 
v 0.028522 0.904616 0.110017 
v 0.00968011 1.57094 0.0902888 
v 0.0132291 1.57563 0.0928093 
v 0.0201336 1.57422 0.0879345 
v 0.0256003 1.57215 0.0806898 
v 0.0302376 1.57361 0.0746547 
v 0.00978662 1.56474 0.0783726 
v 0.0157324 1.56845 0.0842365 
v 0.0213333 1.56728 0.0761919 
v 0.026537 1.56753 0.0674661 
v 0.0316355 1.56896 0.05876 
v 0.00909568 1.56067 0.0619339 
v 0.0153198 1.5634 0.0696589 
v 0.0204097 1.56302 0.0603209 
v 0.0357186 1.5693 0.0476813 
v 0.0406928 1.57207 0.0413354 
v 0.0253355 1.5631 0.0511945 
v 0.0302876 1.56304 0.0419805 
v 0.00882457 1.55415 0.0475464 
v 0.0142865 1.55922 0.0534911 
v 0.0194643 1.55719 0.0455915 
v 0.0357332 1.56296 0.0331789 
v 0.0413144 1.56313 0.0266068 
v 0.0248595 1.55458 0.0378306 
v 0.0309229 1.55159 0.0299685 
v 0.00911107 1.54006 0.037141 
v 0.0143302 1.54941 0.0411876 
v 0.0199781 1.54408 0.0347983 
v 0.0564078 1.53156 0.00571424 
v 0.0432385 1.52633 0.0158939 
v 0.0381366 1.54859 0.0226081 
v 0.0473408 1.54468 0.0151548 
v 0.0299278 1.51866 0.0216796 
v 0.0262466 1.5389 0.0283844 
v 0.0341249 1.53326 0.0222853 
v 0.00958364 1.52108 0.0278622 
v 0.0148683 1.5327 0.0316743 
v 0.0215864 1.52568 0.0264996 
v 0.0666452 1.53357 -0.00843404 
v 0.0735305 1.5339 -0.024393 
v 0.0148849 1.54746 -0.0844108 
v 0.0276728 1.55618 -0.0781733 
v 0.0720302 1.54146 -0.0557027 
v 0.0589288 1.55803 -0.0547392 
v 0.0484622 1.55585 -0.0685928 
v 0.0416136 1.54586 -0.0789298 
v 0.0622026 1.54754 -0.0634575 
v 0.074438 1.53864 -0.0409982 
v 0.0666245 1.54827 -0.0503706 
v 0.419809 1.13762 0.018028 
v 0.425903 1.1436 0.00526164 
v 0.413073 1.16651 0.00830179 
v 0.438415 1.09242 0.0230196 
v 0.444495 1.09783 0.0125511 
v 0.432758 1.11748 0.0151228 
v 0.455667 1.05482 0.0291366 
v 0.461303 1.05951 0.0201353 
v 0.450278 1.07529 0.0217461 
v 0.42685 1.14336 -0.00941768 
v 0.422456 1.13692 -0.0239349 
v 0.412189 1.16416 -0.0213917 
v 0.446954 1.09873 -7.41736e-05 
v 0.445136 1.095 -0.0129158 
v 0.436452 1.11843 -0.0118452 
v 0.463679 1.06058 0.00919126 
v 0.463126 1.05832 -0.00181282 
v 0.455211 1.07749 -0.00117691 
v 0.324517 1.25558 0.0165868 
v 0.333193 1.26748 0.00663692 
v 0.316316 1.28206 0.012391 
v 0.349002 1.21169 0.0145575 
v 0.358645 1.22499 0.0097688 
v 0.341459 1.24065 0.0112557 
v 0.375508 1.16448 0.0233298 
v 0.387058 1.17681 0.0195597 
v 0.367798 1.19496 0.016689 
v 0.410326 1.12803 0.0265906 
v 0.399451 1.11757 0.029733 
v 0.393913 1.14616 0.0265511 
v 0.429939 1.08465 0.0293882 
v 0.420638 1.07626 0.0309998 
v 0.41528 1.10083 0.0299164 
v 0.447671 1.04815 0.0338289 
v 0.439071 1.04088 0.0340372 
v 0.434438 1.06125 0.0324861 
v 0.311375 1.2423 0.0214791 
v 0.297572 1.23034 0.0190735 
v 0.288951 1.25685 0.0219156 
v 0.338195 1.19908 0.0172324 
v 0.327135 1.18809 0.0176012 
v 0.318702 1.21497 0.0190407 
v 0.364199 1.15322 0.0234204 
v 0.354388 1.14296 0.021166 
v 0.346134 1.17092 0.0191416 
v 0.379965 1.09957 0.0240889 
v 0.389024 1.10805 0.0284076 
v 0.37192 1.12531 0.0254558 
v 0.403906 1.06125 0.0232409 
v 0.411791 1.06832 0.0285933 
v 0.396333 1.08356 0.0265477 
v 0.424412 1.02789 0.0239284 
v 0.431211 1.03396 0.0305235 
v 0.417933 1.04659 0.0268192 
v 0.459849 1.05357 -0.0120409 
v 0.452769 1.04603 -0.0211477 
v 0.319773 1.23672 -0.0608344 
v 0.330194 1.25013 -0.0539636 
v 0.313408 1.26182 -0.0625769 
v 0.355725 1.21235 -0.0467331 
v 0.345804 1.1977 -0.0542583 
v 0.337879 1.22471 -0.0537695 
v 0.385673 1.16979 -0.0431334 
v 0.376846 1.1567 -0.0503024 
v 0.365855 1.18441 -0.0489408 
v 0.415296 1.12716 -0.0360018 
v 0.406957 1.11643 -0.0427259 
v 0.396816 1.1421 -0.0444755 
v 0.440237 1.08826 -0.0240989 
v 0.432268 1.07923 -0.0320318 
v 0.447138 1.06608 -0.0222649 
v 0.42462 1.1026 -0.034683 
v 0.284575 1.2112 -0.0391279 
v 0.292901 1.21515 -0.0509352 
v 0.275444 1.2317 -0.050141 
v 0.320173 1.17391 -0.0450759 
v 0.311748 1.16812 -0.0339169 
v 0.301174 1.19208 -0.0407838 
v 0.352493 1.13244 -0.043643 
v 0.34258 1.125 -0.0338029 
v 0.330894 1.14889 -0.0392641 
v 0.382674 1.09404 -0.0407491 
v 0.371969 1.08676 -0.0323124 
v 0.362422 1.1083 -0.0383987 
v 0.408412 1.0598 -0.0339007 
v 0.398733 1.05363 -0.0271885 
v 0.390349 1.07272 -0.0345419 
v 0.429275 1.02876 -0.0250633 
v 0.421019 1.02405 -0.0195023 
v 0.414366 1.04032 -0.0268947 
v 0.365754 1.08353 -0.0210045 
v 0.363855 1.08349 -0.00766279 
v 0.350115 1.10169 -0.0149949 
v 0.393065 1.05053 -0.0173371 
v 0.391102 1.04978 -0.00597042 
v 0.378086 1.06593 -0.0134832 
v 0.416592 1.02136 -0.0113922 
v 0.415093 1.0205 -0.00225765 
v 0.404013 1.0343 -0.00937238 
v 0.366152 1.08661 0.0058632 
v 0.37204 1.09229 0.016786 
v 0.355367 1.10904 0.0118896 
v 0.392672 1.05149 0.00541882 
v 0.397243 1.05554 0.015403 
v 0.381864 1.07075 0.0111951 
v 0.416163 1.02114 0.00692999 
v 0.419281 1.02349 0.0156644 
v 0.406383 1.03643 0.01077 
v 0.464351 1.03749 -0.0135578 
v 0.468988 1.04213 -0.00372574 
v 0.470553 1.04549 0.00662355 
v 0.469928 1.04614 0.0171964 
v 0.466157 1.04368 0.0271519 
v 0.459378 1.03839 0.0339389 
v 0.450992 1.03171 0.0362103 
v 0.443028 1.02495 0.0342619 
v 0.436136 1.01858 0.0290118 
v 0.430259 1.01407 0.0213554 
v 0.426546 1.01107 0.0131854 
v 0.424553 1.01001 0.00480041 
v 0.424401 1.01024 -0.00378669 
v 0.426855 1.01147 -0.0117776 
v 0.43215 1.0145 -0.0185569 
v 0.443687 1.01876 -0.0218694 
v 0.455974 1.02862 -0.0205615 
v 0.468317 1.02126 -0.014609 
v 0.457069 1.01518 -0.0194242 
v 0.175665 0.187383 -0.00934003 
v 0.196592 0.191177 -0.0225595 
v 0.203504 0.194919 -0.0489343 
v 0.19474 0.196095 -0.0766101 
v 0.172037 0.193706 -0.0936399 
v 0.157468 0.192122 -0.0943435 
v 0.133839 0.187817 -0.079632 
v 0.128493 0.185636 -0.0653197 
v 0.128377 0.184237 -0.0496162 
v 0.141253 0.183986 -0.0228644 
v 0.152356 0.185238 -0.0138024 
v 0.340743 1.27569 -0.02059 
v 0.338631 1.27457 -0.00691794 
v 0.353514 1.25815 -0.0106424 
v 0.315116 1.30903 -0.0116316 
v 0.318715 1.30788 -0.0268592 
v 0.328261 1.2926 -0.0169025 
v 0.300069 1.33873 -0.0317458 
v 0.293733 1.34176 -0.0147409 
v 0.307297 1.32485 -0.0217212 
v 0.277488 1.37158 -0.0142586 
v 0.285004 1.36602 -0.0338827 
v 0.289138 1.35551 -0.0243983 
v 0.275268 1.38713 -0.0336824 
v 0.266606 1.39332 -0.0115194 
v 0.277023 1.38043 -0.0234525 
v 0.339756 1.27149 -0.0325591 
v 0.336608 1.26235 -0.0438848 
v 0.351812 1.25066 -0.0349148 
v 0.318202 1.30339 -0.040254 
v 0.314274 1.2959 -0.0524083 
v 0.326843 1.28375 -0.0421283 
v 0.300038 1.33458 -0.0471075 
v 0.294304 1.32951 -0.0609892 
v 0.307265 1.31624 -0.0505696 
v 0.283467 1.36175 -0.0519434 
v 0.274228 1.35967 -0.0685203 
v 0.288415 1.34715 -0.0574925 
v 0.271205 1.38336 -0.055334 
v 0.257328 1.38378 -0.0753208 
v 0.271938 1.37257 -0.063261 
v 0.287905 1.22159 0.0101316 
v 0.282157 1.21463 -0.00221387 
v 0.299014 1.19697 0.00718076 
v 0.252787 1.2533 -0.0118703 
v 0.257576 1.26102 0.0028006 
v 0.269997 1.23776 0.000173833 
v 0.226128 1.30174 -0.00621533 
v 0.220623 1.29209 -0.02272 
v 0.238752 1.27627 -0.00972024 
v 0.196584 1.33298 -0.0343921 
v 0.20074 1.34469 -0.0151607 
v 0.20918 1.31768 -0.019867 
v 0.18615 1.37086 -0.0235563 
v 0.184746 1.35727 -0.043604 
v 0.190476 1.35523 -0.0304974 
v 0.280586 1.20997 -0.0280568 
v 0.279699 1.21068 -0.0156325 
v 0.29249 1.18857 -0.018302 
v 0.252747 1.24707 -0.0378497 
v 0.251243 1.24872 -0.0254691 
v 0.266166 1.22933 -0.0266227 
v 0.221877 1.2854 -0.0495257 
v 0.219301 1.28709 -0.0370008 
v 0.235663 1.26603 -0.0373151 
v 0.198104 1.32666 -0.0642747 
v 0.195577 1.32728 -0.0507384 
v 0.206661 1.30666 -0.0503488 
v 0.186501 1.35268 -0.0796275 
v 0.185697 1.3502 -0.063126 
v 0.189916 1.34223 -0.0657187 
v 0.197243 1.38966 0.0198304 
v 0.190748 1.38237 -7.90994e-06 
v 0.200914 1.37807 0.0119335 
v 0.21806 1.39792 0.0222041 
v 0.246267 1.39757 0.00875825 
v 0.239224 1.38838 0.014962 
v 0.216737 1.38343 -0.0991773 
v 0.237439 1.38472 -0.0906794 
v 0.238659 1.37037 -0.0913611 
v 0.187513 1.35941 -0.0898978 
v 0.191567 1.36811 -0.0965594 
v 0.198525 1.35079 -0.0869297 
v 0.254868 1.42959 -0.0348138 
v 0.247822 1.43128 -0.0100218 
v 0.214657 1.4814 -0.0435565 
v 0.213835 1.48176 -0.0197861 
v 0.173379 1.4994 -0.0552022 
v 0.174507 1.50142 -0.0378564 
v 0.159527 1.50015 -0.0659492 
v 0.144484 1.5045 -0.0692887 
v 0.16239 1.49568 -0.0724743 
v 0.146765 1.49135 -0.0885672 
v 0.201607 1.47845 -0.0669324 
v 0.180229 1.4721 -0.0878019 
v 0.247944 1.42717 -0.0600969 
v 0.230415 1.42531 -0.0823919 
v 0.152515 1.50587 -0.0504043 
v 0.164289 1.50307 -0.0511618 
v 0.153936 1.50366 -0.0615883 
v 0.136206 1.49871 -0.0856723 
v 0.147578 1.50112 -0.0738838 
v 0.148191 1.49683 -0.0804605 
v 0.181924 1.46982 0.0149668 
v 0.200452 1.47842 0.000512806 
v 0.148839 1.4929 -0.0108456 
v 0.164601 1.49946 -0.0229364 
v 0.123136 1.51157 -0.0496516 
v 0.12394 1.50661 -0.0354723 
v 0.141469 1.50642 -0.0416376 
v 0.144918 1.50118 -0.0271286 
v 0.12485 1.51254 -0.060014 
v 0.139047 1.50859 -0.0533689 
v 0.0984804 1.49455 -0.106241 
v 0.119805 1.49646 -0.0969519 
v 0.104194 1.48166 -0.113837 
v 0.12768 1.48611 -0.102821 
v 0.112717 1.48945 -0.105886 
v 0.12435 1.45582 -0.119594 
v 0.154238 1.46459 -0.105539 
v 0.180934 1.42034 -0.109976 
v 0.205995 1.42392 -0.0989226 
v 0.205838 1.42767 0.0259599 
v 0.229341 1.4309 0.0108699 
v 0.125764 1.50157 -0.0880696 
v 0.107572 1.50117 -0.0972142 
v 0.116096 1.50577 -0.0878245 
v 0.132259 1.50815 -0.0720157 
v 0.128044 1.51096 -0.0673294 
v 0.124208 1.50803 -0.0791813 
v 0.110317 1.51699 -0.0698791 
v 0.106206 1.5115 -0.0854273 
v 0.117251 1.51235 -0.0756371 
v 0.0961431 1.51846 -0.0811573 
v 0.084583 1.50145 -0.104077 
v 0.0953914 1.50761 -0.0951924 
v 0.0832417 1.51566 -0.091505 
v 0.0161899 1.50965 -0.105111 
v 0.0307085 1.50095 -0.10956 
v 0.0161248 1.52887 -0.0945039 
v 0.0299642 1.53749 -0.087287 
v 0.0309282 1.51951 -0.0985864 
v 0.0587176 1.50191 -0.107797 
v 0.0711391 1.50971 -0.100276 
v 0.0448253 1.51057 -0.103269 
v 0.0583639 1.53447 -0.081858 
v 0.0714847 1.52477 -0.0866761 
v 0.0449604 1.52792 -0.0908386 
v 0.0582226 1.51862 -0.0955569 
v 0.140032 1.50709 -0.0663752 
v 0.147058 1.50631 -0.0594909 
v 0.137786 1.50877 -0.0614779 
v 0.136652 1.50528 -0.0747476 
v 0.138316 1.50225 -0.0790746 
v 0.130416 1.50456 -0.0808587 
v 0.104519 1.52019 -0.0612445 
v 0.101389 1.51957 -0.0481257 
v 0.0833996 1.53236 -0.0568791 
v 0.0729334 1.5359 -0.0699312 
v 0.0861001 1.52628 -0.075239 
v 0.125088 1.33528 0.0805566 
v 0.151964 1.37529 0.059959 
v 0.163496 1.3965 0.0500609 
v 0.154185 1.39396 0.0556804 
v 0.096692 1.40313 0.0692743 
v 0.0831597 1.42477 0.0573161 
v 0.12358 1.42521 0.051051 
v 0.111851 1.44187 0.0419821 
v 0.13667 1.43933 0.038819 
v 0.125787 1.45298 0.0304217 
v 0.124625 1.43964 0.0409988 
v 0.138901 1.46597 0.0182391 
v 0.150384 1.45474 0.0271 
v 0.13808 1.45325 0.0286645 
v 0.152002 1.48099 0.00517467 
v 0.166839 1.46983 0.016607 
v 0.152204 1.46822 0.0171569 
v 0.185147 1.48141 0.00449941 
v 0.168097 1.49229 -0.00787639 
v 0.168762 1.48209 0.00561398 
v 0.182159 1.4976 -0.022882 
v 0.200994 1.48742 -0.0124181 
v 0.185634 1.49084 -0.00827597 
v 0.207685 1.48854 -0.0343717 
v 0.187009 1.49797 -0.0418861 
v 0.19676 1.494 -0.0270097 
v 0.178943 1.49481 -0.0617626 
v 0.19998 1.48648 -0.05755 
v 0.195396 1.49302 -0.0489648 
v 0.162876 1.49009 -0.0805104 
v 0.181626 1.48118 -0.0788664 
v 0.181263 1.4889 -0.0699544 
v 0.143818 1.48416 -0.0972101 
v 0.15905 1.47407 -0.0976272 
v 0.161747 1.48276 -0.0891786 
v 0.121037 1.47798 -0.110912 
v 0.132699 1.46646 -0.11296 
v 0.139212 1.47582 -0.105468 
v 0.0943094 1.47293 -0.12037 
v 0.102869 1.45846 -0.123825 
v 0.112708 1.4689 -0.117896 
v 0.0650533 1.4687 -0.124236 
v 0.0703898 1.45213 -0.129036 
v 0.0831797 1.46284 -0.125484 
v 0.0178999 1.45412 -0.123123 
v 0.0334506 1.46463 -0.122792 
v 0.0359725 1.44748 -0.127158 
v 0.0513752 1.45818 -0.126496 
v 0.0459848 1.48009 0.02474 
v 0.0733323 1.48895 0.0104623 
v 0.0868045 1.49258 0.00077651 
v 0.0870347 1.48407 0.0115227 
v 0.0700107 1.44444 0.0454569 
v 0.0575117 1.4633 0.0353389 
v 0.0993512 1.45818 0.0315571 
v 0.0866987 1.47445 0.0216583 
v 0.113649 1.46592 0.0210564 
v 0.100644 1.47947 0.0116928 
v 0.100237 1.46959 0.021614 
v 0.174964 1.41584 0.0407834 
v 0.165146 1.41338 0.0450338 
v 0.191844 1.43033 0.0308707 
v 0.179172 1.43024 0.03499 
v 0.213971 1.43734 0.018387 
v 0.19917 1.44172 0.0238871 
v 0.234814 1.44007 0.000669169 
v 0.220613 1.44711 0.00920669 
v 0.247523 1.44057 -0.02278 
v 0.237445 1.44941 -0.0115706 
v 0.246521 1.43918 -0.0483411 
v 0.242636 1.44962 -0.036502 
v 0.233144 1.43625 -0.0728074 
v 0.234187 1.44752 -0.0618222 
v 0.210923 1.43301 -0.0925461 
v 0.215121 1.44318 -0.0842392 
v 0.183772 1.42872 -0.107123 
v 0.188886 1.43825 -0.101733 
v 0.158494 1.41895 -0.117462 
v 0.158222 1.42961 -0.115949 
v 0.110456 1.41559 -0.131014 
v 0.0220729 1.40676 -0.13152 
v 0.0654402 1.41005 -0.136867 
v 0.167279 1.36045 -0.104513 
v 0.166305 1.37685 -0.110163 
v 0.178705 1.36928 -0.10021 
v 0.131931 1.37128 -0.124898 
v 0.151012 1.36528 -0.115713 
v 0.0952995 1.3416 -0.131085 
v 0.0909298 1.36517 -0.135633 
v 0.113837 1.35671 -0.129095 
v 0.0244566 1.35131 -0.13391 
v 0.048342 1.34165 -0.135555 
v 0.0464835 1.36233 -0.137605 
v 0.0706613 1.35269 -0.136735 
v 0.180607 1.37263 -0.0007944 
v 0.184198 1.38123 0.0199955 
v 0.188062 1.38556 0.0105868 
v 0.169933 1.34482 0.000159933 
v 0.170281 1.35633 0.0194281 
v 0.176306 1.36447 0.00985653 
v 0.161376 1.31618 0.00539373 
v 0.15755 1.32989 0.0246407 
v 0.163543 1.33658 0.0120275 
v 0.141702 1.28255 0.041947 
v 0.151186 1.2732 0.0184516 
v 0.179076 1.36162 -0.0234651 
v 0.180629 1.34931 -0.0457257 
v 0.1819 1.36362 -0.0349033 
v 0.17477 1.32274 -0.0445933 
v 0.172695 1.33298 -0.0211498 
v 0.177148 1.3425 -0.0335359 
v 0.167385 1.29503 -0.0399867 
v 0.166523 1.30339 -0.0167899 
v 0.170943 1.31234 -0.0309825 
v 0.156259 1.26314 -0.00623556 
v 0.155191 1.25493 -0.030437 
v 0.176729 1.34582 -0.0876373 
v 0.181443 1.34318 -0.0679785 
v 0.183576 1.35063 -0.0763378 
v 0.163847 1.32036 -0.0863733 
v 0.172604 1.31879 -0.0669282 
v 0.175038 1.33266 -0.078187 
v 0.152341 1.29373 -0.0825917 
v 0.162688 1.29201 -0.0622843 
v 0.163435 1.30554 -0.0749259 
v 0.136901 1.25095 -0.0755637 
v 0.148497 1.25049 -0.0536497 
v 0.139864 1.18873 0.0332635 
v 0.129511 1.19197 0.0541743 
v 0.128006 1.13862 0.0578845 
v 0.139638 1.13618 0.0380033 
v 0.142709 1.17803 -0.0112259 
v 0.144428 1.18373 0.0109015 
v 0.14693 1.13246 0.0151062 
v 0.148123 1.12707 -0.00866939 
v 0.123234 1.17146 -0.0548754 
v 0.135794 1.17372 -0.0333305 
v 0.143127 1.12092 -0.0323677 
v 0.131045 1.11584 -0.0551345 
v 0.0898129 1.32243 0.0982268 
v 0.13284 1.23783 0.0495464 
v 0.143701 1.23377 0.026599 
v 0.148693 1.22796 0.00210245 
v 0.146752 1.22134 -0.0219203 
v 0.139607 1.21642 -0.0447407 
v 0.127201 1.2148 -0.0664358 
v 0.107954 1.21732 -0.0861347 
v 0.0819042 1.22429 -0.102441 
v 0.153002 1.34431 -0.108779 
v 0.121509 1.33264 -0.121029 
v 0.135609 1.34993 -0.119924 
v 0.148771 1.32142 -0.102008 
v 0.133974 1.31355 -0.108509 
v 0.139759 1.32943 -0.111529 
v 0.0194557 1.29395 -0.124148 
v 0.057931 1.28254 -0.123037 
v 0.014925 1.24421 -0.109283 
v 0.0493649 1.23488 -0.111599 
v 0.0138934 1.18632 -0.093939 
v 0.0467697 1.17889 -0.0984113 
v 0.0154444 1.10587 -0.0910793 
v 0.0508662 1.10637 -0.0924218 
v 0.118193 1.2566 -0.0954826 
v 0.0917987 1.26781 -0.111869 
v 0.161788 0.962926 0.0371394 
v 0.17104 0.961883 0.00730335 
v 0.172303 0.933949 0.0233095 
v 0.152276 1.01025 0.0319401 
v 0.161565 1.00795 0.00592267 
v 0.162238 0.988707 0.0217664 
v 0.148918 1.07243 0.0218463 
v 0.152136 1.06819 -0.00448311 
v 0.171534 0.952782 -0.0270626 
v 0.164912 0.937079 -0.063733 
v 0.173307 0.91773 -0.0461767 
v 0.164184 0.999347 -0.0265735 
v 0.15732 0.985148 -0.0631757 
v 0.165681 0.9706 -0.0445283 
v 0.148828 1.06018 -0.032337 
v 0.138297 1.05174 -0.0612348 
v 0.126298 1.07106 0.0636641 
v 0.139646 1.07276 0.0451124 
v 0.119242 0.989676 0.069791 
v 0.138204 1.00528 0.0527871 
v 0.121514 0.93746 0.0771237 
v 0.144538 0.956 0.0600754 
v 0.130704 0.975023 0.0651901 
v 0.128334 0.881816 0.0841669 
v 0.153074 0.897392 0.0653116 
v 0.137077 0.920319 0.0724864 
v 0.0144832 1.15057 -0.0882543 
v 0.0305886 1.16687 -0.0942395 
v 0.0323297 1.12843 -0.0909061 
v 0.0642149 1.16112 -0.0929778 
v 0.0663457 1.12723 -0.0894999 
v 0.0485738 1.14689 -0.0926235 
v 0.0936507 1.15832 -0.0813475 
v 0.0962922 1.12783 -0.0801216 
v 0.0809687 1.14417 -0.0860337 
v 0.119551 1.1299 -0.0637156 
v 0.115535 1.15829 -0.0634809 
v 0.107015 1.14398 -0.072225 
v 0.130753 1.1602 -0.0424856 
v 0.135255 1.13322 -0.0426703 
v 0.125732 1.14573 -0.0528027 
v 0.143605 1.13789 -0.0199496 
v 0.139969 1.16372 -0.0203888 
v 0.137677 1.14902 -0.0308773 
v 0.143844 1.16889 0.00156102 
v 0.145892 1.14342 0.00287897 
v 0.143408 1.15365 -0.00857511 
v 0.142555 1.14845 0.0256 
v 0.142166 1.17431 0.0234405 
v 0.143841 1.15917 0.0135258 
v 0.134689 1.17821 0.0447457 
v 0.134028 1.15193 0.0468264 
v 0.138701 1.16376 0.0353179 
v 0.121476 1.15412 0.0657469 
v 0.1222 1.18061 0.0643697 
v 0.128569 1.16679 0.0555507 
v 0.0850072 1.15266 0.0992566 
v 0.0866582 1.18221 0.0996448 
v 0.062713 1.18118 0.11498 
v 0.0624539 1.15031 0.115057 
v 0.0748319 1.16722 0.107695 
v 0.0186847 1.16304 0.127297 
v 0.0348282 1.14704 0.125719 
v 0.033954 1.17968 0.124417 
v 0.0491957 1.16519 0.121328 
v 0.0689284 1.0869 -0.0932611 
v 0.0986129 1.09162 -0.0844429 
v 0.103475 1.05566 -0.0936763 
v 0.0863077 1.07016 -0.0947573 
v 0.123324 1.09665 -0.0675241 
v 0.126542 1.06299 -0.0722767 
v 0.113213 1.07638 -0.0797446 
v 0.140142 1.10221 -0.0452635 
v 0.142573 1.0703 -0.0467329 
v 0.134066 1.08253 -0.0583679 
v 0.148768 1.1096 -0.0208215 
v 0.150574 1.07924 -0.0197201 
v 0.146554 1.09001 -0.0334007 
v 0.150676 1.11633 0.00397488 
v 0.151948 1.08633 0.00696511 
v 0.151939 1.09899 -0.00778262 
v 0.145598 1.11996 0.0285306 
v 0.146466 1.08877 0.0322774 
v 0.150352 1.10341 0.0180258 
v 0.134709 1.12203 0.0502551 
v 0.134782 1.08907 0.0538844 
v 0.141462 1.10532 0.0419541 
v 0.120443 1.12317 0.0681313 
v 0.119627 1.08813 0.0711546 
v 0.127928 1.10602 0.0614312 
v 0.0830464 1.08152 0.100632 
v 0.0833748 1.11939 0.0997194 
v 0.061858 1.11538 0.115339 
v 0.0617977 1.07654 0.115534 
v 0.0728904 1.09878 0.108273 
v 0.018467 1.08872 0.126739 
v 0.0347875 1.11028 0.125954 
v 0.0345162 1.07097 0.125628 
v 0.0492466 1.09372 0.122188 
v 0.0180569 1.01521 -0.134487 
v 0.0353544 0.906545 -0.156793 
v 0.0537712 0.861463 -0.144233 
v 0.0642349 0.893978 -0.155575 
v 0.0170746 1.06105 -0.107174 
v 0.0353938 1.08363 -0.097241 
v 0.0551961 1.06429 -0.103499 
v 0.0382107 1.04119 -0.118183 
v 0.162135 0.816401 -0.0855721 
v 0.138231 0.804057 -0.102203 
v 0.152184 0.785029 -0.0905902 
v 0.158389 0.867972 -0.0940651 
v 0.149534 0.834976 -0.100563 
v 0.136294 0.932632 -0.1182 
v 0.151243 0.918264 -0.099847 
v 0.144676 0.88394 -0.112365 
v 0.0943998 1.03359 -0.111345 
v 0.0744203 1.04787 -0.109379 
v 0.0595152 1.02369 -0.127433 
v 0.116884 0.946788 -0.134364 
v 0.0786036 0.928225 -0.155627 
v 0.0919016 0.880231 -0.147026 
v 0.127393 0.898575 -0.130115 
v 0.105243 0.913112 -0.145539 
v 0.121288 0.821282 -0.114638 
v 0.133871 0.851411 -0.116931 
v 0.115018 0.866222 -0.133285 
v 0.0907113 0.80942 -0.116744 
v 0.0703682 0.823214 -0.122372 
v 0.079566 0.849951 -0.137742 
v 0.101777 0.836675 -0.127116 
v 0.0817664 0.781943 -0.108708 
v 0.0544201 0.771085 -0.0997133 
v 0.0628271 0.798158 -0.108368 
v 0.0733381 0.753273 -0.103679 
v 0.162195 0.834879 0.0665261 
v 0.135734 0.821836 0.0876916 
v 0.145926 0.8606 0.0777611 
v 0.0167979 1.00956 0.119402 
v 0.0325141 1.03073 0.120383 
v 0.0288741 0.992543 0.114097 
v 0.052945 0.997774 0.10705 
v 0.0591074 1.03626 0.111251 
v 0.044011 1.01409 0.113632 
v 0.0743712 1.00093 0.0972279 
v 0.0808205 1.04156 0.0985416 
v 0.0675411 1.01958 0.1034 
v 0.111295 1.00802 0.0743197 
v 0.116684 1.05107 0.0713253 
v 0.131368 1.05538 0.0555388 
v 0.129197 1.02012 0.0587385 
v 0.12268 1.03488 0.0646217 
v 0.143262 1.02716 0.040065 
v 0.143192 1.05772 0.0357767 
v 0.136572 1.04119 0.047884 
v 0.153828 1.02757 0.0170681 
v 0.150998 1.05658 0.0113359 
v 0.147672 1.04325 0.0266029 
v 0.159521 1.0221 -0.0114991 
v 0.1528 1.05076 -0.0162235 
v 0.154396 1.04045 0.000773514 
v 0.157604 1.01176 -0.0453125 
v 0.148017 1.04219 -0.0466243 
v 0.155206 1.03276 -0.0295185 
v 0.145993 0.997197 -0.0814281 
v 0.134939 1.0321 -0.0781424 
v 0.147836 1.02205 -0.0631537 
v 0.113785 1.02059 -0.107288 
v 0.12553 0.979625 -0.116981 
v 0.131332 1.00858 -0.0970483 
v 0.0827415 1.00801 -0.131389 
v 0.0934914 0.961873 -0.145436 
v 0.105429 0.993309 -0.127745 
v 0.022675 0.958897 -0.154704 
v 0.0414547 0.994789 -0.144162 
v 0.0500415 0.943449 -0.158333 
v 0.0673634 0.97778 -0.14879 
v 0.141306 0.761621 0.084829 
v 0.168155 0.77285 0.0641034 
v 0.153373 0.798602 0.0780418 
v 0.142696 0.704041 0.0772657 
v 0.169381 0.713965 0.0581928 
v 0.157091 0.738335 0.0733649 
v 0.140013 0.652619 0.0672829 
v 0.166133 0.660783 0.0500927 
v 0.155895 0.682466 0.065168 
v 0.170819 0.569449 0.00465485 
v 0.174935 0.570996 -0.0162949 
v 0.171043 0.51579 -0.0106156 
v 0.176225 0.516696 -0.0274744 
v 0.172303 0.544541 -0.0124844 
v 0.183113 0.454356 -0.0190042 
v 0.187646 0.456157 -0.0365385 
v 0.178081 0.4863 -0.0245052 
v 0.202617 0.39552 -0.0406689 
v 0.196766 0.392182 -0.0213572 
v 0.193765 0.424476 -0.029358 
v 0.202522 0.331028 -0.0238492 
v 0.208689 0.335182 -0.0426687 
v 0.204467 0.363626 -0.0320757 
v 0.163659 0.513728 -0.0764011 
v 0.151033 0.510561 -0.0877493 
v 0.153969 0.538897 -0.078545 
v 0.163056 0.484892 -0.0889747 
v 0.119614 0.504525 -0.0953754 
v 0.101611 0.500891 -0.0891651 
v 0.107213 0.528355 -0.0906268 
v 0.113646 0.475774 -0.0975427 
v 0.175598 0.571321 -0.0368596 
v 0.170531 0.569618 -0.0559881 
v 0.17845 0.51699 -0.0449104 
v 0.174265 0.516181 -0.0621287 
v 0.175196 0.544487 -0.0495107 
v 0.188807 0.457706 -0.0551254 
v 0.185656 0.458801 -0.0733371 
v 0.18137 0.487896 -0.0592149 
v 0.203598 0.398008 -0.0609515 
v 0.199578 0.399502 -0.080981 
v 0.195565 0.428673 -0.0685005 
v 0.209796 0.338092 -0.0615463 
v 0.206069 0.339424 -0.0803929 
v 0.206648 0.369051 -0.0718493 
v 0.0719688 0.540828 0.0145059 
v 0.0908002 0.558901 0.0421252 
v 0.0850066 0.49321 0.000246247 
v 0.0853242 0.518616 0.0178852 
v 0.103259 0.436553 -0.00745132 
v 0.127224 0.428491 0.00459537 
v 0.100699 0.471107 0.00568947 
v 0.116923 0.375528 -0.0119905 
v 0.134328 0.375731 -0.00185215 
v 0.120506 0.405312 -0.00394199 
v 0.137753 0.287423 -0.0111005 
v 0.125391 0.315593 -0.0142191 
v 0.142364 0.317607 -0.00534819 
v 0.129987 0.346296 -0.00818629 
v 0.0502082 0.537603 -0.0356658 
v 0.0569845 0.537208 -0.0107514 
v 0.0629399 0.490295 -0.0402193 
v 0.0699274 0.48993 -0.0192151 
v 0.057142 0.514601 -0.0267215 
v 0.0811196 0.434729 -0.0428459 
v 0.0889554 0.434312 -0.0237903 
v 0.0746488 0.462913 -0.0314499 
v 0.100854 0.374381 -0.0253808 
v 0.0892492 0.374379 -0.0439964 
v 0.0903627 0.404479 -0.0336733 
v 0.096522 0.314328 -0.0439991 
v 0.108795 0.314176 -0.0259439 
v 0.0973292 0.343808 -0.0338804 
v 0.168979 0.381748 0.00307518 
v 0.18513 0.387729 -0.00554137 
v 0.172687 0.41522 0.000549034 
v 0.175121 0.322811 -0.000346136 
v 0.190712 0.326609 -0.00842562 
v 0.180745 0.35475 -0.00128821 
v 0.135782 0.574083 0.0481481 
v 0.159739 0.567811 0.0264602 
v 0.156157 0.538938 0.0248822 
v 0.100297 1.49597 -0.0106518 
v 0.100345 1.48788 0.00103727 
v 0.126598 1.4747 0.00990102 
v 0.113987 1.47558 0.0110995 
v 0.113694 1.48393 0.00138299 
v 0.116305 1.49644 -0.0169572 
v 0.112823 1.49101 -0.00840688 
v 0.131187 1.48619 -0.00383286 
v 0.12461 1.48248 0.00121139 
v 0.12268 1.48901 -0.00729088 
v 0.148901 0.260387 -0.00901298 
v 0.163901 0.262386 -0.00456248 
v 0.153901 0.289442 -0.00395465 
v 0.167252 0.209329 -0.0083499 
v 0.154543 0.207907 -0.0115018 
v 0.158612 0.234486 -0.00810481 
v 0.164035 0.185996 -0.00931086 
v 0.178399 0.26501 -0.00595683 
v 0.192018 0.268069 -0.013029 
v 0.18463 0.295029 -0.00610127 
v 0.179747 0.211185 -0.00999189 
v 0.191628 0.213329 -0.0162077 
v 0.18556 0.238897 -0.0110187 
v 0.186927 0.189117 -0.0137502 
v 0.208021 0.275383 -0.0422175 
v 0.202535 0.271672 -0.0258631 
v 0.206562 0.303065 -0.0336961 
v 0.200794 0.215818 -0.0270339 
v 0.205448 0.218378 -0.0411107 
v 0.204896 0.244832 -0.033766 
v 0.20235 0.193564 -0.0349374 
v 0.205413 0.220248 -0.0558775 
v 0.201768 0.221041 -0.0703514 
v 0.200878 0.195568 -0.0631527 
v 0.208859 0.278167 -0.0587006 
v 0.205834 0.279416 -0.0749027 
v 0.208797 0.308861 -0.0690966 
v 0.206284 0.249458 -0.06462 
v 0.110178 0.258151 -0.044885 
v 0.119333 0.257625 -0.0287728 
v 0.107651 0.285203 -0.0350624 
v 0.123705 0.206257 -0.0448927 
v 0.130562 0.205927 -0.030894 
v 0.120161 0.2313 -0.0373882 
v 0.132745 0.183679 -0.0353064 
v 0.194108 0.220838 -0.0839297 
v 0.181996 0.219801 -0.0941188 
v 0.190473 0.249102 -0.0930132 
v 0.18512 0.195631 -0.0874399 
v 0.150221 0.216031 -0.0969354 
v 0.136306 0.213178 -0.0896007 
v 0.139464 0.242056 -0.098439 
v 0.144117 0.190239 -0.0896535 
v 0.114573 0.52318 0.0406213 
v 0.103992 0.553808 0.0466789 
v 0.112598 0.502357 0.0329543 
v 0.0989761 0.498579 0.0199776 
v 0.134286 0.444787 0.0118592 
v 0.126361 0.483504 0.0282074 
v 0.150282 0.447999 0.0121603 
v 0.142666 0.486752 0.02775 
v 0.139429 0.463879 0.019989 
v 0.145135 0.509399 0.0329179 
v 0.1567 0.5125 0.0230102 
v 0.13177 0.527217 0.0412552 
v 0.124654 0.560431 0.0490615 
v 0.117658 0.543406 0.0463008 
v 0.0916559 0.535122 0.0334284 
v 0.102177 0.535042 0.0405214 
v 0.10091 0.516728 0.032035 
v 0.11486 0.459148 0.0115836 
v 0.111044 0.484276 0.0225535 
v 0.123148 0.466263 0.0190406 
v 0.160385 0.46864 0.0121518 
v 0.152525 0.472127 0.0188354 
v 0.154559 0.493523 0.022453 
v 0.144708 0.551068 0.03899 
v 0.146928 0.52836 0.0342914 
v 0.135701 0.544432 0.0431795 
v 0.152174 0.633683 0.0555887 
v 0.149226 0.591393 0.0447289 
v 0.173308 0.638922 0.0333624 
v 0.168435 0.592317 0.0233056 
v 0.161949 0.61394 0.0408865 
v 0.181735 0.642518 0.00526087 
v 0.175998 0.594458 -0.000902119 
v 0.176485 0.616945 0.015975 
v 0.180201 0.644371 -0.0214098 
v 0.176209 0.596003 -0.0240664 
v 0.178863 0.619435 -0.0101878 
v 0.175291 0.644153 -0.0451692 
v 0.173554 0.595567 -0.045671 
v 0.176226 0.620284 -0.0342341 
v 0.166721 0.641948 -0.0652749 
v 0.165173 0.593136 -0.0635381 
v 0.170647 0.618931 -0.0553394 
v 0.153493 0.63807 -0.0807077 
v 0.152078 0.589726 -0.0770036 
v 0.159749 0.615946 -0.0719271 
v 0.136437 0.632767 -0.0916745 
v 0.13701 0.585826 -0.087323 
v 0.145045 0.611918 -0.0844255 
v 0.116629 0.626339 -0.097014 
v 0.119733 0.581016 -0.0921767 
v 0.127691 0.606859 -0.0925942 
v 0.0954382 0.619633 -0.095018 
v 0.100881 0.575733 -0.0904075 
v 0.108339 0.60091 -0.0940606 
v 0.0737389 0.612773 -0.086332 
v 0.0799382 0.57024 -0.0835461 
v 0.0877722 0.594908 -0.0893268 
v 0.0543176 0.605891 -0.0688327 
v 0.0599103 0.564773 -0.0688508 
v 0.0665973 0.588632 -0.0779886 
v 0.0430651 0.600693 -0.0424812 
v 0.0484665 0.560142 -0.0459315 
v 0.050292 0.582878 -0.0572776 
v 0.043122 0.597823 -0.0119877 
v 0.0487597 0.557696 -0.0193033 
v 0.0445113 0.578797 -0.0300459 
v 0.0536476 0.598805 0.0183641 
v 0.0595881 0.559143 0.00807382 
v 0.0501123 0.577735 -0.000909564 
v 0.0720359 0.604889 0.0441806 
v 0.0767658 0.567036 0.0342462 
v 0.0644896 0.581624 0.0270814 
v 0.0962498 0.615099 0.0607589 
v 0.0980977 0.58072 0.0519185 
v 0.0847647 0.591085 0.0489973 
v 0.124179 0.6258 0.0648846 
v 0.123409 0.589751 0.0556192 
v 0.137266 0.609973 0.0568755 
v 0.109839 0.602212 0.0596235 
v 0.466507 1.01114 -0.0163928 
v 0.0129823 1.50063 0.0214106 
v 0.0264244 1.50523 0.0206741 
v 0.0171435 1.51299 0.0239244 
v 0.0086856 1.47873 0.0235059 
v 0.0112673 1.48825 0.0209644 
v 0.0127675 1.3358 0.0869651 
v 0.0276144 1.32562 0.0933904 
v 0.0168951 1.27015 -0.117452 
v 0.0366818 1.27769 -0.121822 
v 0.0332463 1.253 -0.115183 
v 0.0726644 1.26392 -0.116191 
v 0.0680258 1.24112 -0.111029 
v 0.0529256 1.25927 -0.117609 
v 0.0975176 1.23089 -0.0972934 
v 0.102482 1.25132 -0.102051 
v 0.0857257 1.24646 -0.107357 
v 0.125318 1.24351 -0.083958 
v 0.120252 1.225 -0.0792696 
v 0.112013 1.23704 -0.0911439 
v 0.140646 1.24136 -0.0627721 
v 0.135888 1.22407 -0.0583597 
v 0.131227 1.23294 -0.0714647 
v 0.149847 1.24415 -0.0402762 
v 0.145417 1.22753 -0.0359834 
v 0.143434 1.23385 -0.0495728 
v 0.15454 1.2509 -0.0165789 
v 0.150287 1.2341 -0.012446 
v 0.150604 1.2392 -0.0266006 
v 0.152449 1.25958 0.00807813 
v 0.14863 1.24117 0.0121472 
v 0.152314 1.2469 -0.00240192 
v 0.144518 1.26801 0.033023 
v 0.140443 1.24691 0.0365721 
v 0.147098 1.25437 0.0225483 
v 0.130961 1.27161 0.0559606 
v 0.127044 1.24974 0.0585337 
v 0.136227 1.25984 0.0466007 
v 0.0871854 1.25021 0.0923217 
v 0.0894988 1.26554 0.0900233 
v 0.0147411 1.26266 0.105114 
v 0.0301562 1.27082 0.102783 
v 0.029926 1.25384 0.108259 
v 0.0151702 1.29747 0.0943313 
v 0.0304986 1.28711 0.0985031 
v 0.0297205 1.30569 0.0957863 
v 0.0914745 1.30046 0.0945181 
v 0.0907892 1.28107 0.0904439 
v 0.131635 1.29748 0.0621009 
v 0.128987 1.31517 0.0729158 
v 0.157197 1.34367 0.0404601 
v 0.156507 1.35887 0.052956 
v 0.171768 1.36849 0.0353529 
v 0.169588 1.38212 0.045683 
v 0.164213 1.36321 0.0439437 
v 0.185106 1.3911 0.0336916 
v 0.181419 1.40307 0.0396848 
v 0.177744 1.38663 0.0393296 
v 0.0207747 1.42172 -0.129313 
v 0.0391222 1.4312 -0.130865 
v 0.0422496 1.41597 -0.133899 
v 0.0774787 1.43607 -0.132457 
v 0.084959 1.42046 -0.134614 
v 0.0611541 1.42567 -0.134298 
v 0.114119 1.44411 -0.125391 
v 0.127938 1.42946 -0.124889 
v 0.101455 1.43193 -0.130408 
v 0.147394 1.45413 -0.11281 
v 0.164578 1.44094 -0.110917 
v 0.138822 1.44238 -0.119278 
v 0.176611 1.4622 -0.0962079 
v 0.194123 1.44834 -0.0944776 
v 0.171108 1.45195 -0.104065 
v 0.201122 1.46902 -0.0764622 
v 0.218049 1.45396 -0.0744279 
v 0.198484 1.45875 -0.0858255 
v 0.218316 1.47343 -0.0535806 
v 0.233156 1.45767 -0.0504112 
v 0.219283 1.46429 -0.0639931 
v 0.223479 1.47443 -0.0291271 
v 0.236109 1.45832 -0.0252711 
v 0.22975 1.46641 -0.0394384 
v 0.214507 1.47314 -0.00621145 
v 0.225163 1.45682 -0.00194892 
v 0.226653 1.46617 -0.015019 
v 0.196866 1.46775 0.0113168 
v 0.206015 1.45262 0.0155672 
v 0.211395 1.4633 0.00565399 
v 0.177196 1.45696 0.0236691 
v 0.185153 1.44344 0.0280915 
v 0.191501 1.45595 0.0203141 
v 0.159665 1.44189 0.0338927 
v 0.167683 1.42879 0.0385153 
v 0.171965 1.44316 0.0313686 
v 0.146534 1.42522 0.0452292 
v 0.155572 1.41102 0.0493235 
v 0.157018 1.42685 0.0418313 
v 0.134648 1.40881 0.0576226 
v 0.144374 1.39215 0.0610318 
v 0.145523 1.40931 0.0536899 
v 0.109071 1.38047 0.0782678 
v 0.118513 1.35759 0.0824138 
v 0.0716449 1.36792 0.0883708 
v 0.0816653 1.34522 0.0959537 
v 0.0710267 1.45675 0.0376036 
v 0.0857202 1.46304 0.0308317 
v 0.083911 1.43808 0.0485665 
v 0.0984544 1.4457 0.0414476 
v 0.0847132 1.45074 0.0397469 
v 0.0971321 1.41841 0.0602341 
v 0.110943 1.42794 0.0519469 
v 0.0976713 1.43243 0.050982 
v 0.11003 1.39752 0.0701627 
v 0.122915 1.41011 0.0603828 
v 0.110416 1.41335 0.0613636 
v 0.133806 1.39191 0.0656616 
v 0.121098 1.37582 0.0763796 
v 0.122354 1.39371 0.0688903 
v 0.129459 1.35396 0.0772142 
v 0.142529 1.37341 0.0666381 
v 0.132261 1.37347 0.0723177 
v 0.134748 1.33353 0.0718243 
v 0.148349 1.35555 0.0618778 
v 0.139408 1.35351 0.0700844 
v 0.137659 1.31561 0.061464 
v 0.150688 1.33894 0.0512746 
v 0.143339 1.33515 0.061881 
v 0.1417 1.30028 0.0472264 
v 0.151702 1.32415 0.0369815 
v 0.145262 1.31911 0.0492381 
v 0.155501 1.31048 0.0194973 
v 0.149614 1.28847 0.0273118 
v 0.149304 1.3055 0.0333164 
v 0.156352 1.27663 0.00381965 
v 0.161206 1.29685 -0.00219528 
v 0.155668 1.29246 0.0126203 
v 0.164425 1.28621 -0.0255171 
v 0.158905 1.26665 -0.0203725 
v 0.160747 1.28036 -0.0108287 
v 0.15509 1.26054 -0.0441839 
v 0.161747 1.2807 -0.0486822 
v 0.160592 1.27222 -0.0345496 
v 0.153811 1.28019 -0.0705017 
v 0.146523 1.25922 -0.0666723 
v 0.154677 1.26893 -0.0576504 
v 0.132072 1.26296 -0.0876613 
v 0.140105 1.28415 -0.0905764 
v 0.143755 1.27068 -0.0790876 
v 0.12006 1.29341 -0.108531 
v 0.109958 1.27188 -0.105993 
v 0.126204 1.27708 -0.0986974 
v 0.0795575 1.28603 -0.120623 
v 0.0897323 1.30899 -0.124374 
v 0.100694 1.28938 -0.115594 
v 0.0223202 1.31408 -0.128774 
v 0.0464109 1.32074 -0.131672 
v 0.0411596 1.3002 -0.127269 
v 0.0649644 1.30468 -0.127607 
v 0.0561807 1.45159 0.042361 
v 0.0688814 1.43182 0.053447 
v 0.0545056 1.43961 0.0494075 
v 0.0823002 1.41043 0.0660817 
v 0.0671845 1.41856 0.0614841 
v 0.0957023 1.38703 0.077708 
v 0.0775705 1.3809 0.082195 
v 0.0807739 1.39537 0.074615 
v 0.106653 1.36357 0.0851141 
v 0.0884051 1.35769 0.0911593 
v 0.0931799 1.37149 0.0850689 
v 0.0972604 1.33497 0.0953441 
v 0.114595 1.34063 0.0871536 
v 0.102644 1.34854 0.0906828 
v 0.119661 1.31875 0.0831238 
v 0.102247 1.31247 0.0931482 
v 0.109521 1.32583 0.0909062 
v 0.10269 1.29156 0.0868554 
v 0.122088 1.29927 0.0743317 
v 0.112539 1.30438 0.0849287 
v 0.122992 1.28017 0.0669586 
v 0.102266 1.27351 0.0830585 
v 0.113185 1.28508 0.077438 
v 0.120501 1.25991 0.066855 
v 0.100316 1.25778 0.0837235 
v 0.11239 1.26729 0.0749593 
v 0.0979545 1.24049 0.0864326 
v 0.117424 1.23975 0.0694769 
v 0.109453 1.24967 0.0769661 
v 0.114873 1.19429 0.0730392 
v 0.097255 1.19558 0.0906989 
v 0.0609154 1.23177 0.10835 
v 0.0739966 1.24183 0.10052 
v 0.0454801 1.24327 0.109699 
v 0.0749826 1.25953 0.0969451 
v 0.045301 1.26214 0.104393 
v 0.0599707 1.25246 0.103565 
v 0.0462564 1.27734 0.100584 
v 0.0768997 1.27376 0.0951584 
v 0.0613145 1.26836 0.0998616 
v 0.0461551 1.29412 0.0988641 
v 0.0776222 1.29053 0.0962561 
v 0.0623683 1.28314 0.0984446 
v 0.0447293 1.31405 0.0984893 
v 0.0777733 1.31124 0.0992921 
v 0.0621473 1.30179 0.0993819 
v 0.0728782 1.33365 0.0990006 
v 0.0409527 1.33508 0.0957527 
v 0.0602267 1.32316 0.0997785 
v 0.0751385 1.22033 0.104405 
v 0.0872265 1.20845 0.0982461 
v 0.0865972 1.23105 0.0955004 
v 0.107337 1.23009 0.0795417 
v 0.106691 1.20746 0.0812844 
v 0.0973892 1.21986 0.0889098 
v 0.123145 1.20545 0.0632473 
v 0.124564 1.22819 0.0612818 
v 0.115812 1.21827 0.0717433 
v 0.135983 1.2025 0.0431274 
v 0.137676 1.22514 0.0402261 
v 0.130754 1.21576 0.0525509 
v 0.14391 1.19821 0.0205947 
v 0.145809 1.22048 0.0167194 
v 0.141544 1.21193 0.0305713 
v 0.145132 1.19234 -0.00247074 
v 0.147168 1.21433 -0.00750756 
v 0.146356 1.20661 0.00688316 
v 0.14057 1.18713 -0.0250831 
v 0.142426 1.2087 -0.0307915 
v 0.144361 1.20074 -0.0165765 
v 0.130896 1.18392 -0.04699 
v 0.132923 1.20543 -0.0529032 
v 0.137391 1.19634 -0.0390691 
v 0.115024 1.18302 -0.0678181 
v 0.117115 1.20541 -0.0738166 
v 0.124754 1.19446 -0.0605907 
v 0.0927409 1.18465 -0.0863465 
v 0.0944712 1.20902 -0.0923135 
v 0.105523 1.19541 -0.0806046 
v 0.0631775 1.18959 -0.0991236 
v 0.0648925 1.21667 -0.105537 
v 0.0793678 1.1997 -0.0969533 
v 0.014081 1.21648 -0.101211 
v 0.030989 1.2267 -0.108016 
v 0.0300014 1.19798 -0.100825 
v 0.0471364 1.20785 -0.105131 
v 0.0227554 1.39014 -0.133257 
v 0.0450082 1.38223 -0.137652 
v 0.0441673 1.40021 -0.136248 
v 0.0894353 1.38549 -0.136835 
v 0.0889692 1.40377 -0.136082 
v 0.067042 1.39316 -0.138508 
v 0.132104 1.39117 -0.126084 
v 0.134328 1.40958 -0.125286 
v 0.11151 1.39743 -0.132182 
v 0.194489 1.39276 -0.105553 
v 0.172665 1.41184 -0.11342 
v 0.170778 1.39297 -0.112199 
v 0.153661 1.40272 -0.119242 
v 0.216771 1.39655 -0.0994511 
v 0.200814 1.41538 -0.103539 
v 0.195134 1.40589 -0.106404 
v 0.226167 1.41546 -0.0901712 
v 0.240003 1.39534 -0.0867242 
v 0.221028 1.40646 -0.0960579 
v 0.259219 1.39362 -0.0678076 
v 0.247006 1.41535 -0.0708134 
v 0.244036 1.40482 -0.0798284 
v 0.269913 1.39465 -0.0453702 
v 0.259172 1.41688 -0.0468411 
v 0.260383 1.40441 -0.0581241 
v 0.268286 1.39993 -0.0221069 
v 0.258636 1.42037 -0.0219353 
v 0.266119 1.40755 -0.0339933 
v 0.244304 1.42251 0.00112019 
v 0.253087 1.40479 0.000154523 
v 0.257657 1.41205 -0.01018 
v 0.228001 1.40665 0.0183719 
v 0.221282 1.42228 0.0193956 
v 0.237499 1.41454 0.0106658 
v 0.201236 1.40381 0.0293545 
v 0.197461 1.41718 0.0317397 
v 0.190607 1.4052 0.0349828 
v 0.211287 1.41349 0.026037 
v 0.114144 1.16831 0.0741395 
v 0.0960677 1.16821 0.0913351 
v 0.106046 1.182 0.0825677 
v 0.113139 1.13864 0.0751698 
v 0.0942429 1.13781 0.0912891 
v 0.104896 1.15409 0.0830592 
v 0.111531 1.10566 0.0777472 
v 0.0928563 1.10305 0.0928498 
v 0.103118 1.12234 0.0841368 
v 0.110307 1.06814 0.078968 
v 0.0922511 1.06394 0.0928746 
v 0.102114 1.08572 0.0861671 
v 0.087812 1.02342 0.0914024 
v 0.106106 1.02794 0.0787073 
v 0.0995905 1.0463 0.0852931 
v 0.0949335 0.977318 0.0841767 
v 0.0785413 0.979131 0.0929572 
v 0.0933356 1.00281 0.0862755 
v 0.0732832 0.921826 0.095866 
v 0.063135 0.931512 0.0988264 
v 0.0785933 0.952917 0.0923283 
v 0.0477598 0.871339 0.103548 
v 0.0436576 0.887627 0.106997 
v 0.0576997 0.902538 0.102316 
v 0.00848508 0.835087 0.0945774 
v 0.0194693 0.83243 0.0882236 
v 0.0205893 0.856948 0.106981 
v 0.0332226 0.859448 0.104576 
v 0.0103531 1.35563 0.0811976 
v 0.0239283 1.34566 0.0883861 
v 0.00749478 1.3771 0.0735551 
v 0.0187344 1.36661 0.0803471 
v 0.00864186 1.40747 0.0626484 
v 0.00506685 1.39648 0.0662321 
v 0.0133972 1.38826 0.0709899 
v 0.0632816 1.35619 0.092981 
v 0.0531177 1.3452 0.0956111 
v 0.0343231 1.35607 0.0885644 
v 0.053295 1.37885 0.0824665 
v 0.0268746 1.37802 0.0783652 
v 0.0442077 1.36717 0.0865225 
v 0.0196403 1.39987 0.0675967 
v 0.0351928 1.38978 0.0748341 
v 0.0124972 1.42109 0.0571918 
v 0.0263887 1.41203 0.0630511 
v 0.0113467 1.45071 0.0416058 
v 0.00814183 1.44019 0.0470902 
v 0.018722 1.43306 0.0518263 
v 0.0602485 1.39142 0.0766539 
v 0.0646323 1.40481 0.0693821 
v 0.0426504 1.40198 0.0697164 
v 0.0520278 1.42717 0.056564 
v 0.0326292 1.42408 0.0576058 
v 0.0481911 1.41453 0.0634619 
v 0.0402331 1.44781 0.0452925 
v 0.023074 1.44438 0.0462248 
v 0.0371478 1.43608 0.051541 
v 0.0134329 1.4628 0.0343896 
v 0.0177191 1.47315 0.0284703 
v 0.0263105 1.4558 0.0403889 
v 0.0344049 1.48647 0.0226238 
v 0.0234702 1.49345 0.0211641 
v 0.02089 1.483 0.0239231 
v 0.0444645 1.4699 0.0323873 
v 0.0425364 1.45909 0.0390437 
v 0.0294825 1.46648 0.0344923 
v 0.0321293 1.47648 0.0284943 
v 0.0594967 1.48461 0.0184661 
v 0.0586791 1.47441 0.0274775 
v 0.0729803 1.47951 0.0204716 
v 0.0721228 1.46866 0.0296093 
v -0.0033789 0.815401 -0.0399155 
v -0.00132464 0.833595 -0.085964 
v 0.000177471 0.861085 -0.123615 
v 0.089408 1.68142 -0.0157119 
v 0.0908141 1.6806 -0.0164262 
v 0.0801442 1.62859 -0.0108812 
v 0.0820411 1.63027 -0.0104313 
v 0.0787743 1.64984 -0.00298502 
v 0.077749 1.64788 -0.00522553 
v 0.0829168 1.6692 -0.00608384 
v 0.0843528 1.67016 -0.00802547 
v 0.0805667 1.65978 -0.00551389 
v 0.0819525 1.66153 -0.00741336 
v 0.0769004 1.63368 0.000333089 
v 0.0773381 1.63715 -0.00215474 
v 0.0782189 1.62644 -0.0045622 
v 0.0796522 1.62972 -0.00516266 
v 0.0900888 1.65669 -0.0279015 
v 0.0911024 1.65588 -0.0263209 
v 0.083391 1.63516 -0.0182367 
v 0.0851327 1.63614 -0.017086 
v 0.0870926 1.64472 -0.0242899 
v 0.0884396 1.64481 -0.0228043 
v 0.0916639 1.66934 -0.0274877 
v 0.0927682 1.66794 -0.0264759 
v 0.0914022 1.67872 -0.0228804 
v 0.0927419 1.67731 -0.022812 
v 0.0789081 1.65196 -0.00748567 
v 0.080574 1.65409 -0.0098051 
v 0.078058 1.64296 -0.000845406 
v 0.0777281 1.64356 -0.00322377 
v 0.0791306 1.64894 -0.0109469 
v 0.079839 1.64998 -0.0136463 
v 0.0827417 1.66485 -0.01279 
v 0.0823295 1.66158 -0.0146215 
v 0.0809496 1.63857 -0.0108493 
v 0.07902 1.63732 -0.00832835 
v 0.0856668 1.65297 -0.0198057 
v 0.0847904 1.64714 -0.0184959 
v 0.0832961 1.64225 -0.0150079 
v 0.0851986 1.65949 -0.0177393 
v 0.0789938 1.648 -0.0149733 
v 0.0788852 1.64723 -0.0132652 
v 0.0883903 1.67847 -0.0109714 
v 0.0861967 1.67732 -0.00938939 
v 0.0750009 1.63934 -0.00432897 
v 0.0749263 1.64438 -0.00491991 
v 0.072494 1.64003 -0.00744485 
v 0.0739492 1.64413 -0.0102395 
v 0.0776765 1.63221 -0.00427243 
v 0.0763337 1.63626 -0.00637197 
v 0.0754013 1.64756 -0.00928157 
v 0.0745541 1.64733 -0.00622733 
v 0.0769369 1.64611 -0.0119229 
v 0.0777469 1.64547 -0.0137977 
v 0.0771419 1.64056 -0.0103054 
v 0.0802838 1.6442 -0.0147904 
v 0.0800037 1.65034 -0.0160484 
v 0.0823631 1.6487 -0.0179927 
v 0.0810829 1.65732 -0.0152676 
v 0.0802245 1.65395 -0.0133716 
v 0.0828395 1.65394 -0.0185193 
v 0.0839366 1.65147 -0.0194629 
v 0.0805127 1.65962 -0.0109673 
v 0.0809024 1.66179 -0.0126294 
v 0.0825007 1.66646 -0.010602 
v 0.0817793 1.66321 -0.00837803 
v 0.0712733 1.64214 -0.00550971 
v 0.0720036 1.64549 -0.00615039 
v 0.070225 1.64312 -0.00783761 
v 0.0712431 1.64558 -0.0085115 
v 0.080047 1.63397 -0.00684427 
v 0.0828972 1.6363 -0.0104013 
v 0.0849948 1.64038 -0.0151363 
v 0.0867642 1.64657 -0.0191762 
v 0.0886043 1.65644 -0.0209094 
v 0.0903614 1.66444 -0.0221199 
v 0.0902549 1.67183 -0.0204437 
v 0.0887073 1.6752 -0.0172223 
v 0.0838375 1.66871 -0.0125418 
v 0.0896314 1.6778 -0.0166863 
v 0.0914658 1.67442 -0.0213937 
v 0.091584 1.66603 -0.0240524 
v 0.0902228 1.65566 -0.0237838 
v 0.0880002 1.64598 -0.0208082 
v 0.0854817 1.63821 -0.0159183 
v 0.0831651 1.63334 -0.0102625 
v 0.0818247 1.63218 -0.00729691 
v 0.086847 1.67497 -0.0116665 
v 0.0857048 1.67336 -0.0131283 
v 0.0872399 1.67115 -0.0151474 
v 0.0880169 1.66659 -0.0170784 
v 0.0882674 1.66225 -0.0185499 
v 0.0892223 1.67321 -0.0176419 
v 0.0894337 1.66936 -0.0187857 
v 0.0896092 1.66403 -0.0200287 
v 0.0852496 1.66671 -0.0139727 
v 0.0863926 1.66383 -0.0157677 
v 0.084664 1.66473 -0.013927 
v 0.0846054 1.66275 -0.0146638 
v 0.0866779 1.67761 -0.0208438 
v 0.0849129 1.67942 -0.0138125 
v 0.0756287 1.62703 -0.00393352 
v 0.0765822 1.629 -0.0107241 
v 0.0825806 1.67611 -0.00777087 
v 0.080019 1.66885 -0.00340827 
v 0.077921 1.65933 -0.00093575 
v 0.0772571 1.65103 0.000183111 
v 0.0760795 1.64254 0.00242493 
v 0.0744311 1.63217 0.00111515 
v 0.0829124 1.64546 -0.0241268 
v 0.0855435 1.65754 -0.0272257 
v 0.0795141 1.63569 -0.0183769 
v 0.087002 1.66941 -0.0259608 
v 0.0815254 1.67457 -0.0195545 
v 0.0809695 1.67685 -0.013301 
v 0.0718932 1.6282 -0.00132698 
v 0.0721182 1.63029 -0.0115983 
v 0.0798379 1.67658 -0.00755937 
v 0.0775196 1.6684 0.00250171 
v 0.0758329 1.65449 0.00529491 
v 0.0740738 1.64034 0.00614641 
v 0.0768831 1.64593 -0.0221257 
v 0.07927 1.65674 -0.024648 
v 0.0743921 1.63682 -0.0173791 
v 0.0809138 1.66725 -0.023857 
v 0.0779197 1.65438 -0.00207381 
v 0.0789937 1.65476 -0.00418193 
v 0.0787349 1.65101 -0.00537441 
v 0.0766627 1.64935 -0.00691146 
v 0.0724683 1.64715 -0.00736682 
v 0.0696248 1.64442 -0.00692235 
v 0.0699037 1.64164 -0.00643644 
v 0.0713568 1.63955 -0.0053584 
v 0.0761 1.63518 -0.00394481 
v 0.0774566 1.63171 -0.00215225 
v 0.0775385 1.62804 -0.00135432 
v 0.0763356 1.62793 -0.000609159 
v 0.073632 1.63766 -0.00524495 
v 0.0682753 1.6254 -0.00925302 
v 0.0676908 1.62795 -0.0184019 
v 0.0696841 1.6384 -0.0256581 
v 0.0730274 1.65264 -0.0294124 
v 0.0764262 1.6646 -0.0303775 
v 0.078662 1.67337 -0.0272413 
v 0.0801108 1.6782 -0.0203539 
v 0.079588 1.67581 -0.0163814 
v 0.0789863 1.67205 -0.0212619 
v 0.0774878 1.66462 -0.0240705 
v 0.0750042 1.6544 -0.023995 
v 0.0722473 1.64368 -0.0213154 
v 0.0702815 1.63545 -0.0164349 
v 0.0698137 1.63198 -0.0131552 
v 0.161008 0.114941 -0.0862678 
v 0.180659 0.130406 -0.0779992 
v 0.154369 0.121086 -0.00681813 
v 0.140976 0.121281 -0.0345121 
v 0.19572 0.123843 -0.0183757 
v 0.200029 0.127578 -0.0478378 
v 0.147597 0.121157 -0.0765638 
v 0.188369 0.12469 -0.0703156 
v 0.142813 0.116643 -0.0610411 
v 0.179324 0.12304 -0.00108112 
v 0.486709 0.970652 0.048881 
v 0.474397 0.975387 0.0474446 
v 0.497448 0.979597 0.0381737 
v 0.502581 0.979407 0.0269574 
v 0.500882 0.982084 0.0116921 
v 0.49558 0.977756 -0.00339176 
v 0.485396 0.970082 -0.0110473 
v 0.473959 0.972891 -0.0114445 
v 0.470734 0.95913 0.0443068 
v 0.463374 0.993132 0.0419142 
v 0.480489 1.00464 0.0372336 
v 0.490557 1.00513 0.00897409 
v 0.478071 0.995221 -0.0127601 
v 0.475992 0.990056 0.0443381 
v 0.458695 0.964182 0.0194541 
v 0.450934 0.981647 0.0250286 
v 0.460268 0.981596 0.0390052 
v 0.461621 0.961672 0.00138924 
v 0.452716 0.980358 -0.0036089 
v 0.0156442 0.818877 0.0696323 
v 0.12876 1.25289 -0.0860881 
v 0.207501 1.38166 -0.101034 
v 0.275005 1.38434 -0.0446044 
v 0.202609 1.39596 0.0255637 
v 0.134124 1.28641 0.0550041 
v 0.0324236 1.47357 -0.120478 
v 0.0910453 1.47994 -0.117806 
v 0.168821 1.49781 -0.0640297 
v 0.140377 1.48688 -0.00357533 
v 0.103278 1.39172 0.0744134 
v 0.12753 1.32441 0.0775096 
v 0.19457 1.42413 0.0318021 
v 0.313251 1.23016 -0.0619185 
v 0.340236 1.27435 -0.0266594 
v 0.318856 1.24922 0.0200969 
v 0.105126 0.973921 0.0790271 
v 0.145797 1.00949 0.0429054 
v 0.154558 1.26797 0.00612464 
v 0.187806 1.37881 -0.0128314 
v 0.292091 1.22591 0.0155538 
v 0.164394 1.00509 -0.00937319 
v 0.152459 1.25194 -0.0423152 
v 0.186683 1.35686 -0.086039 
v 0.140872 0.391236 -0.119462 
v 0.160453 0.37897 0.00469741 
v 0.204331 0.396954 -0.0508241 
v 0.192309 0.390146 -0.0124168 
v 0.115253 1.51608 -0.0602673 
v 0.111142 1.50684 -0.0303692 
v 0.0535419 1.49258 0.0134442 
v 0.0834657 1.52886 -0.0400992 
v 0.045841 1.51384 0.0131797 
v 0.282186 1.21084 -0.0334866 
v 0.253353 1.42844 -0.0475495 
v 0.169261 1.34978 -0.0986759 
v 0.179077 1.36823 -0.0120966 
v 0.185323 1.38619 0.028255 
v 0.178215 1.40972 0.0409269 
v 0.13283 1.47058 0.0137862 
v 0.0936307 1.50347 -0.016743 
v 0.0791359 1.52332 -0.0245829 
v 0.0862352 1.4941 -0.109589 
v 0.0309836 1.4918 -0.114119 
v 0.0374953 1.43918 -0.129281 
v 0.0483513 1.33141 -0.134327 
v 0.108611 0.3749 -0.0181514 
v 0.086064 0.37495 -0.0553947 
v 0.151009 0.976738 -0.0820351 
v 0.195701 0.399691 -0.0908613 
v 0.121234 1.13957 0.0667575 
v 0.14409 1.13468 0.0268309 
v 0.146801 1.12401 -0.0206488 
v 0.122358 1.11401 -0.0657647 
v 0.0170523 0.892772 -0.150504 
v 0.0350748 1.12913 0.126294 
v 0.0303196 1.27883 0.100582 
v 0.0285765 1.31569 0.0949562 
v 0.0664936 1.37948 0.0832209 
v 0.040832 1.48812 0.0199071 
v 0.255755 1.33253 0.0203395 
v 0.301025 1.3369 -0.0397814 
v 0.262292 1.3084 -0.0811265 
v 0.224106 1.28534 -0.055578 
v 0.22985 1.30765 0.00262797 
v 0.0328333 1.50769 0.0189657 
v 0.114726 1.17093 -0.0651017 
v 0.140031 1.17566 -0.0222513 
v 0.143139 1.18655 0.0221814 
v 0.122802 1.19326 0.0638853 
v 0.0333241 1.19423 0.123266 
v 0.0317968 1.2203 0.118263 
v 0.0628656 1.19525 0.114513 
v 0.0624842 1.13348 0.115249 
v 0.0230084 0.934618 0.10974 
v 0.0494473 0.978416 0.105393 
v 0.0620266 1.22032 0.110979 
v 0.157086 1.3213 -0.0951132 
v 0.174586 1.31947 -0.0563614 
v 0.108252 1.4512 -0.125133 
v 0.210059 1.48074 -0.0555511 
v 0.172524 1.4636 0.0207348 
v 0.155258 1.44844 0.0307379 
v 0.170978 1.33876 -0.0102059 
v 0.171347 1.36214 0.0281069 
v 0.166999 1.38925 0.0487153 
v 0.141802 1.43228 0.0423359 
v 0.0765737 1.43477 0.0512522 
v 0.119979 1.45958 0.0257803 
v 0.0802141 1.49996 -0.00441809 
v 0.0703447 1.52116 -0.00998325 
v 0.138301 1.50639 -0.0706612 
v 0.170996 1.50137 -0.0297677 
v 0.2086 1.48094 -0.00864701 
v 0.239877 1.4315 0.00138937 
v 0.258013 1.39595 -0.000753206 
v 0.288459 1.34247 -0.00587231 
v 0.336265 1.27219 0.000113655 
v 0.137717 1.48879 -0.0961445 
v 0.167872 1.46844 -0.0971968 
v 0.21901 1.42475 -0.0915312 
v 0.247734 1.38452 -0.0842161 
v 0.289722 1.32643 -0.06731 
v 0.333837 1.2566 -0.0491306 
v 0.148036 1.50636 -0.0457295 
v 0.128592 1.49764 -0.0914591 
v 0.18158 1.34529 -0.0568779 
v 0.184716 1.35304 -0.0538596 
v 0.218882 1.28869 -0.0301733 
v 0.280378 1.21247 -0.00885318 
v 0.0759309 1.27504 -0.118744 
v 0.0928439 1.1718 -0.083566 
v 0.0978918 1.11038 -0.0821407 
v 0.0597557 1.49353 -0.113151 
v 0.0630443 1.47686 -0.121241 
v 0.0738208 1.44378 -0.131083 
v 0.0994861 1.32459 -0.126086 
v 0.144972 1.29567 -0.0919933 
v 0.165934 1.29254 -0.0513978 
v 0.164222 1.30903 -0.00547444 
v 0.156913 1.33657 0.0329635 
v 0.154829 1.36691 0.0574687 
v 0.129228 1.41687 0.0548559 
v 0.105742 1.45001 0.0369296 
v 0.0669791 1.49669 0.00537898 
v 0.0589915 1.51891 0.00336761 
v 0.126555 1.3038 -0.108924 
v 0.298882 1.219 -0.0565186 
v 0.246408 1.2974 -0.0784551 
v 0.19528 1.37364 -0.0989655 
v 0.167866 1.38532 -0.11175 
v 0.131505 1.38145 -0.125911 
v 0.0898417 1.37556 -0.137 
v 0.0455971 1.37244 -0.138187 
v 0.0341483 1.05052 0.124653 
v 0.0614693 1.05624 0.114526 
v 0.118869 1.06971 0.0717888 
v 0.145349 1.07294 0.0341495 
v 0.151259 1.06427 -0.0182724 
v 0.130119 1.0476 -0.0754146 
v 0.108256 1.03858 -0.100674 
v 0.0633268 1.1755 -0.0962431 
v 0.0675638 1.10756 -0.090607 
v 0.131401 0.956639 -0.118815 
v 0.163382 0.395076 -0.117618 
v 0.0774625 0.913535 0.09545 
v 0.143125 0.375969 0.00183531 
v 0.0270078 0.973538 0.111516 
v 0.0424059 0.939693 0.105209 
v 0.0203941 0.869459 0.111328 
v 0.0573504 0.935217 0.10061 
v 0.0696506 0.979656 0.0970927 
v 0.0829438 1.06151 0.100094 
v 0.0842691 1.13663 0.0992518 
v 0.0873725 1.19588 0.0993092 
v 0.0866965 1.2411 0.0941801 
v 0.0301949 1.24383 0.111736 
v 0.0882976 0.37805 -0.0793389 
v 0.189901 0.83617 -0.0141947 
v 0.171734 0.822216 -0.0745881 
v 0.172649 0.837965 0.0527601 
v 0.120259 0.812092 0.093882 
v 0.0884143 0.788189 0.0932477 
v 0.0288272 0.748191 0.0513864 
v 0.00425069 0.745548 -0.0277191 
v 0.0151694 0.755474 -0.0660461 
v 0.095562 0.787548 -0.110125 
v 0.124313 0.798332 -0.107052 
v 0.125676 0.753483 0.0900359 
v 0.178447 0.775835 0.0498647 
v 0.191178 0.776664 -0.0162033 
v 0.171835 0.767904 -0.0702894 
v 0.130012 0.750384 -0.0996526 
v 0.104427 0.740245 -0.10517 
v 0.027203 0.711189 -0.0684602 
v 0.0161909 0.703968 -0.0327973 
v 0.037476 0.705225 0.0417468 
v 0.0933141 0.734255 0.0870529 
v 0.108797 0.923079 0.0844763 
v 0.154253 0.961168 0.0497682 
v 0.172544 0.959261 -0.0095337 
v 0.159229 0.928155 -0.0823022 
v 0.0375258 0.851478 -0.136175 
v 0.00629008 0.818082 -0.0728162 
v -0.00197393 0.803205 -0.0316253 
v 0.0207434 0.808269 0.0652233 
v 0.0820599 0.882653 0.0969569 
v 0.0174129 0.833905 -0.107384 
v 0.0403025 0.765988 -0.0918994 
v 0.050989 0.720308 -0.0924348 
v 0.099937 0.382597 -0.0996567 
v 0.270433 1.37425 -0.00427119 
v 0.285446 1.36371 -0.0432558 
v 0.267582 1.35857 -0.0759508 
v 0.23546 1.34824 -0.0914852 
v 0.220389 1.33964 -0.0894636 
v 0.200306 1.3277 -0.0702387 
v 0.195424 1.3298 -0.0430002 
v 0.203467 1.35162 -0.00460092 
v 0.225069 1.37159 0.0198863 
v 0.288614 1.29111 0.0221287 
v 0.311777 1.30816 -0.00340617 
v 0.318999 1.30614 -0.033836 
v 0.310999 1.29114 -0.0580675 
v 0.288929 1.26852 -0.0709067 
v 0.274461 1.25722 -0.0669609 
v 0.254836 1.24693 -0.043767 
v 0.251804 1.25043 -0.0188827 
v 0.261378 1.26576 0.0101656 
v 0.248518 1.37608 0.0134586 
v 0.211087 1.36241 0.0138381 
v 0.240329 1.32035 0.0168744 
v 0.272945 1.27764 0.0212019 
v 0.302456 1.30176 0.0123409 
v 0.273854 1.34036 0.0114758 
v 0.415519 1.13287 0.0232891 
v 0.427561 1.14424 -0.00194905 
v 0.419293 1.13217 -0.0307453 
v 0.402189 1.11071 -0.044423 
v 0.389476 1.09895 -0.0435596 
v 0.368183 1.08444 -0.0271624 
v 0.364323 1.08438 -0.000713539 
v 0.375826 1.0955 0.02108 
v 0.394064 1.11235 0.0298514 
v 0.343693 1.20522 0.0152278 
v 0.362728 1.23133 0.0053355 
v 0.370096 1.23989 -0.0200634 
v 0.359945 1.21981 -0.0413239 
v 0.339448 1.19075 -0.0555786 
v 0.325747 1.17846 -0.0505531 
v 0.308661 1.1662 -0.0284593 
v 0.306894 1.16795 -0.00203153 
v 0.322155 1.18336 0.0160722 
v 0.369817 1.15865 0.0240541 
v 0.392773 1.18318 0.0160959 
v 0.402907 1.19458 -0.011527 
v 0.389771 1.17642 -0.037961 
v 0.371589 1.15012 -0.0513022 
v 0.358819 1.13763 -0.0476629 
v 0.339162 1.12275 -0.0281539 
v 0.336195 1.12396 -0.000793962 
v 0.349932 1.13823 0.0192562 
v 0.368782 1.23918 -0.00686874 
v 0.400862 1.19254 0.0035249 
v 0.398111 1.18841 -0.0258984 
v 0.366815 1.23269 -0.0322958 
v 0.434339 1.08858 0.0268115 
v 0.446349 1.09898 0.00629993 
v 0.443148 1.09184 -0.0190105 
v 0.427044 1.07412 -0.0346228 
v 0.414478 1.06391 -0.0357135 
v 0.395343 1.05167 -0.0227008 
v 0.39138 1.05016 -0.00026088 
v 0.40039 1.05808 0.0196461 
v 0.416105 1.07203 0.0302406 
v 0.452095 1.05129 0.032321 
v 0.463175 1.06036 0.0148597 
v 0.462078 1.05601 -0.00687965 
v 0.447647 1.04098 -0.0244204 
v 0.435087 1.03185 -0.0263557 
v 0.418519 1.02225 -0.0156732 
v 0.415416 1.02032 0.00226166 
v 0.421658 1.02504 0.0197225 
v 0.435073 1.03696 0.0328024 
v 0.305385 1.16525 -0.0159268 
v 0.313107 1.17465 0.00959069 
v 0.341703 1.13 0.011524 
v 0.335362 1.12149 -0.0151878 
v 0.251776 1.35452 -0.0867552 
v 0.277352 1.31822 -0.0768326 
v 0.301518 1.28025 -0.0671215 
v 0.261915 1.24948 -0.0560375 
v 0.232629 1.28857 -0.0682254 
v 0.208277 1.33182 -0.080993 
v 0.0567778 0.817339 -0.114801 
v 0.0320405 0.806007 -0.09415 
v 0.00937716 0.79333 -0.0662861 
v -0.00102425 0.780112 -0.0275535 
v 0.0233087 0.785172 0.0589397 
v 0.0846876 0.838975 0.0961616 
v 0.114237 0.870152 0.0910275 
v 0.163366 0.901496 0.0535099 
v 0.182088 0.898713 -0.0119669 
v 0.167324 0.876027 -0.0797908 
v 0.153634 0.427824 0.00753445 
v 0.179139 0.452958 -0.0113021 
v 0.188239 0.456736 -0.0459398 
v 0.181847 0.458874 -0.0820532 
v 0.153836 0.453576 -0.10534 
v 0.13504 0.450505 -0.108096 
v 0.0984191 0.44331 -0.0917631 
v 0.0857366 0.438678 -0.0741528 
v 0.0806389 0.435585 -0.0533161 
v 0.095691 0.435026 -0.0153869 
v 0.136793 0.424503 0.00645441 
v 0.137626 0.507142 0.0361626 
v 0.167653 0.515181 -0.00223726 
v 0.177943 0.517193 -0.0361639 
v 0.169221 0.515175 -0.0696438 
v 0.143986 0.509109 -0.0918737 
v 0.128195 0.506168 -0.09578 
v 0.0924325 0.499004 -0.0836421 
v 0.0742082 0.494607 -0.0701155 
v 0.063355 0.491456 -0.0509614 
v 0.076558 0.491139 -0.00949515 
v 0.120449 0.503585 0.0363847 
v 0.127386 0.697146 0.0814372 
v 0.179474 0.717015 0.0442545 
v 0.18808 0.720949 -0.0186326 
v 0.169757 0.715871 -0.0676572 
v 0.133826 0.70246 -0.0972178 
v 0.110431 0.693731 -0.103551 
v 0.0610204 0.676217 -0.0914177 
v 0.0399397 0.667414 -0.0694345 
v 0.029465 0.661626 -0.0373851 
v 0.0454535 0.661512 0.0320855 
v 0.0959905 0.681719 0.0773163 
v 0.125206 0.647179 0.07072 
v 0.17603 0.663632 0.0372031 
v 0.182717 0.669309 -0.0205497 
v 0.167593 0.666526 -0.0662823 
v 0.136015 0.655927 -0.0942295 
v 0.114879 0.648677 -0.100076 
v 0.0698933 0.633696 -0.0883752 
v 0.0503007 0.62593 -0.0692571 
v 0.0391779 0.620621 -0.0410339 
v 0.050818 0.618941 0.0231639 
v 0.095983 0.635079 0.0665319 
v 0.123644 0.574818 0.0524394 
v 0.166425 0.568881 0.0157765 
v 0.175528 0.571586 -0.0263722 
v 0.165091 0.568274 -0.0637081 
v 0.138009 0.561495 -0.0868718 
v 0.12183 0.557431 -0.0916997 
v 0.0829645 0.547871 -0.0830535 
v 0.0623057 0.543033 -0.0694328 
v 0.0508489 0.538993 -0.0479419 
v 0.063483 0.53855 0.00194357 
v 0.100059 0.566683 0.0492749 
v 0.209076 0.276936 -0.050656 
v 0.20268 0.279509 -0.0830115 
v 0.174107 0.276615 -0.107047 
v 0.154117 0.273704 -0.109262 
v 0.119126 0.265709 -0.0916464 
v 0.109917 0.261721 -0.0740912 
v 0.10807 0.258846 -0.0542814 
v 0.125874 0.257683 -0.0223374 
v 0.141251 0.259258 -0.0128186 
v 0.171308 0.263406 -0.0044281 
v 0.198083 0.269612 -0.0186574 
v 0.167093 0.321157 0.00117493 
v 0.197706 0.328755 -0.0151224 
v 0.210245 0.33689 -0.0522584 
v 0.202447 0.339548 -0.0898952 
v 0.169751 0.335453 -0.117032 
v 0.146935 0.331706 -0.119499 
v 0.105572 0.322479 -0.0992336 
v 0.0944934 0.318058 -0.078809 
v 0.092754 0.314916 -0.055176 
v 0.116702 0.314626 -0.0192058 
v 0.150695 0.31864 -0.0015686 
v 0.173397 0.210281 -0.00864552 
v 0.196698 0.214549 -0.0209838 
v 0.2061 0.219453 -0.0484256 
v 0.198823 0.221036 -0.0772227 
v 0.174801 0.219029 -0.0972553 
v 0.158311 0.21718 -0.0986416 
v 0.130733 0.211611 -0.0840451 
v 0.123503 0.208771 -0.0692347 
v 0.122084 0.206807 -0.0527414 
v 0.135593 0.206191 -0.0248833 
v 0.148007 0.207387 -0.0150054 
v 0.177824 0.902876 0.0231522 
v 0.186049 0.838839 0.0207061 
v 0.189939 0.777516 0.0174307 
v 0.18919 0.719977 0.0121848 
v 0.184674 0.667493 0.00724762 
v 0.176816 0.668955 -0.0451241 
v 0.181221 0.719718 -0.0454387 
v 0.18478 0.773739 -0.0465048 
v 0.184885 0.830718 -0.0475007 
v 0.178311 0.889344 -0.046985 
v 0.0780533 0.72981 -0.10346 
v 0.0855912 0.684922 -0.102062 
v 0.092333 0.64131 -0.0980327 
v 0.103773 0.552811 -0.0898508 
v 0.115468 0.44739 -0.103969 
v 0.118282 0.387214 -0.113284 
v 0.124003 0.327434 -0.113271 
v 0.153187 0.759748 -0.0878567 
v 0.153932 0.71014 -0.0849715 
v 0.153902 0.662155 -0.0826236 
v 0.151959 0.564894 -0.0765 
v 0.169794 0.456951 -0.0964172 
v 0.182114 0.398228 -0.107285 
v 0.188903 0.338277 -0.106268 
v 0.191113 0.278658 -0.0975463 
v 0.134701 0.270065 -0.103838 
v 0.167074 0.451088 0.00411163 
v 0.161064 0.513363 0.0156593 
v 0.0703147 0.624776 0.0496705 
v 0.0678129 0.668876 0.0599023 
v 0.0631406 0.71649 0.0698386 
v 0.0202521 0.701582 0.00649996 
v 0.0315473 0.659455 -0.00179176 
v 0.0396908 0.617978 -0.00867067 
v 0.00937551 0.742412 0.0152174 
v 0.00292058 0.775824 0.0193132 
v 0.00060269 0.796649 0.018736 
v -0.00207606 0.80737 0.0124315 
v 0.0569994 0.764475 0.0782277 
v 0.0533418 0.807612 0.0856539 
v 0.0515168 0.839627 0.0953039 
v 0.0492082 0.862431 0.101952 
v 0.0410711 0.895567 0.107643 
v 0.0201379 0.898643 0.112011 
v 0.0676997 1.61574 0.00251514 
v 0.0655094 1.60828 -0.0103409 
v 0.0644248 1.61306 -0.0274169 
v 0.0676106 1.63895 -0.0369834 
v 0.0717154 1.65557 -0.0416513 
v 0.0754268 1.66889 -0.0426429 
v 0.0788642 1.67876 -0.034144 
v 0.0778745 1.68014 0.0104625 
v 0.0763059 1.66462 0.0146205 
v 0.0744814 1.64909 0.0162102 
v 0.0715463 1.63093 0.0126094 
v 0.0655026 1.66159 0.0588106 
v 0.067689 1.66642 0.0540456 
v 0.0681688 1.67342 0.0521847 
v 0.0690414 1.67924 0.0496466 
v 0.0653805 1.65077 0.0584756 
v 0.0702661 1.65416 0.0460586 
v 0.0721125 1.66694 0.0424407 
v 0.0721256 1.67634 0.0414011 
v 0.0669119 1.63258 0.0460476 
v 0.0605468 1.66587 0.0654271 
v 0.0627136 1.6689 0.0617958 
v 0.0612445 1.65982 0.0655164 
v 0.0644091 1.67213 0.0587971 
v 0.0646704 1.67543 0.0578932 
v 0.0658856 1.67876 0.0557205 
v 0.0643254 1.68342 0.057664 
v 0.0672749 1.6829 0.0526766 
v 0.0604825 1.65346 0.0669221 
v 0.0701419 1.68399 0.0456 
v 0.0592266 1.64237 0.0658848 
v 0.0720787 1.64085 0.0288057 
v 0.0741215 1.65897 0.0294966 
v 0.0750033 1.67225 0.0274301 
v 0.0739861 1.68343 0.0322789 
v 0.062714 1.60873 0.037753 
v 0.0573982 1.61968 0.0597183 
v 0.0669756 1.6153 0.022369 
v 0.0409971 1.71819 0.0827309 
v 0.0517884 1.71578 0.0738545 
v 0.0291388 1.71911 0.0887449 
v 0.0604496 1.71136 0.0629743 
v 0.0660811 1.70532 0.0532538 
v 0.0169671 1.71948 0.0916153 
v 0.041373 1.72792 0.0788099 
v 0.0521994 1.72559 0.0693116 
v 0.0297323 1.72907 0.0848934 
v 0.0621061 1.72148 0.0562575 
v 0.0712992 1.713 0.0368795 
v 0.0177685 1.72975 0.0881815 
v 0.0421049 1.73889 0.0730385 
v 0.0525656 1.73674 0.0634066 
v 0.0309657 1.74025 0.0797198 
v 0.0626123 1.73322 0.0500581 
v 0.0721178 1.72559 0.0316291 
v 0.0186404 1.74166 0.083347 
v 0.042766 1.74985 0.0663105 
v 0.0516796 1.7481 0.0574888 
v 0.0323466 1.75246 0.0720469 
v 0.0607021 1.74627 0.0441122 
v 0.070714 1.73929 0.026532 
v 0.0196584 1.75519 0.075801 
v 0.0447897 1.7592 0.0563938 
v 0.0496599 1.75493 0.0555619 
v 0.0345558 1.76435 0.060332 
v 0.0544947 1.75693 0.0456417 
v 0.0636217 1.75601 0.0247934 
v 0.0208318 1.7694 0.0630543 
v 0.0739715 1.70235 0.0306552 
v 0.0746332 1.69261 0.0278264 
v 0.0822113 1.71447 -0.0204243 
v 0.0809135 1.72759 -0.0219655 
v 0.0772375 1.74322 -0.0235828 
v 0.0697683 1.75976 -0.0258777 
v 0.0826031 1.70336 -0.0187055 
v 0.0822192 1.69545 -0.0133414 
v 0.0796448 1.69376 0.00665957 
v 0.0798918 1.70425 0.0078564 
v 0.0795772 1.71515 0.00732496 
v 0.0790115 1.72779 0.004351 
v 0.075798 1.74275 0.0011659 
v 0.0687739 1.75902 -0.00135235 
v 0.0545229 1.76059 -0.0702346 
v 0.0562477 1.7435 -0.0811484 
v 0.0579629 1.72771 -0.0846658 
v 0.0588266 1.71232 -0.0857832 
v 0.0589128 1.69844 -0.0849904 
v 0.0595662 1.68535 -0.0819744 
v 0.0634253 1.67338 -0.073363 
v 0.065775 1.75867 -0.051861 
v 0.0739257 1.74307 -0.0469463 
v 0.0776506 1.72736 -0.0460973 
v 0.0789363 1.71356 -0.0453872 
v 0.0793228 1.70167 -0.0439216 
v 0.0799109 1.68986 -0.037683 
v 0.0202121 1.77295 -0.0824087 
v 0.0225974 1.75093 -0.0980745 
v 0.0231643 1.73162 -0.105063 
v 0.0233494 1.71371 -0.107793 
v 0.0233661 1.6966 -0.107436 
v 0.0239159 1.67968 -0.104141 
v 0.0307641 1.66445 -0.097509 
v 0.0376462 1.77479 0.0431541 
v 0.0410623 1.78244 0.0211588 
v 0.0432604 1.78648 -0.00404828 
v 0.0410587 1.78878 -0.026797 
v 0.0223361 1.78186 0.0442366 
v 0.0240065 1.79081 0.0205105 
v 0.0248498 1.79514 -0.00616029 
v 0.0246533 1.79441 -0.0347793 
v 0.0202045 1.78955 -0.0592176 
v 0.0492281 1.76608 0.0411181 
v 0.0544358 1.77111 0.0208178 
v 0.0578863 1.77417 -0.00321668 
v 0.0567743 1.77548 -0.0323302 
v 0.0578394 1.77004 -0.0534298 
v 0.0491346 1.66903 -0.0880091 
v 0.0438459 1.68202 -0.0957316 
v 0.0429582 1.69661 -0.0988686 
v 0.0428233 1.71221 -0.0994999 
v 0.0424238 1.72901 -0.0975182 
v 0.0414407 1.74671 -0.0917916 
v 0.0384918 1.76269 -0.0835056 
v 0.0735462 1.67717 -0.0545906 
v 0.0715448 1.68815 -0.0632581 
v 0.0711211 1.70013 -0.0664928 
v 0.0708777 1.71281 -0.0674852 
v 0.069739 1.7273 -0.0673983 
v 0.0668305 1.74249 -0.066912 
v 0.0632277 1.75194 -0.0683066 
v 0.042305 1.77849 -0.0573465 
v 0.0290156 1.61185 0.0888327 
v 0.0283995 1.61294 0.0893493 
v 0.0251791 1.61462 0.0919959 
v 0.0203185 1.61655 0.0958102 
v 0.0148859 1.6181 0.0993577 
v 0.00958631 1.61914 0.101602 
v 0.0275064 1.61099 0.0897956 
v 0.0246372 1.61036 0.0920508 
v 0.0207458 1.6106 0.0949155 
v 0.0153739 1.61083 0.0982305 
v 0.00982725 1.61114 0.100359 
v 0.0257019 1.61243 0.0913138 
v 0.0204685 1.61353 0.0951766 
v 0.0150398 1.61447 0.0985742 
v 0.0096737 1.61519 0.10069 
v 0.0301862 1.60895 0.0878825 
v 0.0312824 1.61171 0.0875033 
v 0.0266344 1.6067 0.0901509 
v 0.0214416 1.60497 0.0933479 
v 0.0157051 1.60387 0.0964817 
v 0.0100074 1.60366 0.0987146 
v 0.029726 1.61507 0.0895113 
v 0.0259286 1.61893 0.0933831 
v 0.0206344 1.62277 0.0977812 
v 0.0147179 1.62565 0.101213 
v 0.00926515 1.62731 0.103061 
v 0.00954924 1.62307 0.102838 
v 0.0148993 1.62173 0.100608 
v 0.0204507 1.61946 0.0969339 
v 0.0254147 1.61653 0.0926985 
v 0.02898 1.61385 0.0893977 
v 0.03031 1.61169 0.0879877 
v 0.0290748 1.61003 0.0887142 
v 0.0257823 1.60879 0.0910922 
v 0.0210271 1.60778 0.0944216 
v 0.0155632 1.60729 0.0977098 
v 0.0100052 1.60729 0.100039 
v 0.0372216 1.6132 0.0849398 
v 0.0357735 1.60567 0.0839503 
v 0.0315002 1.59921 0.085539 
v 0.0255901 1.59391 0.0890539 
v 0.0186631 1.59058 0.092864 
v 0.0111216 1.58925 0.0955366 
v 0.0347712 1.62142 0.0878156 
v 0.0284463 1.62935 0.0915248 
v 0.019735 1.63698 0.0955456 
v 0.0112667 1.63787 0.101098 
v 0.0092731 1.64067 0.103544 
v 0.00885084 1.63253 0.10329 
v 0.014108 1.62997 0.100906 
v 0.0205557 1.62668 0.0977193 
v 0.0265918 1.62194 0.0936111 
v 0.0309435 1.61678 0.0895822 
v 0.0325583 1.61203 0.087033 
v 0.0313828 1.60788 0.0869656 
v 0.0275356 1.60451 0.0890229 
v 0.0220714 1.60187 0.092078 
v 0.0159152 1.60026 0.0950912 
v 0.00991615 1.59985 0.0971434 
v 0.00900358 1.63655 0.103107 
v 0.0132712 1.63448 0.100338 
v 0.0202852 1.63119 0.0968964 
v 0.0273744 1.62565 0.0930292 
v 0.0326024 1.619 0.0891242 
v 0.0345107 1.61266 0.0863098 
v 0.0331553 1.60692 0.0857732 
v 0.0290762 1.60204 0.0875383 
v 0.0232986 1.59839 0.0907288 
v 0.0167081 1.59606 0.0940363 
v 0.0101468 1.59534 0.0961447 
v 0.0406105 1.61365 0.0823952 
v 0.0392237 1.60415 0.0810542 
v 0.0348983 1.59563 0.0824207 
v 0.0289913 1.58876 0.0859265 
v 0.0218811 1.5834 0.0903 
v 0.0147459 1.58297 0.0941057 
v 0.0377284 1.62365 0.0854517 
v 0.0311309 1.63297 0.0888982 
v 0.0256981 1.64114 0.0905003 
v 0.0446977 1.6139 0.078265 
v 0.0433076 1.60215 0.0762686 
v 0.0385856 1.59195 0.0768601 
v 0.0322708 1.58293 0.079524 
v 0.0268068 1.57931 0.0846126 
v 0.0152994 1.57171 0.0897318 
v 0.0415812 1.62617 0.0821873 
v 0.0347005 1.63718 0.0861091 
v 0.0272272 1.64719 0.0889609 
v 0.0500335 1.61475 0.071582 
v 0.0480769 1.59983 0.0681916 
v 0.0422599 1.58799 0.0679227 
v 0.0355219 1.57815 0.0691745 
v 0.0265559 1.56974 0.0749549 
v 0.015752 1.56547 0.0777098 
v 0.0460428 1.63038 0.0779982 
v 0.0369518 1.64353 0.0843202 
v 0.027356 1.65429 0.0886892 
v 0.0522693 1.5976 0.0558759 
v 0.0449842 1.58329 0.0536948 
v 0.0395544 1.57652 0.0581954 
v 0.0260775 1.56531 0.0591802 
v 0.0147609 1.56138 0.0613671 
v 0.0492458 1.63881 0.0757246 
v 0.0378669 1.65085 0.0830546 
v 0.0257991 1.66226 0.0877953 
v 0.0296085 1.68472 0.0794767 
v 0.0371482 1.68581 0.0797297 
v 0.0255199 1.68368 0.0785036 
v 0.0398889 1.68215 0.0780213 
v 0.0322312 1.68276 0.0793884 
v 0.026748 1.6827 0.0786715 
v 0.0457918 1.68262 0.0754265 
v 0.0493311 1.68197 0.0729239 
v 0.0482308 1.68385 0.0744129 
v 0.0442228 1.6848 0.0772195 
v 0.0495376 1.67997 0.0723446 
v 0.0437364 1.70955 0.083827 
v 0.0429324 1.66436 0.077627 
v 0.0233501 1.68286 0.0780361 
v 0.0365905 1.6889 0.0811018 
v 0.0311415 1.68723 0.0804463 
v 0.0242108 1.68257 0.0779797 
v 0.0258183 1.68508 0.0790532 
v 0.0201636 1.68459 0.0803651 
v 0.0419788 1.69368 0.0822024 
v 0.0313822 1.69324 0.0840361 
v 0.0232554 1.68891 0.0820765 
v 0.0317514 1.71075 0.0900522 
v 0.0392936 1.69776 0.0847752 
v 0.0278955 1.69751 0.0882575 
v 0.0173254 1.68621 0.0841688 
v 0.0207774 1.69166 0.0858867 
v 0.0102656 1.69588 0.0939694 
v 0.040629 1.67946 0.0776721 
v 0.0282544 1.68052 0.0792121 
v 0.0242662 1.68147 0.0782532 
v 0.0345393 1.67988 0.0793232 
v 0.0192462 1.67456 0.0859147 
v 0.0243689 1.67756 0.0798112 
v 0.0207514 1.68051 0.0797153 
v 0.0222507 1.67592 0.0816672 
v 0.0179585 1.68064 0.0829616 
v 0.0135822 1.68322 0.0887637 
v 0.0368983 1.67542 0.0787504 
v 0.0305755 1.67574 0.0797816 
v 0.0370497 1.67194 0.0786912 
v 0.0279305 1.67401 0.0806366 
v 0.0286529 1.67064 0.0819366 
v 0.0660603 1.6941 0.0548751 
v 0.0524614 1.68171 0.0703537 
v 0.0453808 1.68062 0.0752369 
v 0.0570587 1.68398 0.0667589 
v 0.0450489 1.67512 0.0751114 
v 0.0560278 1.67688 0.0668572 
v 0.0545144 1.66579 0.0707801 
v 0.0482977 1.67059 0.0738036 
v 0.0593455 1.68652 0.0651279 
v 0.0566118 1.67119 0.0676967 
v 0.0475129 1.68654 0.0763325 
v 0.0505695 1.68438 0.0730121 
v 0.0424562 1.68808 0.0795158 
v 0.0593516 1.7026 0.0677243 
v 0.0530638 1.6892 0.0736474 
v 0.0557235 1.68645 0.0694073 
v 0.0538018 1.69352 0.0750811 
v 0.0572572 1.69027 0.0696594 
v 0.0633117 1.69805 0.0606579 
v 0.0487923 1.69185 0.0783507 
v 0.0481468 1.69626 0.0804505 
v 0.0531035 1.70673 0.0758473 
v 0.00891661 1.676 0.100374 
v 0.0087662 1.68433 0.0944216 
v 0.00980814 1.69039 0.0927829 
v 0.0191081 1.71056 0.0936811 
v 0.0586283 1.69561 0.0696364 
v 0.0540431 1.69925 0.0761322 
v 0.0463836 1.70228 0.0828409 
v 0.0353981 1.70357 0.0883986 
v 0.023284 1.70323 0.0921714 
v 0.0164763 1.69563 0.0913828 
v 0.0145422 1.68925 0.0884557 
v 0.0132524 1.67338 0.0963057 
v 0.0113381 1.70171 0.0945471 
v 0.062695 1.68099 0.0599285 
v 0.0590228 1.67822 0.0639263 
v 0.0601626 1.67395 0.0634202 
v 0.062007 1.69148 0.0627723 
v 0.051615 1.6781 0.0706005 
v 0.0457191 1.67842 0.0748865 
v 0.0390085 1.67754 0.0780722 
v 0.031844 1.67796 0.0795207 
v 0.0260628 1.67909 0.0791132 
v 0.0226933 1.68095 0.0784958 
v 0.0222346 1.68354 0.0786955 
v 0.0249951 1.68675 0.0800228 
v 0.0308362 1.68963 0.0816402 
v 0.0382702 1.69083 0.081759 
v 0.0451707 1.69001 0.0793861 
v 0.0499195 1.68786 0.0755059 
v 0.0529293 1.68541 0.071659 
v 0.0549748 1.68305 0.0685462 
v 0.0610221 1.67996 0.0618391 
v 0.00887444 1.67172 0.103841 
v 0.0125711 1.67087 0.0997916 
v 0.0179268 1.66439 0.0944879 
v 0.01821 1.65022 0.105581 
v 0.0143454 1.65145 0.111069 
v 0.0129508 1.66614 0.10279 
v 0.0167293 1.6615 0.098461 
v 0.0223799 1.64803 0.0918251 
v 0.0136346 1.64 0.0995439 
v 0.0143306 1.65938 0.106545 
v 0.0182427 1.65523 0.101435 
v 0.02103 1.64889 0.0973732 
v 0.0180306 1.6459 0.101865 
v 0.0155943 1.64646 0.106013 
v 0.0202376 1.64582 0.0982252 
v 0.020528 1.65204 0.0968517 
v 0.0208381 1.65579 0.093131 
v 0.00769274 1.66767 0.108147 
v 0.00996414 1.65947 0.112637 
v 0.00842772 1.65054 0.116702 
v 0.0110217 1.64465 0.108322 
v 0.00841217 1.64236 0.106795 
v 0.0179124 1.64352 0.0988194 
v 0.0201704 1.64484 0.0959412 
v 0.0211799 1.64841 0.0943213 
v 0.0202541 1.65332 0.0953662 
v 0.0175901 1.65817 0.09942 
v 0.0146311 1.66184 0.103378 
v 0.0109635 1.66317 0.108524 
v 0.0100289 1.65516 0.115177 
v 0.0146877 1.65596 0.109179 
v 0.0183462 1.65278 0.10437 
v 0.0202105 1.65025 0.101125 
v 0.0186241 1.64816 0.103677 
v 0.0151201 1.64802 0.108571 
v 0.0100829 1.64661 0.112264 
v 0.0200743 1.65232 0.0994711 
v 0.020515 1.64769 0.0998318 
v 0.013298 1.64478 0.105151 
v 0.0102542 1.64307 0.104973 
v 0.0122561 1.6417 0.101321 
v 0.0149298 1.64271 0.100431 
v 0.0100879 1.64406 0.107127 
v 0.0105697 1.64218 0.103129 
v 0.0150523 1.64151 0.0992176 
v 0.0158893 1.644 0.101512 
v 0.0172921 1.66982 0.0918649 
v 0.0546696 1.68005 0.0680068 
v 0.0619766 1.67618 0.0610287 
v 0.0631991 1.6785 0.0593778 
v 0.0567802 1.68068 0.066162 
v 0.0589827 1.68231 0.064295 
v 0.0615913 1.68346 0.061466 
v 0.0628307 1.68679 0.0604265 
v 0.0663143 1.68808 0.0541409 
v 0.0639349 1.68031 0.058383 
v 0.04883 1.64829 0.0767706 
v 0.0392715 1.65758 0.0811808 
v 0.0280084 1.66636 0.0842345 
v 0.019657 1.66968 0.0884967 
v 0.0139607 1.6767 0.0922074 
v 0.0088426 1.6799 0.0971917 
v 0.0521896 1.65377 0.0736783 
v 0.0549906 1.65964 0.0716906 
v 0.0688896 1.69824 0.0467171 
v 0.0703964 1.69104 0.0435594 
v 0.0230441 1.64685 -0.0922838 
v 0.0568983 1.65747 -0.0737383 
v 0.0421928 1.65217 -0.0854896 
v 0.0680387 1.66271 -0.0585307 
v 0.0209655 1.63003 -0.0839216 
v 0.0526292 1.64042 -0.0674958 
v 0.0386174 1.63508 -0.0779191 
v 0.0637317 1.64653 -0.0543044 
v 0.0197231 1.61188 -0.0774836 
v 0.0492622 1.62075 -0.0607188 
v 0.0362375 1.61616 -0.0709126 
v 0.0598096 1.62683 -0.0480278 
v 0.0189684 1.59185 -0.075017 
v 0.0475527 1.59776 -0.0570708 
v 0.0349817 1.59484 -0.0678154 
v 0.0571456 1.60209 -0.0435678 
v 0.0556864 1.59317 0.0392578 
v 0.0476143 1.57783 0.03769 
v 0.0357037 1.56719 0.0401193 
v 0.0247272 1.5598 0.0439185 
v 0.0140951 1.55546 0.0466975 
v 0.0599602 1.58745 0.0215697 
v 0.050208 1.56838 0.0223263 
v 0.0363129 1.55673 0.0270176 
v 0.0253387 1.54742 0.0326939 
v 0.0146457 1.5416 0.0363051 
v 0.0638043 1.59302 0.00433153 
v 0.0594159 1.55821 0.00311043 
v 0.0405649 1.53838 0.0189617 
v 0.0275312 1.52921 0.0247961 
v 0.0153856 1.52297 0.0274316 
v 0.0636132 1.58193 -0.0114637 
v 0.0634278 1.57752 -0.0276164 
v 0.0146097 1.57088 -0.0773101 
v 0.0482236 1.57258 -0.0601438 
v 0.0339504 1.5712 -0.0711656 
v 0.0586006 1.57099 -0.0448671 
v 0.0663769 1.55191 -0.0169114 
v 0.0678588 1.55094 -0.0327627 
v 0.0285887 1.54663 -0.0822938 
v 0.0643155 1.549 -0.0567147 
v 0.0569492 1.54381 -0.0730104 
v 0.0651206 1.55317 -0.0427702 
v 0.423701 1.14106 0.0122192 
v 0.441871 1.09557 0.0182052 
v 0.459127 1.05736 0.0252434 
v 0.425579 1.14064 -0.0168081 
v 0.446766 1.09734 -0.0067185 
v 0.463969 1.05961 0.00369833 
v 0.488672 1.00847 0.0178285 
v 0.489958 1.00076 0.0303994 
v 0.329709 1.26211 0.0122582 
v 0.353931 1.2185 0.0121931 
v 0.381692 1.1706 0.0225937 
v 0.404981 1.12249 0.029245 
v 0.425257 1.0803 0.0307682 
v 0.44337 1.04411 0.0345925 
v 0.304191 1.23608 0.0217784 
v 0.332679 1.19347 0.0174447 
v 0.359121 1.14792 0.0228518 
v 0.384347 1.10345 0.0267661 
v 0.407753 1.06462 0.0262982 
v 0.427643 1.03037 0.0275001 
v 0.454044 0.987396 0.0333231 
v 0.462565 0.965969 0.0331467 
v 0.457287 1.05011 -0.0168218 
v 0.325656 1.24351 -0.0581953 
v 0.351346 1.2053 -0.0506331 
v 0.381628 1.16317 -0.0480777 
v 0.411629 1.12185 -0.0404469 
v 0.436946 1.08405 -0.0286538 
v 0.287901 1.21291 -0.0445325 
v 0.314997 1.17028 -0.0391994 
v 0.346997 1.12786 -0.0392012 
v 0.376749 1.08959 -0.0373 
v 0.40306 1.05621 -0.0313124 
v 0.424694 1.02586 -0.0228192 
v 0.364156 1.08275 -0.0147177 
v 0.391596 1.0498 -0.0118638 
v 0.415626 1.02048 -0.00695066 
v 0.455389 0.987304 -0.0102195 
v 0.36863 1.08895 0.0119118 
v 0.394581 1.05308 0.0106276 
v 0.417533 1.02172 0.0111394 
v 0.449524 0.980096 0.017709 
v 0.461058 0.963872 0.0266588 
v 0.457656 0.965396 0.010842 
v 0.446493 0.982924 0.0101825 
v 0.45749 0.967768 0.00494143 
v 0.448798 0.981294 0.00277499 
v 0.462088 0.969766 -0.006031 
v 0.467622 0.969747 -0.00925292 
v 0.465313 0.981868 -0.0111407 
v 0.487304 1.00385 -0.000615109 
v 0.488277 0.982106 0.0439573 
v 0.474902 1.02516 -0.00629788 
v 0.480097 1.02462 0.00548791 
v 0.477182 1.03224 0.0146819 
v 0.477605 1.02536 0.0261386 
v 0.469518 1.02812 0.0332774 
v 0.464538 1.01646 0.0385799 
v 0.453918 1.01597 0.0374645 
v 0.45031 1.00452 0.0348453 
v 0.442628 1.00171 0.0271854 
v 0.436783 1.00155 0.0196696 
v 0.437902 0.995451 0.0131974 
v 0.432975 0.999786 0.00372519 
v 0.435846 0.997835 -0.00211306 
v 0.438964 0.999076 -0.00902339 
v 0.44496 1.00188 -0.0144524 
v 0.457279 1.00011 -0.0158228 
v 0.462963 1.01836 -0.0179451 
v 0.174273 0.153416 -0.00656891 
v 0.19297 0.156362 -0.0188416 
v 0.200862 0.164046 -0.0418714 
v 0.192436 0.158959 -0.0698703 
v 0.175236 0.162785 -0.0867415 
v 0.162057 0.155314 -0.089311 
v 0.141424 0.157796 -0.0777184 
v 0.135901 0.156649 -0.0650642 
v 0.134197 0.155761 -0.0503714 
v 0.143496 0.155093 -0.0224505 
v 0.153308 0.156097 -0.0126893 
v 0.340057 1.27606 -0.0140831 
v 0.317539 1.30899 -0.0195015 
v 0.297708 1.34062 -0.0235557 
v 0.282385 1.36933 -0.0243557 
v 0.272852 1.39035 -0.0225227 
v 0.338258 1.2675 -0.0380708 
v 0.316702 1.30004 -0.0464949 
v 0.297983 1.33238 -0.0543176 
v 0.27973 1.36089 -0.0605342 
v 0.265461 1.3833 -0.0658614 
v 0.284506 1.21821 0.00456598 
v 0.254783 1.25675 -0.00454565 
v 0.222363 1.29599 -0.0146429 
v 0.198186 1.33876 -0.025304 
v 0.184565 1.36477 -0.0343328 
v 0.279705 1.21039 -0.0219063 
v 0.251741 1.24741 -0.0316739 
v 0.219594 1.28563 -0.0433199 
v 0.19593 1.32684 -0.0579278 
v 0.186068 1.35136 -0.0727193 
v 0.193498 1.38754 0.011461 
v 0.232307 1.39844 0.0171308 
v 0.22651 1.3849 -0.0963535 
v 0.188985 1.36462 -0.0933005 
v 0.253649 1.43097 -0.0220952 
v 0.216637 1.48214 -0.0314442 
v 0.175768 1.50109 -0.0463876 
v 0.15136 1.50248 -0.0677918 
v 0.154934 1.49372 -0.0808351 
v 0.191804 1.47573 -0.0778598 
v 0.240614 1.42632 -0.0721429 
v 0.154487 1.50489 -0.0557319 
v 0.142533 1.4999 -0.0798877 
v 0.191567 1.47514 0.0087286 
v 0.157203 1.49701 -0.0164347 
v 0.133129 1.50601 -0.0382855 
v 0.132342 1.51046 -0.0605167 
v 0.109759 1.49527 -0.102195 
v 0.116515 1.48355 -0.109091 
v 0.139737 1.46042 -0.113331 
v 0.192988 1.42295 -0.105158 
v 0.217831 1.42993 0.0193124 
v 0.124162 1.50516 -0.0840923 
v 0.106344 1.50665 -0.0917799 
v 0.125443 1.51017 -0.0735928 
v 0.107336 1.51531 -0.0782746 
v 0.0839454 1.52211 -0.0842514 
v 0.0834773 1.5088 -0.0982009 
v 0.0308102 1.51036 -0.104543 
v 0.0309722 1.52874 -0.0928255 
v 0.0582662 1.51049 -0.102033 
v 0.0585484 1.52688 -0.088934 
v 0.0897097 1.52795 -0.0628906 
v 0.0867339 1.33372 0.0982816 
v 0.122296 1.34592 0.0825534 
v 0.148526 1.38372 0.0613783 
v 0.159768 1.40397 0.0502902 
v 0.0899562 1.41421 0.0635636 
v 0.117859 1.43344 0.046963 
v 0.131549 1.44627 0.0348703 
v 0.14498 1.46063 0.0228238 
v 0.160282 1.47585 0.011688 
v 0.177763 1.48746 -0.000497554 
v 0.192803 1.49349 -0.0167243 
v 0.198528 1.49433 -0.0377615 
v 0.189864 1.4916 -0.0597073 
v 0.171781 1.48622 -0.0799951 
v 0.150981 1.47946 -0.09792 
v 0.12646 1.47228 -0.112458 
v 0.0982291 1.46572 -0.122624 
v 0.0675419 1.46032 -0.12697 
v 0.0346735 1.4561 -0.12521 
v 0.0516418 1.47203 0.0303832 
v 0.0802177 1.48205 0.0164403 
v 0.0938111 1.48621 0.00652166 
v 0.0636852 1.45394 0.0402052 
v 0.0931274 1.46633 0.0265716 
v 0.107303 1.47257 0.0164719 
v 0.171308 1.42234 0.0400716 
v 0.188523 1.43695 0.0297714 
v 0.210171 1.445 0.0173606 
v 0.230298 1.44861 -8.80244e-05 
v 0.242348 1.44996 -0.0237543 
v 0.240259 1.44909 -0.04928 
v 0.226088 1.44566 -0.0738518 
v 0.202779 1.44105 -0.093618 
v 0.17411 1.43479 -0.109371 
v 0.138126 1.42071 -0.123392 
v 0.0878792 1.41213 -0.135764 
v 0.0435067 1.4084 -0.135455 
v 0.166638 1.36885 -0.108087 
v 0.133352 1.36087 -0.123203 
v 0.0929727 1.35375 -0.134226 
v 0.0477035 1.35218 -0.13731 
v 0.182415 1.37757 0.0106138 
v 0.169714 1.35046 0.0100491 
v 0.158883 1.32297 0.0156162 
v 0.147082 1.27829 0.0307877 
v 0.179679 1.35596 -0.0342182 
v 0.174156 1.3272 -0.0328685 
v 0.167924 1.29822 -0.0284949 
v 0.156893 1.25854 -0.0184065 
v 0.180492 1.34419 -0.0785596 
v 0.169434 1.31908 -0.0772781 
v 0.158385 1.29211 -0.072778 
v 0.143641 1.24989 -0.0648342 
v 0.135468 1.1906 0.0440499 
v 0.134396 1.1377 0.0483861 
v 0.14435 1.18085 -0.000188633 
v 0.148516 1.13017 0.0031249 
v 0.130308 1.17233 -0.0441458 
v 0.138623 1.11833 -0.0441534 
v 0.0919091 1.31104 0.097309 
v 0.0905176 1.27266 0.089873 
v 0.125651 1.23912 0.0600486 
v 0.138999 1.23613 0.0384528 
v 0.147175 1.231 0.0144492 
v 0.148679 1.22465 -0.0100432 
v 0.143793 1.21845 -0.0335191 
v 0.13433 1.21505 -0.0558218 
v 0.118713 1.2154 -0.076819 
v 0.0959432 1.2202 -0.0949813 
v 0.0664302 1.22926 -0.108615 
v 0.138104 1.33917 -0.116061 
v 0.0387698 1.28965 -0.125381 
v 0.0318486 1.24037 -0.112274 
v 0.029956 1.18285 -0.0979649 
v 0.0334843 1.10608 -0.0926779 
v 0.106085 1.26131 -0.104385 
v 0.16794 0.963834 0.0233936 
v 0.157644 1.01056 0.0199284 
v 0.151549 1.07088 0.00883053 
v 0.169218 0.945698 -0.045064 
v 0.162486 0.993372 -0.0445961 
v 0.144531 1.05594 -0.0468245 
v 0.133711 1.07213 0.0551579 
v 0.129439 0.999819 0.0617094 
v 0.133549 0.948898 0.0691957 
v 0.141675 0.891465 0.0759552 
v 0.0313325 1.1492 -0.0919429 
v 0.0654929 1.14528 -0.0906324 
v 0.0951885 1.144 -0.0802076 
v 0.117448 1.14474 -0.063026 
v 0.132552 1.14723 -0.0418982 
v 0.141207 1.15115 -0.0196127 
v 0.144244 1.1565 0.00254823 
v 0.142033 1.16179 0.0246325 
v 0.134414 1.16555 0.0456625 
v 0.121973 1.16788 0.0650802 
v 0.086036 1.16808 0.099682 
v 0.0629866 1.16641 0.115575 
v 0.0346602 1.16415 0.125887 
v 0.0714056 1.06677 -0.0995258 
v 0.10028 1.07309 -0.0881291 
v 0.124778 1.07917 -0.0699288 
v 0.141771 1.08568 -0.0464153 
v 0.150592 1.09457 -0.0207373 
v 0.152623 1.10193 0.00515773 
v 0.147057 1.10464 0.030567 
v 0.135313 1.10581 0.0523965 
v 0.120232 1.10623 0.0699084 
v 0.0830591 1.10113 0.100461 
v 0.0620814 1.09661 0.116111 
v 0.0349315 1.09094 0.126742 
v 0.0392587 1.01921 -0.132247 
v 0.0563325 0.918383 -0.160209 
v 0.0725184 0.870786 -0.149419 
v 0.0371453 1.0619 -0.105596 
v 0.151209 0.81018 -0.0947613 
v 0.147837 0.859511 -0.107145 
v 0.141468 0.90825 -0.116579 
v 0.078352 1.02883 -0.120939 
v 0.0996801 0.937445 -0.148173 
v 0.111336 0.889069 -0.141804 
v 0.11852 0.843679 -0.124366 
v 0.0855792 0.829955 -0.126542 
v 0.0681827 0.77659 -0.105134 
v 0.150342 0.829741 0.0790742 
v 0.0309262 1.01121 0.117537 
v 0.0564877 1.01692 0.109155 
v 0.0783499 1.02158 0.0974864 
v 0.114694 1.03129 0.0715864 
v 0.129727 1.0387 0.0565977 
v 0.142359 1.04292 0.0378364 
v 0.151625 1.04274 0.0143059 
v 0.155823 1.03723 -0.0137084 
v 0.153126 1.02817 -0.0461433 
v 0.141122 1.01593 -0.0806427 
v 0.120059 1.00126 -0.113516 
v 0.0883064 0.985808 -0.140832 
v 0.04482 0.96933 -0.154388 
v 0.156155 0.768336 0.0767973 
v 0.157459 0.709546 0.0702625 
v 0.15427 0.656907 0.0609593 
v 0.173412 0.570461 -0.00585702 
v 0.173537 0.516712 -0.0193182 
v 0.185546 0.455252 -0.0276902 
v 0.200892 0.394067 -0.0306953 
v 0.206626 0.333238 -0.0331754 
v 0.157329 0.512205 -0.0823573 
v 0.110915 0.502978 -0.0929451 
v 0.174164 0.570914 -0.0468035 
v 0.177444 0.516992 -0.0537564 
v 0.187891 0.45844 -0.0644895 
v 0.202873 0.399024 -0.0713172 
v 0.20905 0.338996 -0.0711281 
v 0.0821329 0.544544 0.0290081 
v 0.0921072 0.495993 0.0103393 
v 0.113515 0.440206 0.00145682 
v 0.125656 0.37601 -0.00659136 
v 0.134015 0.316566 -0.00954761 
v 0.0515635 0.537027 -0.0232339 
v 0.0641105 0.489868 -0.0293544 
v 0.0842824 0.434356 -0.0328729 
v 0.0939836 0.374098 -0.0336707 
v 0.101344 0.313855 -0.0337853 
v 0.177547 0.385076 0.000251476 
v 0.183319 0.324566 -0.00302206 
v 0.149332 0.566055 0.0378803 
v 0.10693 1.48959 -0.00421837 
v 0.120449 1.47872 0.00610011 
v 0.156541 0.261106 -0.0059511 
v 0.160825 0.208688 -0.00933505 
v 0.162102 0.162499 -0.00886642 
v 0.185491 0.266304 -0.0086558 
v 0.18575 0.212286 -0.01252 
v 0.183484 0.164575 -0.0111549 
v 0.188705 0.124352 -0.00730981 
v 0.16903 0.123328 0.000473137 
v 0.206127 0.273463 -0.0338651 
v 0.203855 0.217133 -0.0336986 
v 0.19887 0.168593 -0.0297948 
v 0.198935 0.131313 -0.030519 
v 0.195304 0.122292 -0.0621612 
v 0.199386 0.163636 -0.0559294 
v 0.204287 0.220745 -0.0629618 
v 0.208056 0.27896 -0.0667597 
v 0.113817 0.257452 -0.0361066 
v 0.126261 0.20596 -0.0377971 
v 0.136834 0.155 -0.0356088 
v 0.139646 0.126577 -0.0488252 
v 0.145117 0.120839 -0.0195473 
v 0.189008 0.220341 -0.0895811 
v 0.185767 0.170492 -0.080723 
v 0.142956 0.214582 -0.0941039 
v 0.150086 0.159241 -0.086494 
v 0.168298 0.122963 -0.0843601 
v 0.154478 0.121538 -0.0843727 
v 0.108507 0.540505 0.0446248 
v 0.105085 0.500873 0.028237 
v 0.131233 0.463349 0.0196223 
v 0.147148 0.466536 0.0194923 
v 0.151954 0.511422 0.0287162 
v 0.126922 0.545628 0.0462371 
v 0.150525 0.612152 0.0507871 
v 0.1712 0.615375 0.0292484 
v 0.179106 0.6183 0.00277762 
v 0.177734 0.620127 -0.0224778 
v 0.17413 0.619902 -0.0453818 
v 0.165985 0.617641 -0.0643273 
v 0.152853 0.61409 -0.0786232 
v 0.136804 0.609596 -0.0892547 
v 0.118278 0.603975 -0.0943437 
v 0.0983455 0.597944 -0.092365 
v 0.0770982 0.591855 -0.0849594 
v 0.0571919 0.585605 -0.0690766 
v 0.0455317 0.580512 -0.0442564 
v 0.0455197 0.577616 -0.0154301 
v 0.056275 0.578767 0.0135656 
v 0.0737764 0.585483 0.0393869 
v 0.0966671 0.596709 0.0561185 
v 0.12344 0.606543 0.0601322 
v 0.483449 0.996472 -0.00929509 
v 0.480422 0.985289 -0.0110397 
v 0.470161 0.993844 -0.014091 
v 0.474405 1.00292 -0.0135652 
v 0.472465 0.983487 -0.0125036 
v 0.465751 1.00341 -0.016084 
v 0.478328 1.01072 -0.0100386 
v 0.0197979 1.50292 0.0213515 
v 0.0143746 1.48103 0.0232352 
v 0.0258376 1.33571 0.0914459 
v 0.0806414 1.68504 -0.0151931 
v 0.0176054 1.64144 0.0968377 
v 0.0207486 1.64327 0.0935704 
v 0.00812903 1.63835 0.10367 
v 0.0128518 1.64329 0.102746 
v 0.0521874 1.67462 0.0704949 
v 0.034841 1.26571 -0.119235 
v 0.0701986 1.25261 -0.113847 
v 0.0998161 1.24111 -0.0999429 
v 0.122775 1.23412 -0.0819678 
v 0.138289 1.23262 -0.0607557 
v 0.147658 1.23603 -0.0382893 
v 0.152632 1.24306 -0.014669 
v 0.150726 1.25084 0.0100096 
v 0.142521 1.25774 0.0349676 
v 0.128938 1.26088 0.0573969 
v 0.0885172 1.2582 0.0911388 
v 0.0298693 1.26297 0.105469 
v 0.0300919 1.29621 0.0970192 
v 0.0913969 1.28996 0.0922963 
v 0.13054 1.30586 0.0677067 
v 0.157342 1.35106 0.0473888 
v 0.171543 1.37524 0.0413627 
v 0.183978 1.39713 0.0377136 
v 0.0407729 1.42363 -0.13268 
v 0.0814904 1.42812 -0.133925 
v 0.120824 1.43687 -0.125708 
v 0.155726 1.44774 -0.112231 
v 0.185566 1.45569 -0.0953369 
v 0.210208 1.46203 -0.0755129 
v 0.226383 1.46603 -0.0518414 
v 0.230631 1.46665 -0.0270638 
v 0.220371 1.4653 -0.00368414 
v 0.201742 1.46049 0.0137999 
v 0.181412 1.45026 0.0261873 
v 0.163714 1.43531 0.0364608 
v 0.151257 1.41814 0.0476487 
v 0.139759 1.40055 0.0599139 
v 0.114262 1.36878 0.0812181 
v 0.0770096 1.35657 0.0930571 
v 0.0783788 1.45971 0.0345607 
v 0.09119 1.44166 0.0454496 
v 0.104136 1.42304 0.0565507 
v 0.116585 1.40364 0.0656612 
v 0.127676 1.38365 0.0713562 
v 0.136332 1.36328 0.0721512 
v 0.141906 1.34394 0.066784 
v 0.144389 1.3267 0.0559877 
v 0.146764 1.31188 0.0418287 
v 0.152503 1.29895 0.0237421 
v 0.158761 1.28572 0.00107816 
v 0.161672 1.27535 -0.0226404 
v 0.158313 1.26961 -0.0463468 
v 0.150095 1.26888 -0.0687049 
v 0.136077 1.27309 -0.089294 
v 0.114694 1.28218 -0.107659 
v 0.0844018 1.29721 -0.122907 
v 0.0439423 1.31076 -0.13018 
v 0.0484312 1.44962 0.0441357 
v 0.0608025 1.42932 0.0552359 
v 0.0739921 1.40726 0.068167 
v 0.087578 1.38315 0.0805886 
v 0.0984303 1.35981 0.0887247 
v 0.106693 1.33704 0.0919283 
v 0.111838 1.31464 0.088897 
v 0.113145 1.2942 0.0810337 
v 0.113431 1.27571 0.0752646 
v 0.111133 1.25846 0.0756663 
v 0.108231 1.24019 0.0784192 
v 0.106591 1.19506 0.0820074 
v 0.0601989 1.24275 0.106212 
v 0.0605514 1.26115 0.101729 
v 0.062222 1.27525 0.0991709 
v 0.0625049 1.29169 0.0991011 
v 0.0618329 1.31222 0.100674 
v 0.0573371 1.33418 0.0990341 
v 0.0871873 1.22034 0.0971863 
v 0.107102 1.21932 0.0806722 
v 0.123857 1.21721 0.0625209 
v 0.136875 1.2141 0.0420072 
v 0.145073 1.20953 0.0188111 
v 0.146253 1.20358 -0.00500682 
v 0.141601 1.19826 -0.0280449 
v 0.132054 1.19507 -0.0500393 
v 0.116158 1.19448 -0.0710446 
v 0.0935047 1.19711 -0.0896362 
v 0.0638022 1.20326 -0.102829 
v 0.0302146 1.21271 -0.104936 
v 0.0446391 1.39168 -0.137388 
v 0.0893668 1.39481 -0.137107 
v 0.13317 1.40064 -0.12593 
v 0.177421 1.40276 -0.111643 
v 0.208369 1.40703 -0.102114 
v 0.233274 1.40575 -0.0890266 
v 0.253575 1.40424 -0.0696774 
v 0.265292 1.40523 -0.0461577 
v 0.264215 1.40996 -0.0218909 
v 0.249043 1.41366 0.000945457 
v 0.224707 1.41468 0.0193295 
v 0.199238 1.41076 0.0316356 
v 0.105558 1.16856 0.0829591 
v 0.104203 1.13915 0.0832245 
v 0.102422 1.10481 0.0853699 
v 0.101639 1.06625 0.0862237 
v 0.0972717 1.02563 0.0849258 
v 0.0873784 0.978678 0.0884397 
v 0.0686413 0.927275 0.0971456 
v 0.0461913 0.879218 0.106183 
v 0.0204076 0.843319 0.10049 
v 0.0212452 1.35589 0.0846622 
v 0.0156958 1.37756 0.0755181 
v 0.0105279 1.3985 0.0663682 
v 0.0486523 1.35615 0.0919844 
v 0.0396664 1.3785 0.0810659 
v 0.0305971 1.40105 0.0689323 
v 0.0222996 1.42283 0.0574784 
v 0.014927 1.44263 0.0464128 
v 0.0542455 1.40314 0.0700621 
v 0.0426518 1.42555 0.0574111 
v 0.0317317 1.44623 0.0460429 
v 0.0214585 1.4648 0.0344674 
v 0.02763 1.48471 0.0237102 
v 0.0370766 1.46812 0.0339814 
v 0.0658649 1.47704 0.0244341 
v 0.239238 0.0137085 0.159204 
v 0.241264 0.0158914 0.160741 
v 0.243859 0.0142031 0.156248 
v 0.246535 0.0177164 0.15648 
v 0.241537 0.0192802 0.161126 
v 0.244729 0.021438 0.157003 
v 0.235878 0.0252784 0.146797 
v 0.240376 0.025556 0.14277 
v 0.243511 0.0236602 0.149345 
v 0.238553 0.0233544 0.155247 
v 0.239617 0.0126684 0.154585 
v 0.242703 0.0229848 0.156058 
v 0.240107 0.0228358 0.158639 
v 0.242838 0.022643 0.158219 
v 0.240973 0.0217728 0.16028 
v 0.238852 0.0117226 0.141184 
v 0.234663 0.0116828 0.147762 
v 0.236326 0.0154461 0.161765 
v 0.236482 0.0185885 0.162193 
v 0.237264 0.0211515 0.161345 
v 0.226032 0.0266968 0.145757 
v 0.230978 0.0180805 0.162238 
v 0.231616 0.0225696 0.157887 
v 0.232373 0.013969 0.158479 
v 0.236627 0.0224863 0.159275 
v 0.238242 0.0222981 0.160413 
v 0.226806 0.0118074 0.152684 
v 0.237564 0.0277732 0.134725 
v 0.230257 0.028805 0.133853 
v 0.236922 0.0115068 0.132555 
v 0.2307 0.0110816 0.136402 
v 0.220569 0.0304462 0.131803 
v 0.224529 0.0107011 0.14314 
v 0.233384 0.0323213 0.11783 
v 0.224703 0.0330886 0.119354 
v 0.234553 0.0112339 0.120733 
v 0.225883 0.0106743 0.124118 
v 0.216811 0.0344887 0.118962 
v 0.217473 0.0100453 0.129199 
v 0.211863 0.0152428 0.170605 
v 0.212839 0.0186548 0.174623 
v 0.218676 0.0175449 0.170504 
v 0.219379 0.0211964 0.171261 
v 0.213259 0.0224466 0.174978 
v 0.21819 0.0247123 0.170725 
v 0.206515 0.0290703 0.145076 
v 0.216664 0.0290431 0.141866 
v 0.218549 0.0265528 0.155031 
v 0.209552 0.0270055 0.157962 
v 0.208372 0.0106676 0.153134 
v 0.217801 0.0110981 0.153057 
v 0.214594 0.0270221 0.16002 
v 0.211089 0.026731 0.163915 
v 0.216191 0.0264628 0.169985 
v 0.213073 0.0253629 0.173176 
v 0.217356 0.0262363 0.164733 
v 0.21235 0.0264366 0.169324 
v 0.209927 0.0125245 0.162682 
v 0.220937 0.0138003 0.162734 
v 0.224909 0.0175359 0.165374 
v 0.223956 0.0223502 0.164563 
v 0.211501 0.00984051 0.141265 
v 0.200464 0.0107448 0.145355 
v 0.206333 0.0172413 0.17372 
v 0.206548 0.0206307 0.174779 
v 0.207716 0.0240266 0.174002 
v 0.19282 0.0198767 0.146995 
v 0.196418 0.0263082 0.145999 
v 0.197413 0.0192399 0.159532 
v 0.201958 0.0245331 0.160669 
v 0.199952 0.0135487 0.156234 
v 0.206348 0.0262579 0.162751 
v 0.209174 0.0258928 0.172181 
v 0.20623 0.0253463 0.168291 
v 0.203281 0.0152238 0.167789 
v 0.201433 0.0191281 0.16945 
v 0.203139 0.0222269 0.170976 
v 0.193642 0.0143984 0.144842 
v 0.209805 0.0336945 0.127014 
v 0.198607 0.0338634 0.129051 
v 0.205956 0.00912993 0.127847 
v 0.199167 0.00962086 0.131852 
v 0.189145 0.0187125 0.136625 
v 0.189911 0.0280273 0.130364 
v 0.191684 0.0134543 0.133866 
v 0.240145 0.01151 0.113561 
v 0.246717 0.0118463 0.10716 
v 0.251297 0.0119998 0.0983161 
v 0.25701 0.0122075 0.0909189 
v 0.261326 0.0126188 0.082124 
v 0.266293 0.0159156 0.0731409 
v 0.27047 0.0227043 0.0723575 
v 0.240359 0.0326865 0.109884 
v 0.247618 0.0325521 0.104329 
v 0.254298 0.0331956 0.0934424 
v 0.261743 0.0328912 0.0862011 
v 0.267872 0.0312239 0.0771024 
v 0.271151 0.0275345 0.0756282 
v 0.174352 0.0412953 0.069162 
v 0.182205 0.0487229 0.0792562 
v 0.189902 0.0539449 0.0804477 
v 0.197612 0.0560979 0.0788248 
v 0.205459 0.0559079 0.075953 
v 0.21299 0.054429 0.0721603 
v 0.220125 0.05251 0.0673529 
v 0.227114 0.0501194 0.0620997 
v 0.234316 0.0473818 0.055873 
v 0.242128 0.0439891 0.0487548 
v 0.25035 0.0393906 0.0410689 
v 0.258503 0.0321039 0.0393481 
v 0.157771 0.051543 0.0118664 
v 0.166432 0.0652176 0.0288073 
v 0.177228 0.0718097 0.0380489 
v 0.1909 0.0855176 0.020794 
v 0.212046 0.072744 0.0153802 
v 0.221655 0.0601839 0.00445792 
v 0.227814 0.0489746 -0.00396406 
v 0.234591 0.039868 -0.00486303 
v 0.149632 0.0885972 -0.0688801 
v 0.15872 0.0925649 -0.0853627 
v 0.176434 0.0918132 -0.0804927 
v 0.189458 0.0572681 -0.0804265 
v 0.151015 0.0414948 -0.0396248 
v 0.154329 0.0255382 -0.0785134 
v 0.168947 0.0240001 -0.0964288 
v 0.191386 0.0289042 -0.0931416 
v 0.201632 0.0298044 -0.0829648 
v 0.151864 0.0279027 -0.0448884 
v 0.157843 0.010733 -0.0552 
v 0.191673 0.0186819 -0.0905086 
v 0.163945 0.0234137 0.0132249 
v 0.229302 0.0178653 -0.0214061 
v 0.177966 0.0172067 0.0801341 
v 0.182499 0.0138423 0.0665845 
v 0.1896 0.0115122 0.0613118 
v 0.196942 0.0100301 0.0577191 
v 0.204034 0.00942898 0.0535273 
v 0.211112 0.00928771 0.0495407 
v 0.217927 0.00953511 0.0454522 
v 0.224839 0.00985819 0.0411514 
v 0.231916 0.0102112 0.0366836 
v 0.239108 0.0106744 0.0322499 
v 0.245723 0.0122038 0.027661 
v 0.249536 0.0169887 0.0193745 
v 0.234059 0.0307167 -0.0167958 
v 0.256044 0.0240857 0.0283012 
v 0.160033 0.0360348 0.0150125 
v 0.173644 0.028444 0.0742438 
v 0.253443 0.0139454 0.144485 
v 0.253926 0.017047 0.147937 
v 0.25794 0.0159589 0.140369 
v 0.258439 0.0191983 0.141174 
v 0.255455 0.0201789 0.146702 
v 0.257412 0.0221983 0.139747 
v 0.250108 0.0258157 0.132525 
v 0.253427 0.0269882 0.123622 
v 0.255355 0.0245893 0.132912 
v 0.252487 0.0236568 0.141006 
v 0.252175 0.0127279 0.140909 
v 0.255484 0.0133791 0.136093 
v 0.255565 0.0231959 0.141514 
v 0.253662 0.0229148 0.144752 
v 0.255734 0.0227492 0.143966 
v 0.254295 0.0220071 0.146417 
v 0.252673 0.0124832 0.127368 
v 0.249164 0.0122677 0.135247 
v 0.250425 0.0174098 0.152397 
v 0.250357 0.0207893 0.150309 
v 0.243708 0.0262614 0.136785 
v 0.248577 0.0237676 0.143522 
v 0.249134 0.0127416 0.143881 
v 0.251066 0.0227087 0.145683 
v 0.252131 0.0223732 0.147036 
v 0.24374 0.0120385 0.139228 
v 0.250126 0.0287289 0.119528 
v 0.245473 0.0290279 0.121884 
v 0.249305 0.0121236 0.118652 
v 0.245256 0.011911 0.125011 
v 0.240097 0.0295505 0.124357 
v 0.242638 0.0118148 0.130816 
v 0.263369 0.0147528 0.124763 
v 0.264694 0.0171437 0.127992 
v 0.266476 0.016634 0.122462 
v 0.267064 0.0196936 0.123026 
v 0.264973 0.0203162 0.127889 
v 0.266607 0.0222415 0.123343 
v 0.262033 0.0266928 0.112724 
v 0.26601 0.0275026 0.104107 
v 0.268152 0.0186895 0.115991 
v 0.266948 0.0234566 0.114733 
v 0.263407 0.0244598 0.120446 
v 0.261973 0.0135852 0.120972 
v 0.265017 0.0150615 0.115781 
v 0.265924 0.0236017 0.121299 
v 0.264184 0.0237758 0.123517 
v 0.265841 0.0233046 0.123511 
v 0.264575 0.0227347 0.125831 
v 0.261894 0.0133634 0.107767 
v 0.259022 0.0129215 0.116248 
v 0.260865 0.0152312 0.13238 
v 0.261787 0.0182297 0.13414 
v 0.261691 0.0218769 0.131077 
v 0.257192 0.0270357 0.119054 
v 0.259895 0.0244271 0.12628 
v 0.258727 0.0132593 0.125852 
v 0.261958 0.0238019 0.124824 
v 0.26285 0.0234001 0.125888 
v 0.254806 0.0125299 0.120743 
v 0.262961 0.0297757 0.0997777 
v 0.258525 0.0301724 0.103206 
v 0.258921 0.0125492 0.10053 
v 0.25554 0.0123949 0.107689 
v 0.253502 0.0297412 0.110773 
v 0.253493 0.0123169 0.114302 
v 0.268382 0.0144299 0.0994637 
v 0.27054 0.0166035 0.102613 
v 0.27166 0.0159125 0.0977223 
v 0.273475 0.0185429 0.0985814 
v 0.27233 0.0195253 0.103203 
v 0.274442 0.021 0.0992265 
v 0.271626 0.0270944 0.0876125 
v 0.270747 0.0172584 0.0836604 
v 0.272973 0.0226594 0.0836502 
v 0.273064 0.0181392 0.0921566 
v 0.274254 0.0221687 0.0936712 
v 0.273144 0.024808 0.0961911 
v 0.266833 0.0134737 0.096185 
v 0.269409 0.0147713 0.0926566 
v 0.2747 0.0227547 0.0973951 
v 0.273582 0.0235384 0.0992306 
v 0.274475 0.0222817 0.0992612 
v 0.273266 0.0220944 0.10156 
v 0.267033 0.0140642 0.0852525 
v 0.264278 0.0129283 0.092242 
v 0.266855 0.0149021 0.10614 
v 0.269293 0.0179438 0.10879 
v 0.270761 0.0221747 0.106185 
v 0.266869 0.0297506 0.0920722 
v 0.26993 0.0260148 0.100484 
v 0.264252 0.013338 0.0997182 
v 0.271947 0.0245448 0.100465 
v 0.272418 0.0235264 0.101696 
v 0.261428 0.0126369 0.0960736 
v 0.185568 0.0209929 0.123191 
v 0.184431 0.0322137 0.111477 
v 0.192624 0.0386352 0.114305 
v 0.201477 0.0406307 0.111798 
v 0.210183 0.0397955 0.108454 
v 0.218441 0.0389588 0.105379 
v 0.226359 0.0382475 0.102182 
v 0.233895 0.0375368 0.0973577 
v 0.241144 0.036907 0.0911727 
v 0.248639 0.0364652 0.083506 
v 0.256206 0.0360334 0.0747761 
v 0.26332 0.0339324 0.066974 
v 0.268306 0.0287756 0.0652581 
v 0.26693 0.0222121 0.0600991 
v 0.262118 0.0156613 0.0572687 
v 0.25756 0.0122239 0.0681003 
v 0.251975 0.0116316 0.0762494 
v 0.246122 0.0114667 0.0837324 
v 0.24005 0.0112485 0.0906859 
v 0.233826 0.0109362 0.0969225 
v 0.227106 0.0105938 0.102463 
v 0.219688 0.0100997 0.106939 
v 0.211689 0.00952505 0.11038 
v 0.203079 0.00892295 0.113076 
v 0.194494 0.00922906 0.115769 
v 0.187368 0.013664 0.11831 
v 0.179906 0.0221111 0.100732 
v 0.179457 0.035932 0.0921277 
v 0.18725 0.0433424 0.0986062 
v 0.195605 0.047369 0.0975048 
v 0.204017 0.047839 0.094872 
v 0.21217 0.0467908 0.0916585 
v 0.219863 0.0455223 0.0878575 
v 0.227204 0.0441302 0.0833475 
v 0.234478 0.0425795 0.077895 
v 0.242008 0.0410019 0.0712498 
v 0.249917 0.0392882 0.0634056 
v 0.257905 0.0362442 0.0557747 
v 0.264463 0.0302393 0.0535669 
v 0.262827 0.0228808 0.0460812 
v 0.256925 0.0160146 0.0400758 
v 0.252384 0.0118427 0.0495838 
v 0.246154 0.0110144 0.0565628 
v 0.239607 0.0107784 0.0628862 
v 0.232906 0.0105057 0.0686829 
v 0.226277 0.0102258 0.0739669 
v 0.219402 0.00988122 0.0787757 
v 0.212082 0.00948935 0.0830118 
v 0.204432 0.00917909 0.0866527 
v 0.196716 0.00942194 0.0898913 
v 0.189014 0.0107186 0.0940589 
v 0.184096 0.0129328 0.101524 
v 0.165988 0.0892807 0.0119401 
v 0.153817 0.0696627 -0.00372294 
v 0.152254 0.0506593 -0.014595 
v 0.153467 0.0377305 -0.0147648 
v 0.155231 0.0247982 -0.0199994 
v 0.167321 0.00899471 -0.0342494 
v 0.174126 0.00700968 -0.0388291 
v 0.181604 0.00688887 -0.0368854 
v 0.186193 0.00717112 -0.0444369 
v 0.193872 0.00801409 -0.0482401 
v 0.202289 0.0097664 -0.0512984 
v 0.210024 0.014359 -0.0567588 
v 0.216362 0.0214682 -0.0563838 
v 0.222861 0.0271296 -0.0427649 
v 0.221963 0.0390364 -0.0365376 
v 0.214339 0.058153 -0.0359515 
v 0.212504 0.073513 -0.0146796 
v 0.201917 0.0974068 -0.0172002 
v 0.187673 0.0709328 0.0462391 
v 0.201587 0.071961 0.0388364 
v 0.213441 0.0663512 0.0346558 
v 0.184436 0.0616445 0.0601043 
v 0.176153 0.056216 0.0553776 
v 0.166828 0.0473978 0.041844 
v 0.16746 0.0328136 0.0459422 
v 0.172182 0.0218496 0.0508074 
v 0.175476 0.0158162 0.0302515 
v 0.184673 0.0117446 0.0348178 
v 0.188999 0.010115 0.0255325 
v 0.195579 0.00899962 0.0209669 
v 0.202246 0.0086031 0.0173018 
v 0.209117 0.00888842 0.0136525 
v 0.216499 0.00935373 0.00999271 
v 0.224389 0.0101639 0.00686429 
v 0.232114 0.0115272 0.00444618 
v 0.239005 0.0139033 0.00493153 
v 0.242358 0.0173882 0.00262429 
v 0.244995 0.0228908 0.00448996 
v 0.247144 0.0336829 0.0154153 
v 0.239952 0.0437594 0.0213273 
v 0.232899 0.0509516 0.0286673 
v 0.225548 0.0569617 0.036124 
v 0.219081 0.0599598 0.0443055 
v 0.211826 0.0632822 0.0487602 
v 0.206102 0.0627188 0.0586254 
v 0.19733 0.0662005 0.0562774 
v 0.191563 0.0622989 0.0645408 
v 0.187851 0.00822643 -0.0709677 
v 0.182521 0.00699472 -0.0651045 
v 0.174467 0.00650036 -0.0618807 
v 0.171625 0.0149171 -0.0910512 
v 0.164155 0.00729063 -0.0630593 
v 0.218962 0.011659 -0.0223016 
v 0.174066 0.0126574 0.00223992 
v 0.20898 0.00943568 -0.0215676 
v 0.200763 0.00838702 -0.0184867 
v 0.193554 0.00790668 -0.0147664 
v 0.18683 0.00788372 -0.0113615 
v 0.180196 0.00900494 -0.00759933 
v 0.187554 0.0765018 -0.0738423 
v 0.180384 0.0694863 -0.0827412 
v 0.164343 0.0692125 -0.0893053 
v 0.153535 0.0673483 -0.0745602 
v 0.146844 0.0717864 -0.0278169 
v 0.149951 0.0576543 -0.0329128 
v 0.153216 0.055801 -0.0722155 
v 0.165866 0.0486395 -0.0941379 
v 0.178691 0.0557927 -0.0908149 
v 0.188503 0.100431 -0.0704341 
v 0.206482 0.0807512 -0.0391724 
v 0.196774 0.0846138 -0.0642604 
v 0.198163 0.0682942 -0.0663047 
v 0.144254 0.0957925 -0.0213707 
v 0.195799 0.0410637 -0.0827661 
v 0.201289 0.0965576 -0.0537199 
v 0.202919 0.0780223 -0.0568356 
v 0.206003 0.0675156 -0.0531061 
v 0.201936 0.0548847 -0.0655166 
v 0.20774 0.0417037 -0.0647636 
v 0.212673 0.0296014 -0.0639883 
v 0.204538 0.020162 -0.0773607 
v 0.198467 0.0135491 -0.0793196 
v 0.195121 0.0102588 -0.0739408 
v 0.184642 0.0408844 -0.0929576 
v 0.167656 0.0333396 -0.0964967 
v 0.154245 0.0419475 -0.078035 
v 0.197038 0.0230473 -0.090077 
v 0.158236 0.0128946 -0.0762565 
v 0.167558 0.0166963 0.00276311 
v 0.161678 0.0150743 -0.0236808 
v 0.153892 0.017319 -0.0494564 
v 0.151708 0.0220679 -0.0638326 
v 0.151972 0.0327123 -0.0639361 
v 0.151607 0.0477456 -0.0594315 
v 0.149487 0.0686126 -0.0545685 
v 0.146091 0.0885972 -0.052624 
v 0.153418 0.0155538 -0.0679584 
v 0.231648 0.0133352 -0.00636337 
v 0.227703 0.0131799 -0.0129808 
v 0.183718 0.104718 0.00567333 
v 0.143139 0.0979741 -0.0393644 
v 0.143536 0.0822562 -0.0280935 
v 0.150601 0.0941642 -0.0070608 
v 0.145613 0.0803606 -0.0160527 
v 0.145532 0.0795005 -0.0403646 
v 0.202037 0.102954 -0.0379604 
v 0.196606 0.0980409 -0.0627422 
v 0.192201 0.075812 0.0372747 
v 0.181651 0.0821035 0.0270927 
v 0.178035 0.0945936 0.0139628 
v 0.208603 0.0711676 0.0302023 
v 0.201961 0.0789333 0.0212361 
v 0.196443 0.0911673 0.00677717 
v 0.166092 0.092497 -0.0857738 
v 0.172615 0.072084 -0.0875805 
v 0.171492 0.0578006 -0.0934478 
v 0.152951 0.0967351 -0.0796825 
v 0.156535 0.0770747 -0.0817612 
v 0.157799 0.0557848 -0.0849548 
v 0.159554 0.03734 -0.0898262 
v 0.162391 0.0220461 -0.0901574 
v 0.174679 0.0438143 -0.0965277 
v 0.178391 0.0264651 -0.0966664 
v 0.182181 0.0148101 -0.0928315 
v 0.162999 0.0118041 -0.0848578 
v 0.182679 0.0100222 -0.0857964 
v 0.176332 0.00787788 -0.0796092 
v 0.167389 0.00805822 -0.0794038 
v 0.189722 0.0121027 -0.087055 
v 0.162003 0.00847901 -0.0780183 
v 0.249212 0.0148797 0.151138 
v 0.243471 0.0124467 0.148123 
v 0.53138 0.883881 -0.00817188 
v 0.533497 0.888142 -0.00502505 
v 0.538031 0.88934 -0.00679013 
v 0.526413 0.910922 -0.0111315 
v 0.541672 0.888495 -0.0112024 
v 0.522969 0.913382 -0.0185061 
v 0.539607 0.889425 -0.0163407 
v 0.518413 0.908919 -0.0221687 
v 0.538801 0.88559 -0.0187029 
v 0.506801 0.915596 -0.0211567 
v 0.534701 0.883893 -0.0185517 
v 0.507274 0.907092 -0.0173078 
v 0.531292 0.882962 -0.014406 
v 0.547071 0.862389 -0.0152442 
v 0.545742 0.862696 -0.0103637 
v 0.551144 0.863663 -0.0176575 
v 0.546942 0.863656 -0.00672938 
v 0.54833 0.867086 -0.00548532 
v 0.553711 0.866387 -0.015598 
v 0.553986 0.868458 -0.0121018 
v 0.552506 0.867286 -0.00748823 
v 0.556343 0.851183 -0.0131698 
v 0.557138 0.85109 -0.0102168 
v 0.558987 0.851319 -0.0138519 
v 0.560331 0.851156 -0.00984478 
v 0.557405 0.851961 -0.00673556 
v 0.55983 0.852943 -0.00613697 
v 0.561519 0.85297 -0.0128825 
v 0.561819 0.852852 -0.00883164 
v 0.561156 0.854105 -0.00702067 
v 0.537993 0.89359 -0.0121544 
v 0.536254 0.893167 -0.0175764 
v 0.535383 0.888738 -0.0188286 
v 0.53056 0.887688 -0.0173588 
v 0.527903 0.886842 -0.012496 
v 0.528448 0.887889 -0.00695065 
v 0.530781 0.891603 -0.00468539 
v 0.53533 0.893178 -0.00643456 
v 0.544703 0.883683 -0.0101607 
v 0.543413 0.884082 -0.0154614 
v 0.540509 0.879599 -0.0185814 
v 0.535422 0.878491 -0.0163427 
v 0.533651 0.87853 -0.0110807 
v 0.535112 0.879442 -0.00686816 
v 0.536382 0.884057 -0.00541627 
v 0.541538 0.884211 -0.00679203 
v 0.551372 0.872499 -0.0112682 
v 0.551078 0.871068 -0.0159313 
v 0.548454 0.868667 -0.0183305 
v 0.544985 0.866862 -0.0167932 
v 0.542846 0.866596 -0.0121423 
v 0.544067 0.867925 -0.00711662 
v 0.546111 0.871875 -0.0053073 
v 0.549446 0.872303 -0.00700862 
v 0.555705 0.864704 -0.0102365 
v 0.55583 0.862912 -0.0153693 
v 0.554493 0.860927 -0.0175498 
v 0.551251 0.860005 -0.0170615 
v 0.548485 0.859302 -0.0135542 
v 0.547918 0.860094 -0.00884244 
v 0.55016 0.862727 -0.00562782 
v 0.55384 0.863236 -0.00595766 
v 0.553176 0.859111 -0.00507208 
v 0.5565 0.860139 -0.00636631 
v 0.558411 0.860484 -0.0112671 
v 0.557715 0.859697 -0.0158576 
v 0.555659 0.857767 -0.0172517 
v 0.552647 0.856487 -0.0157254 
v 0.55048 0.856264 -0.01172 
v 0.5507 0.857449 -0.00733062 
v 0.559002 0.858673 -0.00759255 
v 0.560056 0.85832 -0.0132933 
v 0.560718 0.856161 -0.0101469 
v 0.559781 0.856555 -0.0152582 
v 0.558031 0.854171 -0.0161643 
v 0.555212 0.853042 -0.0145071 
v 0.553495 0.853092 -0.010812 
v 0.553939 0.854143 -0.00670419 
v 0.556244 0.855551 -0.00491307 
v 0.55894 0.856324 -0.00579611 
v 0.540604 0.87693 -0.00564703 
v 0.545679 0.878098 -0.00697475 
v 0.547859 0.878504 -0.0111386 
v 0.547171 0.87718 -0.0160465 
v 0.546073 0.873754 -0.0186778 
v 0.541872 0.873132 -0.0182844 
v 0.538581 0.872188 -0.0144327 
v 0.538175 0.873105 -0.00918019 
v 0.528971 0.895324 -0.0047402 
v 0.532442 0.896024 -0.00572335 
v 0.533374 0.899743 -0.0111402 
v 0.532688 0.898307 -0.0170154 
v 0.531178 0.893238 -0.0190783 
v 0.52492 0.892686 -0.0166187 
v 0.524058 0.890401 -0.0102354 
v 0.52606 0.891882 -0.00565018 
v 0.53655 0.896486 0.0250145 
v 0.519024 0.883675 0.0220936 
v 0.538696 0.875554 0.0321784 
v 0.544334 0.876828 0.0299731 
v 0.546611 0.878462 0.024813 
v 0.544157 0.877294 0.0193427 
v 0.53903 0.872362 0.0164311 
v 0.532629 0.870319 0.019616 
v 0.531556 0.869347 0.0258411 
v 0.534545 0.870933 0.0308197 
v 0.520795 0.881331 0.0503313 
v 0.539642 0.852647 0.0482471 
v 0.525404 0.883373 0.052947 
v 0.544116 0.857431 0.0514119 
v 0.532906 0.889137 0.0514224 
v 0.550627 0.858365 0.0484527 
v 0.537721 0.890396 0.0433664 
v 0.552611 0.860369 0.0439277 
v 0.550179 0.860273 0.0392495 
v 0.547061 0.856804 0.0359889 
v 0.541711 0.855214 0.0363546 
v 0.51801 0.881156 0.0430138 
v 0.538113 0.85312 0.0410496 
v 0.550979 0.831634 0.0393383 
v 0.550519 0.830728 0.044507 
v 0.555795 0.833805 0.0362916 
v 0.553227 0.831037 0.0481811 
v 0.556165 0.834713 0.049488 
v 0.559212 0.83719 0.0374013 
v 0.561664 0.837804 0.0421421 
v 0.561085 0.834417 0.0474457 
v 0.560581 0.817925 0.0382718 
v 0.562571 0.817358 0.0410073 
v 0.563741 0.818238 0.0371256 
v 0.566594 0.81736 0.0409597 
v 0.564191 0.817764 0.0445667 
v 0.567509 0.818703 0.0449162 
v 0.567471 0.819978 0.0377808 
v 0.568803 0.819508 0.0425938 
v 0.568955 0.819262 0.0448359 
v 0.549465 0.865476 0.0428623 
v 0.54549 0.866273 0.037238 
v 0.543319 0.861094 0.0357465 
v 0.53703 0.859922 0.037637 
v 0.534544 0.858008 0.0432803 
v 0.536638 0.858669 0.0493294 
v 0.540977 0.863444 0.0519033 
v 0.547198 0.864578 0.0491508 
v 0.554188 0.855013 0.0447777 
v 0.552496 0.853875 0.0387073 
v 0.547499 0.850653 0.0360531 
v 0.54157 0.848708 0.0390859 
v 0.540508 0.847468 0.0452518 
v 0.543464 0.847576 0.0498025 
v 0.546639 0.852236 0.0512813 
v 0.552245 0.851681 0.0499401 
v 0.559424 0.843455 0.0420529 
v 0.557805 0.841861 0.0381753 
v 0.553609 0.839599 0.0360375 
v 0.549248 0.836994 0.0381582 
v 0.547597 0.835436 0.0432478 
v 0.550632 0.835881 0.0484529 
v 0.554618 0.839928 0.0501981 
v 0.559058 0.840547 0.0471504 
v 0.564051 0.832454 0.0444023 
v 0.56221 0.833013 0.0384845 
v 0.559386 0.830547 0.0355617 
v 0.555142 0.829334 0.0364432 
v 0.552332 0.827663 0.0404376 
v 0.553172 0.827492 0.0454131 
v 0.557551 0.829801 0.0486694 
v 0.562327 0.830463 0.0478931 
v 0.560904 0.825689 0.048148 
v 0.564911 0.8271 0.0464751 
v 0.566047 0.827789 0.0418194 
v 0.56352 0.828544 0.0365534 
v 0.560064 0.826627 0.035144 
v 0.556324 0.824774 0.0370713 
v 0.554697 0.823632 0.0415123 
v 0.556615 0.824155 0.0460879 
v 0.566558 0.826369 0.0454346 
v 0.566752 0.826229 0.0383235 
v 0.567942 0.823248 0.0397491 
v 0.5654 0.824644 0.0361419 
v 0.562434 0.822074 0.035348 
v 0.559181 0.820445 0.0373659 
v 0.558141 0.819785 0.0413864 
v 0.560295 0.820321 0.0455547 
v 0.564054 0.821659 0.047086 
v 0.567588 0.822752 0.0448638 
v 0.54949 0.844793 0.0505989 
v 0.555508 0.846745 0.0486205 
v 0.557149 0.848325 0.0434791 
v 0.554953 0.847927 0.0383998 
v 0.552241 0.844934 0.0360213 
v 0.547287 0.843821 0.0367168 
v 0.543913 0.841734 0.041129 
v 0.544747 0.841449 0.0470079 
v 0.538943 0.870236 0.0522615 
v 0.543945 0.871174 0.049554 
v 0.545639 0.873113 0.0437955 
v 0.542762 0.872701 0.038077 
v 0.537317 0.868324 0.0355769 
v 0.530887 0.865748 0.0389739 
v 0.53025 0.864471 0.0458754 
v 0.534148 0.866104 0.0511644 
v 0.506485 0.905648 0.0505187 
v 0.516665 0.912646 0.054453 
v 0.504828 0.958824 0.0469703 
v 0.5243 0.916805 0.0494486 
v 0.5101 0.957575 0.0398403 
v 0.527442 0.919597 0.0422 
v 0.514475 0.956327 0.0256239 
v 0.528739 0.921629 0.0255224 
v 0.510423 0.959872 0.00965511 
v 0.522934 0.926285 0.0059441 
v 0.53272 0.899798 0.00676926 
v 0.504653 0.959795 -0.00405035 
v 0.514709 0.932796 -0.0124866 
v 0.497387 0.959212 -0.0108675 
v 0.511138 0.929826 -0.0180326 
v 0.486959 0.957557 -0.014642 
v 0.502932 0.929972 -0.0202007 
v 0.478056 0.959199 -0.0127411 
v 0.499498 0.922873 -0.02047 
v 0.470077 0.958594 -0.00819631 
v 0.498784 0.916978 -0.0164772 
v 0.464645 0.954387 0.00830254 
v 0.497622 0.912432 0.00337042 
v 0.516841 0.889181 0.00529085 
v 0.4671 0.952577 0.0236163 
v 0.501797 0.905157 0.0222201 
v 0.50269 0.900894 0.0435825 
v 0.541814 0.862215 0.0107837 
v 0.545096 0.866862 0.0139305 
v 0.550316 0.868216 0.012206 
v 0.553415 0.868324 0.00866162 
v 0.551279 0.868925 0.00304689 
v 0.548909 0.865478 -0.000226625 
v 0.54404 0.863859 1.14948e-06 
v 0.540692 0.862239 0.00433958 
v 0.558233 0.83912 0.00320693 
v 0.557464 0.838536 0.00802507 
v 0.562735 0.840988 0.00069433 
v 0.559607 0.8389 0.0114698 
v 0.561809 0.842355 0.0125716 
v 0.566148 0.844484 0.00312255 
v 0.567274 0.845162 0.00791907 
v 0.566517 0.842051 0.0110708 
v 0.569051 0.826132 0.00399088 
v 0.570751 0.825488 0.00680235 
v 0.572257 0.82643 0.00306095 
v 0.574785 0.82554 0.00689151 
v 0.571962 0.825743 0.0102478 
v 0.57524 0.826723 0.0107023 
v 0.575618 0.828264 0.00384107 
v 0.5767 0.827691 0.008513 
v 0.576712 0.827275 0.0106365 
v 0.549317 0.874369 0.00671861 
v 0.545871 0.87489 0.00121329 
v 0.54473 0.869629 -0.00028828 
v 0.539 0.868659 0.00124835 
v 0.536744 0.867043 0.00632464 
v 0.538283 0.867754 0.011963 
v 0.541415 0.872396 0.0144051 
v 0.546906 0.873709 0.0123341 
v 0.556399 0.863139 0.00736516 
v 0.554776 0.862237 0.00233336 
v 0.550699 0.858757 -2.93704e-05 
v 0.545167 0.857301 0.00246178 
v 0.543888 0.856561 0.0080106 
v 0.546405 0.856833 0.0121888 
v 0.5483 0.861866 0.0135877 
v 0.554099 0.862165 0.0119437 
v 0.564442 0.849722 0.00518253 
v 0.562096 0.849599 0.00141857 
v 0.559595 0.846699 0.000161985 
v 0.55579 0.844332 0.0018575 
v 0.554034 0.843169 0.00654013 
v 0.556364 0.843737 0.0113226 
v 0.559301 0.847762 0.0128596 
v 0.563726 0.848005 0.0104777 
v 0.569667 0.840763 0.00782078 
v 0.568751 0.839765 0.00260669 
v 0.566578 0.837955 0.000426953 
v 0.56271 0.836859 0.00111119 
v 0.559887 0.835439 0.00468847 
v 0.560164 0.835375 0.00932997 
v 0.563717 0.837663 0.0124025 
v 0.568265 0.838268 0.0118936 
v 0.567437 0.833502 0.0126576 
v 0.571389 0.834926 0.0111595 
v 0.572581 0.836314 0.00616316 
v 0.570732 0.836236 0.00177943 
v 0.56784 0.834372 0.00047715 
v 0.564349 0.832696 0.00213599 
v 0.56248 0.83167 0.00624464 
v 0.56371 0.832116 0.0105702 
v 0.574158 0.833587 0.00952234 
v 0.574009 0.834283 0.00388654 
v 0.575238 0.831745 0.00623257 
v 0.573171 0.832652 0.00190176 
v 0.570744 0.830122 0.00107143 
v 0.567542 0.828549 0.00290412 
v 0.566206 0.827817 0.0067122 
v 0.567714 0.828202 0.0107862 
v 0.571203 0.829439 0.0123458 
v 0.575054 0.829915 0.0107596 
v 0.552935 0.853622 0.0130905 
v 0.558734 0.855157 0.01133 
v 0.560429 0.8562 0.00688173 
v 0.558633 0.85556 0.00213485 
v 0.556872 0.852304 -0.000194356 
v 0.552178 0.851535 0.000470536 
v 0.548968 0.84994 0.00448798 
v 0.549365 0.850026 0.00971362 
v 0.538328 0.878276 0.0147836 
v 0.542525 0.880242 0.0125336 
v 0.543934 0.882214 0.00734037 
v 0.541462 0.88126 0.00201108 
v 0.537589 0.876704 -0.000406881 
v 0.53238 0.874219 0.00268437 
v 0.531933 0.872748 0.00878679 
v 0.534928 0.874043 0.0135903 
v 0.538437 0.881837 0.0387251 
v 0.534509 0.876486 0.0351327 
v 0.526425 0.875336 0.0365495 
v 0.536909 0.885232 0.0305254 
v 0.532276 0.87842 0.0320233 
v 0.525634 0.877957 0.0285264 
v 0.534205 0.893465 0.031384 
v 0.533442 0.892217 0.0354699 
v 0.532342 0.902158 0.0472814 
v 0.527275 0.900751 0.0531125 
v 0.524293 0.893386 0.0547311 
v 0.515084 0.891772 0.0508391 
v 0.509103 0.891293 0.0420968 
v 0.542693 0.879502 0.0452285 
v 0.539679 0.879192 0.0498105 
v 0.533537 0.875976 0.0523661 
v 0.525986 0.874005 0.0486936 
v 0.525143 0.871332 0.0418252 
v 0.517084 0.923887 -0.0171703 
v 0.538584 0.886511 0.0201349 
v 0.536072 0.887391 0.0127225 
v 0.527859 0.879424 0.0175269 
v 0.526692 0.880038 0.0109982 
v 0.510709 0.89237 0.0226628 
v 0.535692 0.880879 0.016531 
v 0.532811 0.880322 0.0145004 
v 0.533044 0.893153 0.017352 
v 0.53307 0.896819 0.014165 
v 0.530202 0.885457 0.0163149 
v 0.529055 0.886608 0.0148684 
v 0.542292 0.885682 0.0262443 
v 0.533419 0.908512 0.023819 
v 0.505696 0.901832 0.00427837 
v 0.514326 0.899148 -0.0135249 
v 0.514511 0.904203 -0.0203588 
v 0.526008 0.875942 0.0221507 
v 0.526089 0.879349 0.00511055 
v 0.525792 0.883842 0.000157881 
v 0.520633 0.89475 -0.00812045 
v 0.532836 0.885118 -0.000978657 
v 0.539668 0.888484 0.00847451 
v 0.534965 0.890526 0.00214405 
v 0.520014 0.894132 -0.0137911 
v 0.519279 0.897624 -0.017707 
v 0.524275 0.89989 -0.0200799 
v 0.527827 0.904623 -0.0180349 
v 0.529134 0.906511 -0.0138314 
v 0.525344 0.897366 -0.00539068 
v 0.529636 0.901765 -0.007971 
v 0.513139 0.920327 -0.0214074 
v 0.52676 0.901713 -0.00205236 
v 0.525933 0.904603 -0.00619162 
v 0.52841 0.913389 0.00819708 
v 0.521334 0.921388 -0.0124645 
v 0.527594 0.882493 0.0341431 
v 0.529298 0.885471 0.032282 
v 0.519132 0.881672 0.0352427 
v 0.517345 0.885399 0.0303616 
v 0.521757 0.88471 0.0162284 
v 0.519067 0.886577 0.0128387 
v 0.524254 0.8927 -0.00246231 
v 0.523066 0.898381 -0.00436767 
v 0.515954 0.89544 -0.00148072 
v 0.517217 0.897131 -0.00588753 
v 0.542382 0.856559 0.0276806 
v 0.546621 0.861486 0.0309419 
v 0.553196 0.862402 0.0285186 
v 0.554342 0.865319 0.0230085 
v 0.552827 0.862943 0.01872 
v 0.549769 0.860296 0.0159362 
v 0.544426 0.858845 0.0163745 
v 0.540855 0.856953 0.0209495 
v 0.557875 0.830598 0.0185811 
v 0.557363 0.829744 0.0238705 
v 0.562703 0.832613 0.0156925 
v 0.560024 0.830016 0.0276483 
v 0.562724 0.833862 0.029114 
v 0.566761 0.835362 0.0178501 
v 0.56822 0.837115 0.0216378 
v 0.567546 0.834677 0.0265924 
v 0.569417 0.816069 0.0183822 
v 0.571535 0.815426 0.0213092 
v 0.572897 0.816459 0.0173162 
v 0.57612 0.815443 0.0213189 
v 0.573221 0.815717 0.0250224 
v 0.576852 0.816951 0.025398 
v 0.576802 0.818265 0.0180925 
v 0.578683 0.817248 0.0223134 
v 0.578432 0.818528 0.0243318 
v 0.551141 0.87076 0.0243164 
v 0.549044 0.869519 0.0188548 
v 0.545872 0.864846 0.0161976 
v 0.539517 0.863961 0.0178296 
v 0.536827 0.862345 0.0231336 
v 0.538742 0.863098 0.0291094 
v 0.542466 0.868365 0.0316461 
v 0.549018 0.869238 0.0294986 
v 0.557544 0.857997 0.0247442 
v 0.555876 0.856553 0.0185834 
v 0.551187 0.85299 0.0159399 
v 0.545241 0.851399 0.0186998 
v 0.54408 0.850236 0.0246077 
v 0.547098 0.850227 0.0290984 
v 0.549742 0.855617 0.0307364 
v 0.55589 0.854391 0.029835 
v 0.565604 0.841955 0.0229736 
v 0.563824 0.8413 0.0178943 
v 0.559792 0.839044 0.0154821 
v 0.555599 0.836528 0.017413 
v 0.553934 0.835002 0.022485 
v 0.556893 0.835398 0.0278429 
v 0.560479 0.839799 0.029898 
v 0.564375 0.840709 0.0277161 
v 0.570654 0.831965 0.0231991 
v 0.569229 0.830994 0.0176069 
v 0.566608 0.829255 0.0150784 
v 0.562401 0.828128 0.0159164 
v 0.559588 0.826495 0.0198715 
v 0.560294 0.826268 0.0249803 
v 0.564537 0.828664 0.0284339 
v 0.569356 0.829325 0.0277674 
v 0.568444 0.824083 0.0282972 
v 0.572573 0.825673 0.0267069 
v 0.573838 0.826345 0.0219664 
v 0.571192 0.827111 0.016433 
v 0.56788 0.82527 0.0148834 
v 0.564085 0.82342 0.0167254 
v 0.562339 0.822219 0.0212357 
v 0.564154 0.822597 0.0260113 
v 0.574516 0.824917 0.0258023 
v 0.575043 0.824697 0.0185544 
v 0.577091 0.821128 0.0208942 
v 0.573903 0.823109 0.0162777 
v 0.571016 0.820523 0.0153226 
v 0.567614 0.818769 0.0173135 
v 0.566469 0.817973 0.0214518 
v 0.568604 0.818358 0.0258394 
v 0.572433 0.819805 0.0275489 
v 0.575686 0.821794 0.0257787 
v 0.554069 0.846342 0.0301354 
v 0.560286 0.848048 0.0285718 
v 0.561797 0.849522 0.0236049 
v 0.559559 0.848991 0.0182286 
v 0.557305 0.845562 0.0154808 
v 0.552179 0.844852 0.0161552 
v 0.54889 0.842821 0.0205466 
v 0.549653 0.842618 0.0263395 
v 0.520705 0.884825 0.0590326 
v 0.51714 0.88344 0.0648134 
v 0.5202 0.883011 0.070473 
v 0.525203 0.884108 0.0734688 
v 0.529822 0.889565 0.07166 
v 0.533768 0.891027 0.0676607 
v 0.532104 0.892591 0.0619826 
v 0.527069 0.890223 0.057593 
v 0.541007 0.871321 0.0605917 
v 0.539078 0.86817 0.0618678 
v 0.543697 0.870304 0.0636235 
v 0.540997 0.865816 0.0652681 
v 0.535787 0.865435 0.0634518 
v 0.536684 0.863874 0.0668432 
v 0.543996 0.869045 0.0680157 
v 0.539506 0.865053 0.068556 
v 0.537296 0.863358 0.0683418 
v 0.522518 0.89118 0.0727469 
v 0.527005 0.897077 0.0706908 
v 0.530631 0.895558 0.0662863 
v 0.526859 0.897478 0.0601789 
v 0.522441 0.891641 0.0570352 
v 0.517371 0.889682 0.0590292 
v 0.513597 0.889519 0.064153 
v 0.516369 0.888059 0.0696424 
v 0.529223 0.881469 0.0734791 
v 0.534224 0.885532 0.0713826 
v 0.536036 0.888044 0.0654452 
v 0.531479 0.888215 0.0589671 
v 0.525272 0.884596 0.0575362 
v 0.521445 0.880285 0.0604529 
v 0.519789 0.879872 0.0654534 
v 0.52345 0.878842 0.0708894 
v 0.532619 0.877766 0.073102 
v 0.537437 0.8819 0.0712344 
v 0.539807 0.883737 0.0674143 
v 0.537296 0.88533 0.0623038 
v 0.531965 0.883515 0.0580201 
v 0.526005 0.879418 0.058629 
v 0.523206 0.876075 0.0647552 
v 0.527064 0.874963 0.0709327 
v 0.52735 0.870893 0.0659278 
v 0.531042 0.870791 0.0707163 
v 0.535678 0.87512 0.0728404 
v 0.54065 0.878121 0.0709757 
v 0.542055 0.880228 0.0658889 
v 0.538684 0.880068 0.0607037 
v 0.533075 0.877388 0.0584257 
v 0.528187 0.873707 0.0605562 
v 0.535477 0.870211 0.0723762 
v 0.538821 0.873288 0.0726893 
v 0.541535 0.873823 0.0722011 
v 0.540226 0.869941 0.0709305 
v 0.543717 0.87479 0.0697685 
v 0.54413 0.8751 0.0650892 
v 0.540787 0.874676 0.0608927 
v 0.535881 0.872374 0.0596723 
v 0.531925 0.868978 0.0619579 
v 0.5316 0.866613 0.0660866 
v 0.535439 0.865819 0.0694766 
v 0.511374 0.894165 0.06897 
v 0.508344 0.897702 0.0655472 
v 0.513812 0.899268 0.072646 
v 0.519208 0.905941 0.0725107 
v 0.525779 0.904467 0.0661793 
v 0.521113 0.900171 0.0578425 
v 0.512577 0.898674 0.0589847 
v 0.502771 0.906711 0.0615211 
v 0.502751 0.910824 0.0698369 
v 0.508843 0.917333 0.0735615 
v 0.51339 0.923179 0.0720335 
v 0.519619 0.918003 0.0675035 
v 0.516143 0.910079 0.0566939 
v 0.507528 0.909125 0.0539508 
v 0.488318 0.923887 0.0608787 
v 0.488895 0.929498 0.0663033 
v 0.492079 0.938927 0.065611 
v 0.503899 0.939299 0.0671918 
v 0.513482 0.933514 0.0650601 
v 0.51266 0.912818 0.052459 
v 0.505133 0.910636 0.0494061 
v 0.495964 0.91146 0.0450362 
v 0.494475 0.915569 0.0232166 
v 0.490485 0.921563 0.00540721 
v 0.489304 0.926428 -0.0140199 
v 0.492601 0.932128 -0.018555 
v 0.494267 0.945997 -0.016977 
v 0.505943 0.941395 -0.0147333 
v 0.509438 0.94639 -0.00760096 
v 0.517586 0.943103 0.01074 
v 0.52283 0.937239 0.026823 
v 0.518042 0.937917 0.0451432 
v 0.516972 0.932117 0.0511399 
v 0.517892 0.921373 0.0586262 
v 0.52156 0.911439 0.0615037 
v 0.467048 0.950238 0.0172164 
v 0.524839 0.904657 0.0609144 
v 0.533289 0.90665 0.0387654 
v 0.528805 0.920411 0.0375297 
v 0.519935 0.940656 0.0366395 
v 0.507834 0.965867 0.0345003 
v 0.533922 0.904953 0.0307255 
v 0.527586 0.924035 0.0324659 
v 0.519346 0.944864 0.030462 
v 0.512922 0.958903 0.0309018 
v 0.533859 0.903109 0.0185142 
v 0.529562 0.91706 0.0189499 
v 0.520079 0.941766 0.0197859 
v 0.509472 0.966806 0.0199909 
v 0.531066 0.908792 0.0131357 
v 0.524602 0.926619 0.0130096 
v 0.51883 0.942485 0.0144373 
v 0.513072 0.956971 0.0145357 
v 0.526749 0.912925 0.00215211 
v 0.521851 0.925088 0.000193659 
v 0.514879 0.945059 0.00379008 
v 0.505662 0.96685 0.00526119 
v 0.523841 0.915552 -0.00571765 
v 0.517935 0.933215 -0.00469996 
v 0.51119 0.949137 -0.00196897 
v 0.506924 0.960131 0.000417563 
v 0.513839 0.889667 0.0165522 
v 0.502709 0.904396 0.0154419 
v 0.49267 0.919115 0.0181427 
v 0.510104 0.895314 0.0107639 
v 0.499789 0.908843 0.00864414 
v 0.489929 0.922482 0.0119815 
v 0.464128 0.95472 0.0141954 
v 0.512145 0.887627 0.0355411 
v 0.502377 0.900227 0.0342534 
v 0.494429 0.909889 0.037183 
v 0.47274 0.941365 0.0374717 
v 0.470139 0.948635 0.0313011 
v 0.490956 0.916385 0.0289776 
v 0.500122 0.906403 0.0268097 
v 0.50803 0.894974 0.0284074 
v 0.507066 0.904564 -0.00969251 
v 0.495317 0.916173 -0.00994498 
v 0.487046 0.924839 -0.00634217 
v 0.465775 0.95631 -0.00263682 
v 0.509242 0.899739 -0.00104323 
v 0.499467 0.910565 -0.0029952 
v 0.491185 0.920024 0.000181091 
v 0.46728 0.949341 0.00216828 
v 0.477144 0.936447 0.0474394 
v 0.481442 0.940935 0.0577161 
v 0.482096 0.957837 0.0534636 
v 0.495481 0.954728 0.0563137 
v 0.50662 0.948345 0.0579917 
v 0.514085 0.938073 0.0555427 
v 0.49572 0.915135 0.0547333 
v 0.485489 0.923176 0.0474445 
v 0.478517 0.930716 0.0369697 
v 0.475417 0.93648 0.0282819 
v 0.474026 0.940058 0.0221238 
v 0.473003 0.941963 0.0167954 
v 0.469878 0.945497 0.0125508 
v 0.472188 0.942298 0.00721754 
v 0.473887 0.939123 0.00120374 
v 0.470218 0.946646 -0.00399867 
v 0.475455 0.945847 -0.0103548 
v 0.483843 0.944699 -0.0160015 
v 0.499102 0.913113 0.0494938 
v 0.492181 0.916667 0.0468058 
v 0.485802 0.919972 0.0378468 
v 0.481015 0.927437 0.0294018 
v 0.483746 0.927974 0.0224864 
v 0.482067 0.931979 0.0163304 
v 0.478282 0.936088 0.0116824 
v 0.480752 0.932589 0.00625276 
v 0.482226 0.929561 0.000132018 
v 0.476921 0.936705 -0.00548098 
v 0.481622 0.93569 -0.0121643 
v 0.485022 0.935215 -0.0164042 
v -0.531369 0.866487 -0.00413002 
v -0.534604 0.870967 -0.000926644 
v -0.539529 0.871792 -0.00253914 
v -0.530824 0.894736 -0.00700564 
v -0.542907 0.870341 -0.00684948 
v -0.527603 0.896703 -0.0135255 
v -0.540585 0.871058 -0.0118595 
v -0.522634 0.891931 -0.0167656 
v -0.538786 0.866891 -0.0142898 
v -0.511609 0.898728 -0.0171911 
v -0.534154 0.86549 -0.0142684 
v -0.511715 0.890249 -0.012701 
v -0.530664 0.865068 -0.0103022 
v -0.542936 0.842978 -0.0113495 
v -0.541851 0.843842 -0.00657091 
v -0.547301 0.843828 -0.0135966 
v -0.543477 0.845128 -0.00292646 
v -0.545662 0.848655 -0.00164742 
v -0.550688 0.846703 -0.011431 
v -0.55158 0.84916 -0.00798545 
v -0.550003 0.848471 -0.00349411 
v -0.550482 0.831584 -0.00925056 
v -0.551482 0.8318 -0.00633924 
v -0.553159 0.831536 -0.00986337 
v -0.554689 0.831776 -0.00586006 
v -0.552101 0.832983 -0.00287485 
v -0.554731 0.833893 -0.0022396 
v -0.556066 0.833162 -0.00882853 
v -0.556548 0.833422 -0.00482616 
v -0.556214 0.834911 -0.00305015 
v -0.54007 0.875775 -0.00769143 
v -0.537736 0.875086 -0.0129757 
v -0.5358 0.870441 -0.0143722 
v -0.53063 0.869736 -0.0130042 
v -0.52804 0.869435 -0.00832144 
v -0.529233 0.870826 -0.00282868 
v -0.53251 0.87468 -0.000543988 
v -0.537465 0.875844 -0.00214189 
v -0.545164 0.865262 -0.00592765 
v -0.543576 0.865345 -0.0111118 
v -0.539398 0.860597 -0.0143 
v -0.53397 0.85993 -0.0122389 
v -0.53249 0.860561 -0.00711986 
v -0.534429 0.861803 -0.00294321 
v -0.536793 0.866581 -0.00135009 
v -0.542149 0.866289 -0.00267888 
v -0.549731 0.853452 -0.00710207 
v -0.548839 0.851558 -0.0117126 
v -0.545471 0.848979 -0.0141999 
v -0.541502 0.847423 -0.0128482 
v -0.539504 0.847721 -0.00833261 
v -0.541293 0.849555 -0.003321 
v -0.544284 0.853594 -0.00148209 
v -0.547812 0.853712 -0.00303659 
v -0.552609 0.845454 -0.00617322 
v -0.552154 0.843141 -0.0112367 
v -0.550244 0.840994 -0.0134562 
v -0.546714 0.840259 -0.0131205 
v -0.543858 0.840021 -0.00973043 
v -0.543693 0.841352 -0.00504356 
v -0.546714 0.844195 -0.00176072 
v -0.55064 0.844447 -0.00201584 
v -0.549192 0.840478 -0.00121798 
v -0.552716 0.841223 -0.00244869 
v -0.554483 0.840972 -0.00720065 
v -0.553359 0.839827 -0.0117352 
v -0.550796 0.83777 -0.0131976 
v -0.547489 0.836769 -0.0118327 
v -0.545454 0.837047 -0.00789586 
v -0.546162 0.838713 -0.00351542 
v -0.55491 0.839501 -0.00363921 
v -0.555627 0.838536 -0.00919483 
v -0.555991 0.836687 -0.0060873 
v -0.554852 0.83662 -0.011147 
v -0.55254 0.834188 -0.0121317 
v -0.549561 0.833349 -0.0106105 
v -0.548062 0.833866 -0.00698028 
v -0.548952 0.83535 -0.00287383 
v -0.55163 0.836813 -0.00106453 
v -0.554476 0.83733 -0.0018834 
v -0.539653 0.85905 -0.00174257 
v -0.54514 0.859807 -0.00291129 
v -0.547294 0.859749 -0.00698673 
v -0.54603 0.857993 -0.0117713 
v -0.544024 0.854286 -0.0143969 
v -0.53946 0.853895 -0.014168 
v -0.536081 0.85351 -0.0105149 
v -0.536158 0.854967 -0.00534419 
v -0.531366 0.878571 -0.000618797 
v -0.535055 0.879003 -0.00146337 
v -0.536454 0.882445 -0.00661586 
v -0.535205 0.880669 -0.012224 
v -0.532411 0.875323 -0.0144545 
v -0.526006 0.875341 -0.0120343 
v -0.525122 0.873475 -0.00594086 
v -0.527753 0.875185 -0.00143051 
v -0.535345 0.885858 0.0273113 
v -0.518014 0.872295 0.024382 
v -0.536849 0.865315 0.0367429 
v -0.542397 0.866328 0.0343602 
v -0.544978 0.867544 0.0284897 
v -0.543046 0.865844 0.0223456 
v -0.538197 0.860448 0.0194189 
v -0.531582 0.85845 0.0228326 
v -0.530198 0.858136 0.0297154 
v -0.532894 0.860403 0.0353073 
v -0.518582 0.872381 0.0545539 
v -0.537909 0.843211 0.0528469 
v -0.522816 0.874697 0.0574038 
v -0.542072 0.848512 0.0565409 
v -0.530054 0.88066 0.0556999 
v -0.54858 0.849501 0.0531778 
v -0.535171 0.881601 0.0469635 
v -0.55067 0.851278 0.0479845 
v -0.548508 0.850762 0.0425518 
v -0.545653 0.846803 0.0386349 
v -0.540346 0.844944 0.0388816 
v -0.516357 0.871824 0.0465214 
v -0.536632 0.843095 0.0442911 
v -0.549818 0.821357 0.0426486 
v -0.549185 0.8208 0.0487069 
v -0.554616 0.823534 0.0393494 
v -0.551671 0.821488 0.0531279 
v -0.554362 0.825435 0.0547143 
v -0.55785 0.827227 0.0407225 
v -0.560047 0.828309 0.0463314 
v -0.55928 0.825149 0.0524738 
v -0.559642 0.80786 0.0426749 
v -0.561451 0.807521 0.0458426 
v -0.562706 0.808176 0.0415385 
v -0.565287 0.807642 0.0459985 
v -0.562813 0.80821 0.0498711 
v -0.565912 0.809307 0.0503465 
v -0.566209 0.810138 0.0423708 
v -0.56726 0.809986 0.0477771 
v -0.567232 0.809909 0.0502882 
v -0.547504 0.856409 0.0467311 
v -0.543805 0.856723 0.0402885 
v -0.54189 0.851105 0.0384173 
v -0.535586 0.849812 0.0404368 
v -0.532938 0.848208 0.046989 
v -0.534761 0.849474 0.0540552 
v -0.538748 0.854669 0.0569937 
v -0.544975 0.855764 0.0538714 
v -0.552309 0.845886 0.048979 
v -0.550926 0.844199 0.0419296 
v -0.546154 0.840432 0.0385996 
v -0.540245 0.838335 0.0418781 
v -0.539006 0.837542 0.0492043 
v -0.541761 0.838142 0.0547233 
v -0.544703 0.84322 0.0564629 
v -0.550264 0.842705 0.0549736 
v -0.557749 0.834072 0.0460199 
v -0.556387 0.832029 0.0414775 
v -0.55236 0.829315 0.0388015 
v -0.548047 0.826613 0.0410627 
v -0.546297 0.825375 0.0470518 
v -0.549031 0.826336 0.05337 
v -0.552752 0.83076 0.0554126 
v -0.55719 0.831396 0.0519545 
v -0.562396 0.823023 0.0491397 
v -0.560854 0.82317 0.0422797 
v -0.558222 0.820356 0.038843 
v -0.554033 0.818987 0.0396154 
v -0.55117 0.817526 0.0441061 
v -0.551791 0.817762 0.0499723 
v -0.555863 0.820437 0.0538699 
v -0.560552 0.82112 0.0531385 
v -0.559251 0.816304 0.0535019 
v -0.563206 0.817758 0.0516807 
v -0.564511 0.818254 0.0464731 
v -0.562267 0.818608 0.0403827 
v -0.558972 0.816383 0.0386417 
v -0.555287 0.814509 0.0406421 
v -0.553557 0.813635 0.0456737 
v -0.555244 0.814542 0.0509954 
v -0.564838 0.817012 0.0505372 
v -0.565394 0.816495 0.0426257 
v -0.566448 0.813653 0.0444463 
v -0.564166 0.8147 0.0402165 
v -0.561399 0.811909 0.0392675 
v -0.558185 0.81025 0.0413965 
v -0.557077 0.809869 0.0459279 
v -0.558984 0.810742 0.0507232 
v -0.562459 0.812288 0.0525292 
v -0.565898 0.813398 0.0501256 
v -0.547651 0.835628 0.055811 
v -0.553588 0.837704 0.0535329 
v -0.55539 0.839084 0.0475864 
v -0.553458 0.838158 0.041602 
v -0.550938 0.834715 0.0386705 
v -0.546042 0.833395 0.0392427 
v -0.542579 0.831519 0.0444067 
v -0.543226 0.831739 0.0514853 
v -0.536496 0.861525 0.0572506 
v -0.541521 0.862495 0.0542312 
v -0.543447 0.864165 0.0477424 
v -0.540945 0.863332 0.0412991 
v -0.535841 0.858497 0.038344 
v -0.529445 0.855825 0.0420427 
v -0.528505 0.854905 0.0499321 
v -0.532004 0.857131 0.0560292 
v -0.503247 0.897078 0.0531185 
v -0.513189 0.90485 0.0568405 
v -0.500324 0.951487 0.0466857 
v -0.520817 0.908983 0.0516079 
v -0.506007 0.949209 0.0389907 
v -0.524166 0.911141 0.0439617 
v -0.511344 0.945754 0.0244855 
v -0.526943 0.911238 0.0262377 
v -0.509341 0.947091 0.00794811 
v -0.523741 0.913583 0.00620749 
v -0.533136 0.886967 0.00839469 
v -0.50554 0.944889 -0.00487776 
v -0.517992 0.917662 -0.0103194 
v -0.499011 0.943016 -0.0111233 
v -0.515202 0.913765 -0.0151029 
v -0.488975 0.940306 -0.0148349 
v -0.507246 0.913165 -0.0176118 
v -0.479645 0.941971 -0.0133318 
v -0.504313 0.905858 -0.0175808 
v -0.471013 0.942153 -0.00907332 
v -0.503197 0.900368 -0.0135176 
v -0.463546 0.940721 0.00728173 
v -0.498487 0.898099 0.00549758 
v -0.517182 0.875112 0.00725307 
v -0.464596 0.941419 0.0235638 
v -0.500249 0.893742 0.0241732 
v -0.500295 0.891825 0.0463249 
v -0.540407 0.84858 0.0142343 
v -0.543848 0.853961 0.0175966 
v -0.549233 0.855299 0.0159379 
v -0.552461 0.855089 0.012292 
v -0.550578 0.855086 0.0062822 
v -0.548082 0.850957 0.00291644 
v -0.542952 0.84915 0.0030376 
v -0.539377 0.847824 0.00745524 
v -0.555966 0.823546 0.00731898 
v -0.555021 0.823597 0.0125034 
v -0.560736 0.825367 0.00486041 
v -0.557088 0.824587 0.0163974 
v -0.559423 0.828405 0.017701 
v -0.564356 0.829509 0.00766508 
v -0.565301 0.83088 0.0128531 
v -0.564201 0.828034 0.0163539 
v -0.566146 0.810625 0.00913795 
v -0.567695 0.810459 0.0122593 
v -0.569304 0.810976 0.00835414 
v -0.571655 0.810707 0.0127018 
v -0.56879 0.811305 0.0160666 
v -0.572007 0.812479 0.01672 
v -0.572707 0.8131 0.00941892 
v -0.573518 0.813183 0.0144608 
v -0.573422 0.813057 0.016773 
v -0.548707 0.861163 0.00992042 
v -0.545374 0.861059 0.00407253 
v -0.543981 0.855259 0.00265501 
v -0.537972 0.854186 0.00411906 
v -0.535517 0.853027 0.00927846 
v -0.537037 0.854497 0.0151222 
v -0.540368 0.859735 0.0176944 
v -0.546064 0.861001 0.0157682 
v -0.555251 0.849579 0.0112075 
v -0.553773 0.848022 0.00586904 
v -0.549525 0.843817 0.00327273 
v -0.543696 0.842305 0.00565963 
v -0.542264 0.84219 0.0114057 
v -0.544711 0.84311 0.0159916 
v -0.546817 0.848725 0.0174963 
v -0.552694 0.848993 0.0160431 
v -0.562845 0.835371 0.00968549 
v -0.560581 0.834658 0.00553338 
v -0.557945 0.831179 0.00403426 
v -0.553808 0.828692 0.00563632 
v -0.551838 0.828073 0.0105481 
v -0.554114 0.829493 0.0159217 
v -0.557179 0.834037 0.0177076 
v -0.561763 0.834161 0.0153973 
v -0.56743 0.826316 0.0129957 
v -0.566662 0.824636 0.00734356 
v -0.564437 0.822338 0.0049329 
v -0.560419 0.821106 0.00538584 
v -0.557403 0.820028 0.00907243 
v -0.557513 0.820672 0.0141545 
v -0.561088 0.82352 0.0177071 
v -0.565679 0.824194 0.0174109 
v -0.564559 0.819421 0.0182637 
v -0.568648 0.820796 0.0168221 
v -0.57011 0.821629 0.0115089 
v -0.568428 0.820931 0.00667406 
v -0.565449 0.818653 0.00512427 
v -0.561766 0.816917 0.00666801 
v -0.559727 0.816366 0.0109614 
v -0.560877 0.817536 0.0157741 
v -0.571351 0.819333 0.0152361 
v -0.571506 0.819319 0.00918955 
v -0.572412 0.817026 0.0118604 
v -0.57061 0.817307 0.00709795 
v -0.568083 0.814419 0.00606378 
v -0.564743 0.812862 0.00778063 
v -0.563264 0.812648 0.0117965 
v -0.56471 0.813702 0.0163209 
v -0.568135 0.815324 0.0182164 
v -0.571971 0.815727 0.0167698 
v -0.551088 0.840054 0.0174127 
v -0.557017 0.841653 0.0158504 
v -0.558999 0.842303 0.0111326 
v -0.557416 0.840969 0.00600411 
v -0.555482 0.837078 0.0034709 
v -0.550548 0.836098 0.00385104 
v -0.54712 0.834826 0.00800159 
v -0.547346 0.835706 0.0136425 
v -0.53753 0.865855 0.0176723 
v -0.541894 0.867702 0.0154975 
v -0.543603 0.869189 0.0100663 
v -0.541279 0.867626 0.00458812 
v -0.537102 0.862464 0.00219141 
v -0.53156 0.859951 0.00517118 
v -0.530962 0.859114 0.0113365 
v -0.533938 0.861241 0.0163706 
v -0.536395 0.872614 0.0420389 
v -0.532946 0.866908 0.0380814 
v -0.52504 0.865664 0.039446 
v -0.535195 0.874976 0.0339874 
v -0.530687 0.868236 0.0359559 
v -0.524247 0.867353 0.0318574 
v -0.532489 0.883523 0.0342432 
v -0.531374 0.882803 0.038405 
v -0.529361 0.89382 0.0505767 
v -0.524218 0.892921 0.05644 
v -0.521383 0.884961 0.0588473 
v -0.512572 0.883014 0.0545479 
v -0.507262 0.882146 0.0452313 
v -0.540222 0.87067 0.0492615 
v -0.536988 0.870594 0.0542952 
v -0.530978 0.867311 0.0571119 
v -0.523931 0.864944 0.0529779 
v -0.523586 0.861793 0.0452646 
v -0.521479 0.908137 -0.0135846 
v -0.537658 0.875216 0.0226786 
v -0.535702 0.875036 0.0150576 
v -0.527169 0.86753 0.0199591 
v -0.526138 0.866898 0.0132256 
v -0.50939 0.880876 0.0248869 
v -0.535053 0.869099 0.0189977 
v -0.532132 0.867848 0.0169977 
v -0.532625 0.881571 0.0193983 
v -0.532948 0.884906 0.0158555 
v -0.529781 0.873516 0.0185527 
v -0.528678 0.874342 0.0170084 
v -0.540746 0.874994 0.0295193 
v -0.532256 0.898009 0.0252036 
v -0.506381 0.88781 0.00627662 
v -0.517095 0.88286 -0.0083415 
v -0.518102 0.887286 -0.0149274 
v -0.524904 0.864501 0.0250332 
v -0.525572 0.865417 0.00727851 
v -0.525823 0.869473 0.00242648 
v -0.522866 0.878446 -0.00356272 
v -0.532921 0.871024 0.00139068 
v -0.539518 0.875689 0.0108577 
v -0.535231 0.876976 0.00430552 
v -0.521667 0.877408 -0.00908601 
v -0.521401 0.880753 -0.0126121 
v -0.526842 0.882593 -0.0149591 
v -0.531494 0.887377 -0.012933 
v -0.533183 0.889535 -0.00912088 
v -0.528011 0.881023 -0.00133728 
v -0.533016 0.884954 -0.00375633 
v -0.517929 0.903811 -0.017334 
v -0.528834 0.887037 0.000115247 
v -0.52937 0.888497 -0.0026401 
v -0.529116 0.901009 0.0089986 
v -0.525511 0.906434 -0.00907182 
v -0.526051 0.872885 0.0371023 
v -0.527667 0.875499 0.0354664 
v -0.517856 0.872101 0.0381175 
v -0.515944 0.875232 0.0331344 
v -0.521237 0.872564 0.0182175 
v -0.518776 0.873653 0.0147325 
v -0.52569 0.877809 0.000289271 
v -0.525761 0.882527 -0.00063209 
v -0.518176 0.880188 0.00220534 
v -0.519968 0.881318 -0.00130594 
v -0.540642 0.845221 0.0331637 
v -0.544541 0.850724 0.0366551 
v -0.551091 0.851485 0.0338666 
v -0.552699 0.854068 0.0274356 
v -0.551624 0.851187 0.0227819 
v -0.54882 0.848053 0.0198924 
v -0.543439 0.846422 0.0203378 
v -0.53957 0.844865 0.025485 
v -0.556399 0.817531 0.0242963 
v -0.55552 0.817286 0.0302478 
v -0.561342 0.819436 0.0212694 
v -0.55785 0.818062 0.0346166 
v -0.560376 0.822185 0.0361284 
v -0.565302 0.822651 0.0236719 
v -0.566416 0.824928 0.0277454 
v -0.565276 0.822891 0.0333315 
v -0.567712 0.80326 0.0248836 
v -0.569587 0.803071 0.0281578 
v -0.571133 0.803726 0.0238401 
v -0.574009 0.803343 0.0283676 
v -0.570936 0.803971 0.0323052 
v -0.574368 0.805347 0.0327798 
v -0.574851 0.805787 0.0248324 
v -0.5763 0.805373 0.0294562 
v -0.575901 0.806884 0.0316263 
v -0.549437 0.859712 0.0284982 
v -0.547869 0.857958 0.0224623 
v -0.544921 0.852765 0.0198327 
v -0.538455 0.851832 0.0215381 
v -0.535442 0.850682 0.027493 
v -0.537054 0.852181 0.0341677 
v -0.540492 0.857916 0.0368179 
v -0.546949 0.858587 0.0344774 
v -0.5557 0.846611 0.029837 
v -0.55461 0.844507 0.0230537 
v -0.550152 0.840366 0.0202703 
v -0.544031 0.838815 0.0232539 
v -0.542545 0.838221 0.0299434 
v -0.545193 0.8388 0.035189 
v -0.547595 0.844602 0.0367805 
v -0.553626 0.843304 0.0358241 
v -0.563775 0.829934 0.0288815 
v -0.562445 0.828688 0.0233147 
v -0.558633 0.825939 0.0206544 
v -0.554303 0.823417 0.0226744 
v -0.552309 0.822431 0.0283895 
v -0.554839 0.823509 0.0345504 
v -0.55813 0.82828 0.0366607 
v -0.562076 0.82907 0.0341764 
v -0.568663 0.819863 0.0297933 
v -0.56764 0.818257 0.0236671 
v -0.565217 0.816039 0.0209195 
v -0.560954 0.814815 0.0216277 
v -0.55787 0.813569 0.0259249 
v -0.558238 0.813984 0.0316991 
v -0.562169 0.816902 0.0355716 
v -0.566983 0.81762 0.0348993 
v -0.566052 0.812424 0.0356157 
v -0.570171 0.813993 0.0338472 
v -0.57176 0.814213 0.0287096 
v -0.569614 0.814268 0.0225884 
v -0.566397 0.812038 0.0208545 
v -0.562522 0.810173 0.0226807 
v -0.560487 0.809437 0.0276272 
v -0.561965 0.810508 0.0329862 
v -0.572148 0.813198 0.0329197 
v -0.573167 0.812233 0.0251577 
v -0.574889 0.809022 0.0277803 
v -0.572192 0.810327 0.0226179 
v -0.56944 0.8074 0.0215393 
v -0.565947 0.805708 0.0235356 
v -0.564559 0.805386 0.0280871 
v -0.566378 0.80643 0.0330133 
v -0.569983 0.808248 0.0349453 
v -0.573209 0.810166 0.0330091 
v -0.551828 0.834965 0.0365936 
v -0.55804 0.836618 0.0346906 
v -0.559982 0.837745 0.0290411 
v -0.558283 0.83661 0.0231503 
v -0.556217 0.83266 0.0203045 
v -0.551076 0.831805 0.0208647 
v -0.547527 0.830213 0.025743 
v -0.547851 0.83072 0.0323615 
v -0.516258 0.875573 0.0620096 
v -0.513189 0.873704 0.0682995 
v -0.516855 0.872525 0.0745412 
v -0.522067 0.873195 0.0779021 
v -0.52628 0.87887 0.0759428 
v -0.529885 0.880965 0.0713619 
v -0.527851 0.883176 0.0650069 
v -0.522439 0.881221 0.0603078 
v -0.536706 0.862539 0.064177 
v -0.534799 0.859077 0.0658305 
v -0.539516 0.861443 0.0675769 
v -0.536832 0.856625 0.069774 
v -0.531528 0.856036 0.0677825 
v -0.532499 0.854321 0.0715813 
v -0.540014 0.859863 0.0724333 
v -0.535455 0.855626 0.0733841 
v -0.533158 0.853741 0.073281 
v -0.519077 0.880436 0.0771758 
v -0.523132 0.886517 0.0748785 
v -0.526584 0.885575 0.0699092 
v -0.522162 0.888259 0.0631122 
v -0.517599 0.882728 0.0598396 
v -0.512602 0.880738 0.0619679 
v -0.509043 0.880336 0.0674502 
v -0.51264 0.877964 0.0735857 
v -0.525815 0.870783 0.0778451 
v -0.530468 0.875172 0.0755135 
v -0.531942 0.878457 0.0688305 
v -0.527185 0.879097 0.061741 
v -0.520899 0.875335 0.0602951 
v -0.517296 0.870736 0.0635444 
v -0.516021 0.869923 0.0689874 
v -0.520117 0.868397 0.0749844 
v -0.528861 0.867486 0.0774207 
v -0.533432 0.871906 0.0752312 
v -0.535673 0.87419 0.0709511 
v -0.533084 0.876112 0.0653049 
v -0.527577 0.874372 0.0608012 
v -0.521679 0.870006 0.0616285 
v -0.519328 0.866187 0.0683055 
v -0.523466 0.864706 0.0750848 
v -0.523358 0.861097 0.0698025 
v -0.527109 0.860825 0.0750786 
v -0.531699 0.865113 0.0772047 
v -0.536608 0.868455 0.0750333 
v -0.537919 0.871021 0.069374 
v -0.534417 0.871063 0.0637619 
v -0.528749 0.868216 0.0614402 
v -0.523985 0.864183 0.0639546 
v -0.531467 0.860362 0.0770091 
v -0.534833 0.86347 0.0771621 
v -0.537588 0.864131 0.0765988 
v -0.536265 0.860362 0.0755638 
v -0.539644 0.865446 0.0739449 
v -0.540031 0.866134 0.0687855 
v -0.536523 0.865786 0.0642764 
v -0.531554 0.863226 0.063104 
v -0.52765 0.859505 0.0658095 
v -0.527435 0.856976 0.0704329 
v -0.531395 0.85612 0.0742338 
v -0.506873 0.884964 0.0724175 
v -0.503129 0.889213 0.0684993 
v -0.509406 0.889673 0.0766462 
v -0.514805 0.895985 0.076704 
v -0.521284 0.894769 0.0696908 
v -0.516093 0.891424 0.0606086 
v -0.507393 0.890182 0.0617035 
v -0.496978 0.898649 0.0641496 
v -0.496848 0.902864 0.0731177 
v -0.503027 0.909153 0.0772634 
v -0.507797 0.914559 0.0757592 
v -0.514641 0.908874 0.0710703 
v -0.511144 0.901668 0.0592845 
v -0.502372 0.900805 0.0562937 
v -0.482217 0.915708 0.0625212 
v -0.482121 0.922234 0.0676985 
v -0.485449 0.932035 0.0668117 
v -0.497365 0.932183 0.0693095 
v -0.50778 0.925592 0.068034 
v -0.508349 0.904446 0.0548852 
v -0.500933 0.902094 0.0517159 
v -0.492718 0.902505 0.0473399 
v -0.49273 0.904429 0.0252845 
v -0.490601 0.907116 0.007304 
v -0.492956 0.909544 -0.0120511 
v -0.496675 0.914997 -0.016603 
v -0.497305 0.929016 -0.0160046 
v -0.509028 0.925358 -0.0131652 
v -0.511477 0.931467 -0.00707607 
v -0.517194 0.930744 0.0100771 
v -0.520316 0.926954 0.026909 
v -0.514117 0.929934 0.0457307 
v -0.512922 0.924467 0.0526072 
v -0.513215 0.912995 0.061504 
v -0.516698 0.902505 0.0645427 
v -0.465183 0.938146 0.0168747 
v -0.519948 0.895632 0.0638678 
v -0.530624 0.897633 0.0412475 
v -0.525763 0.911409 0.0390503 
v -0.51639 0.931655 0.0368785 
v -0.503892 0.956775 0.0327592 
v -0.531967 0.895067 0.0328269 
v -0.524867 0.914376 0.0334371 
v -0.516139 0.934998 0.0301917 
v -0.509175 0.949114 0.0298172 
v -0.533293 0.892034 0.0200645 
v -0.528836 0.906038 0.0197007 
v -0.518428 0.930594 0.0193393 
v -0.506608 0.955435 0.0178719 
v -0.531142 0.897027 0.0141932 
v -0.524386 0.914772 0.0131478 
v -0.517899 0.930643 0.0138871 
v -0.511366 0.944897 0.013064 
v -0.528355 0.899802 0.00336578 
v -0.52372 0.911795 0.00100859 
v -0.515369 0.931791 0.00324762 
v -0.504895 0.953332 0.00323919 
v -0.527914 0.901933 -0.00299548 
v -0.520178 0.919149 -0.00352174 
v -0.5124 0.934994 -0.0021916 
v -0.507259 0.945962 -0.000724622 
v -0.513129 0.877365 0.0183618 
v -0.501624 0.891891 0.01709 
v -0.490974 0.907021 0.0199397 
v -0.50973 0.882043 0.0124046 
v -0.499467 0.895241 0.0102997 
v -0.488778 0.9092 0.0134677 
v -0.462349 0.942032 0.0132613 
v -0.510669 0.8781 0.0384594 
v -0.500669 0.890468 0.0367398 
v -0.49222 0.900408 0.0395313 
v -0.469333 0.931723 0.0383384 
v -0.467224 0.938431 0.0317665 
v -0.488955 0.905954 0.0311909 
v -0.498486 0.895834 0.0288773 
v -0.506208 0.884507 0.0314531 
v -0.510371 0.88942 -0.00534384 
v -0.498661 0.900095 -0.00743229 
v -0.48929 0.908641 -0.00454158 
v -0.466014 0.940804 -0.00366321 
v -0.511287 0.885196 0.00253863 
v -0.501737 0.895711 -0.000390114 
v -0.4924 0.904783 0.00222021 
v -0.467186 0.934413 0.00156574 
v -0.472472 0.927618 0.0483988 
v -0.475434 0.933508 0.0583704 
v -0.476465 0.951149 0.0533943 
v -0.489584 0.948237 0.0564202 
v -0.500859 0.941302 0.0588821 
v -0.509077 0.930424 0.0573646 
v -0.490268 0.906658 0.0570757 
v -0.48092 0.913883 0.0493697 
v -0.475233 0.920663 0.0386758 
v -0.473105 0.925798 0.0297548 
v -0.472106 0.928733 0.0231227 
v -0.471435 0.929813 0.0172999 
v -0.468653 0.932525 0.012458 
v -0.471673 0.928165 0.00736805 
v -0.474283 0.923854 0.00163512 
v -0.471163 0.930686 -0.00425642 
v -0.477475 0.929025 -0.0102146 
v -0.486862 0.927403 -0.0153074 
v -0.494423 0.904578 0.0517032 
v -0.488022 0.907629 0.0491718 
v -0.483029 0.910161 0.0399921 
v -0.478772 0.916875 0.0315061 
v -0.481893 0.916666 0.0243378 
v -0.480493 0.919709 0.0177858 
v -0.47728 0.922885 0.012698 
v -0.480476 0.918175 0.00749163 
v -0.48308 0.914052 0.00149146 
v -0.47848 0.920445 -0.00477615 
v -0.484436 0.918741 -0.0110971 
v -0.488641 0.918023 -0.0150046 
f 2423 2777 923 
f 923 2785 2424 
f 2424 4280 2423 
f 2747 2860 949 
f 949 2859 2746 
f 2746 4398 2747 
f 2734 2857 944 
f 944 2791 2733 
f 2733 4393 2734 
f 4833 3656 4285 
f 4439 4584 4433 
f 4435 4585 4441 
f 4618 4580 4499 
f 4582 4619 4492 
f 4501 4643 4614 
f 4616 4648 4494 
f 2905 2906 2884 
f 2884 2883 2905 
f 2895 2896 2886 
f 2886 2885 2895 
f 2891 2892 2908 
f 2908 2907 2891 
f 2924 2923 2890 
f 2890 2889 2924 
f 2889 2890 2892 
f 2892 2891 2889 
f 2887 2888 2910 
f 2910 2909 2887 
f 3016 3015 2896 
f 2896 2895 3016 
f 2901 2902 2898 
f 2898 2897 2901 
f 2885 2886 2900 
f 2900 2899 2885 
f 2899 2900 2902 
f 2902 2901 2899 
f 2897 2898 2904 
f 2904 2903 2897 
f 2903 2904 2906 
f 2906 2905 2903 
f 2909 2910 2894 
f 2894 2893 2909 
f 3007 2891 2907 
f 2907 3008 3007 
f 2908 2912 2911 
f 2911 2907 2908 
f 2957 2974 2973 
f 2973 2958 2957 
f 2951 2916 2915 
f 2915 2952 2951 
f 2958 2973 2970 
f 2970 2969 2958 
f 3012 3011 2949 
f 3018 3013 2927 
f 2927 2930 3018 
f 2954 2918 2917 
f 2917 2955 2954 
f 2952 2915 2919 
f 2919 2953 2952 
f 2953 2919 2918 
f 2918 2954 2953 
f 2955 2972 2975 
f 2975 2956 2955 
f 2956 2975 2974 
f 2974 2957 2956 
f 3011 3010 2950 
f 2950 2949 3011 
f 2933 2934 2928 
f 2928 2931 2933 
f 2935 2930 2927 
f 2927 2928 2935 
f 2934 2936 2935 
f 2935 2928 2934 
f 2937 2938 2936 
f 2936 2934 2937 
f 2883 2884 2923 
f 2923 2924 2883 
f 2912 2921 2922 
f 2922 2911 2912 
f 2939 2941 2937 
f 2937 2940 2939 
f 2941 2942 2938 
f 2938 2937 2941 
f 2943 2944 2939 
f 2939 2940 2943 
f 2943 2946 2945 
f 2945 2944 2943 
f 2910 2926 2925 
f 2925 2894 2910 
f 3015 3014 2929 
f 2929 2896 3015 
f 2951 2929 2930 
f 2930 2916 2951 
f 2907 2931 3009 
f 3009 3008 2907 
f 2888 2932 2926 
f 2926 2910 2888 
f 2911 2933 2931 
f 2931 2907 2911 
f 2922 2934 2933 
f 2933 2911 2922 
f 2916 2930 2935 
f 2935 2915 2916 
f 2915 2935 2936 
f 2936 2919 2915 
f 2921 2937 2934 
f 2934 2922 2921 
f 2919 2936 2938 
f 2938 2918 2919 
f 2912 2940 2937 
f 2937 2921 2912 
f 2920 2941 2939 
f 2939 2914 2920 
f 2918 2938 2942 
f 2942 2917 2918 
f 2917 2942 2941 
f 2941 2920 2917 
f 2908 2943 2940 
f 2940 2912 2908 
f 2914 2939 2944 
f 2944 2913 2914 
f 2913 2944 2945 
f 2945 2959 2913 
f 2890 2945 2946 
f 2946 2892 2890 
f 2892 2946 2943 
f 2943 2908 2892 
f 2926 2948 2947 
f 2947 2925 2926 
f 2927 3013 3012 
f 2949 2928 2927 
f 2928 2949 2950 
f 2950 2931 2928 
f 2931 2950 3010 
f 3010 3009 2931 
f 2948 2926 2932 
f 2896 2929 2951 
f 2951 2967 2896 
f 2896 2967 2966 
f 2966 2886 2896 
f 2886 2966 2965 
f 2965 2900 2886 
f 2900 2965 2964 
f 2964 2902 2900 
f 2902 2964 2963 
f 2963 2898 2902 
f 2898 2963 2962 
f 2962 2904 2898 
f 2904 2962 2961 
f 2961 2906 2904 
f 2906 2961 2960 
f 2960 2884 2906 
f 2884 2960 2968 
f 2968 2923 2884 
f 2960 2958 2969 
f 2969 2968 2960 
f 2961 2957 2958 
f 2958 2960 2961 
f 2962 2956 2957 
f 2957 2961 2962 
f 2963 2955 2956 
f 2956 2962 2963 
f 2964 2954 2955 
f 2955 2963 2964 
f 2965 2953 2954 
f 2954 2964 2965 
f 2966 2952 2953 
f 2953 2965 2966 
f 2967 2951 2952 
f 2952 2966 2967 
f 2968 2945 2890 
f 2890 2923 2968 
f 2969 2959 2945 
f 2945 2968 2969 
f 2970 2976 2959 
f 2959 2969 2970 
f 2971 2977 2976 
f 2976 2970 2971 
f 2972 2920 2977 
f 2977 2971 2972 
f 2955 2917 2920 
f 2920 2972 2955 
f 2974 2971 2970 
f 2970 2973 2974 
f 2975 2972 2971 
f 2971 2974 2975 
f 2976 2978 2913 
f 2913 2959 2976 
f 2977 2979 2978 
f 2978 2976 2977 
f 2920 2914 2979 
f 2979 2977 2920 
f 2979 2914 2913 
f 2913 2978 2979 
f 2883 2981 2980 
f 2980 2905 2883 
f 2885 2983 2982 
f 2982 2895 2885 
f 2924 2984 2981 
f 2981 2883 2924 
f 2891 2986 2985 
f 2985 2889 2891 
f 2909 2988 2987 
f 2987 2887 2909 
f 2895 2982 3017 
f 3017 3016 2895 
f 2897 2991 2990 
f 2990 2901 2897 
f 2899 2992 2983 
f 2983 2885 2899 
f 2901 2990 2992 
f 2992 2899 2901 
f 2903 2993 2991 
f 2991 2897 2903 
f 2905 2980 2993 
f 2993 2903 2905 
f 2893 2989 2988 
f 2988 2909 2893 
f 3007 3006 2986 
f 2986 2891 3007 
f 2889 2985 2984 
f 2984 2924 2889 
f 2981 2995 2994 
f 2994 2980 2981 
f 2983 2997 2996 
f 2996 2982 2983 
f 2984 2998 2995 
f 2995 2981 2984 
f 2986 3000 2999 
f 2999 2985 2986 
f 2988 3001 3000 
f 3000 2987 2988 
f 2982 2996 2989 
f 2989 3017 2982 
f 2991 3003 3002 
f 3002 2990 2991 
f 2992 3004 2997 
f 2997 2983 2992 
f 2990 3002 3004 
f 3004 2992 2990 
f 2993 3005 3003 
f 3003 2991 2993 
f 2980 2994 3005 
f 3005 2993 2980 
f 2989 2996 3001 
f 3001 2988 2989 
f 2987 3000 2986 
f 2986 3006 2987 
f 2985 2999 2998 
f 2998 2984 2985 
f 2887 2987 3006 
f 3006 3007 2887 
f 2887 3007 3008 
f 3008 2888 2887 
f 3009 2932 2888 
f 2888 3008 3009 
f 2932 3009 3010 
f 3010 3011 2948 
f 2947 2948 3011 
f 3011 3012 2947 
f 3013 2925 2947 
f 2947 3012 3013 
f 2925 3013 3018 
f 3018 3014 2925 
f 2894 2925 3014 
f 3014 3015 2894 
f 2893 2894 3015 
f 3015 3016 2893 
f 3017 2989 2893 
f 2893 3016 3017 
f 3014 3018 2930 
f 2930 2929 3014 
f 3026 3025 3024 
f 3024 3027 3026 
f 2998 3025 3026 
f 3026 2995 2998 
f 3029 3022 3021 
f 3021 3030 3029 
f 3031 3020 3019 
f 3019 3032 3031 
f 3030 3021 3020 
f 3020 3031 3030 
f 3028 3023 3022 
f 3022 3029 3028 
f 3027 3024 3023 
f 3023 3028 3027 
f 2997 3032 3019 
f 3019 2996 2997 
f 2995 3026 3027 
f 3027 2994 2995 
f 2994 3027 3028 
f 3028 3005 2994 
f 3005 3028 3029 
f 3029 3003 3005 
f 3003 3029 3030 
f 3030 3002 3003 
f 3002 3030 3031 
f 3031 3004 3002 
f 3004 3031 3032 
f 3032 2997 3004 
f 3056 3043 3044 
f 3044 3052 3056 
f 3941 3940 3059 
f 3059 3051 3941 
f 3053 3927 3045 
f 3045 3971 3053 
f 3052 3044 3051 
f 3051 3059 3052 
f 3965 3060 3061 
f 3061 3966 3965 
f 2560 4333 2555 
f 2555 1 2560 
f 2555 4100 1975 
f 1975 1 2555 
f 1975 3180 2559 
f 2559 1 1975 
f 2559 4334 2560 
f 2560 1 2559 
f 2554 4331 2549 
f 2549 2 2554 
f 2549 4096 1964 
f 1964 2 2549 
f 1964 3181 2553 
f 2553 2 1964 
f 2553 4332 2554 
f 2554 2 2553 
f 1189 3290 1187 
f 1187 3 1189 
f 1187 3075 1062 
f 1062 3 1187 
f 1062 3189 1188 
f 1188 3 1062 
f 1188 3291 1189 
f 1189 3 1188 
f 1783 4022 1781 
f 1781 4 1783 
f 1781 3064 1134 
f 1134 4 1781 
f 1134 3256 1253 
f 1253 4 1134 
f 1253 3330 1783 
f 1783 4 1253 
f 1128 3157 1728 
f 1728 5 1128 
f 1728 4004 1729 
f 1729 5 1728 
f 1729 4003 1724 
f 1724 5 1729 
f 1724 3253 1128 
f 1128 5 1724 
f 2530 4323 2526 
f 2526 6 2530 
f 2526 3185 1871 
f 1871 6 2526 
f 1871 4058 2529 
f 2529 6 1871 
f 2529 4324 2530 
f 2530 6 2529 
f 1932 4081 2502 
f 2502 7 1932 
f 2502 4314 2503 
f 2503 7 2502 
f 2503 4313 2499 
f 2499 7 2503 
f 2499 4082 1932 
f 1932 7 2499 
f 1942 4086 2487 
f 2487 8 1942 
f 2487 4309 2488 
f 2488 8 2487 
f 2488 4308 2484 
f 2484 8 2488 
f 2484 4087 1942 
f 1942 8 2484 
f 2730 4391 2738 
f 2738 9 2730 
f 2738 4394 2737 
f 2737 9 2738 
f 2737 4357 2624 
f 2624 9 2737 
f 2624 4281 2730 
f 2730 9 2624 
f 1717 4000 1715 
f 1715 10 1717 
f 1715 3076 1185 
f 1185 10 1715 
f 1185 3288 1213 
f 1213 10 1185 
f 1213 3304 1717 
f 1717 10 1213 
f 1183 3286 1616 
f 1616 11 1183 
f 1616 3935 1618 
f 1618 11 1616 
f 1618 3934 1613 
f 1613 11 1618 
f 1613 3077 1183 
f 1183 11 1613 
f 1244 3293 1191 
f 1191 12 1244 
f 1191 3171 1746 
f 1746 12 1191 
f 1746 4010 1747 
f 1747 12 1746 
f 1747 3327 1244 
f 1244 12 1747 
f 1187 3290 1637 
f 1637 13 1187 
f 1637 3944 1638 
f 1638 13 1637 
f 1638 3943 1633 
f 1633 13 1638 
f 1633 3075 1187 
f 1187 13 1633 
f 1111 3241 2049 
f 2049 14 1111 
f 2049 4137 2050 
f 2050 14 2049 
f 2050 4136 2047 
f 2047 14 2050 
f 2047 3079 1111 
f 1111 14 2047 
f 2033 4129 2028 
f 2028 15 2033 
f 2028 3241 1111 
f 1111 15 2028 
f 1111 3079 2031 
f 2031 15 1111 
f 2031 4130 2033 
f 2033 15 2031 
f 2073 4145 2074 
f 2074 16 2073 
f 2074 4144 2069 
f 2069 16 2074 
f 2069 3114 1998 
f 1998 16 2069 
f 1998 4109 2073 
f 2073 16 1998 
f 1994 4107 2079 
f 2079 17 1994 
f 2079 4147 2080 
f 2080 17 2079 
f 2080 4146 2075 
f 2075 17 2080 
f 2075 3113 1994 
f 1994 17 2075 
f 954 2865 2089 
f 2089 18 954 
f 2089 4151 2090 
f 2090 18 2089 
f 2090 3117 1010 
f 1010 18 2090 
f 1010 2782 954 
f 954 18 1010 
f 990 2778 945 
f 945 19 990 
f 945 2858 1908 
f 1908 19 945 
f 1908 4071 1909 
f 1909 19 1908 
f 1909 3068 990 
f 990 19 1909 
f 2024 4127 2056 
f 2056 20 2024 
f 2056 4139 2054 
f 2054 20 2056 
f 2054 2864 953 
f 953 20 2054 
f 953 2790 2024 
f 2024 20 953 
f 1114 3244 2129 
f 2129 21 1114 
f 2129 4166 2130 
f 2130 21 2129 
f 2130 4165 2128 
f 2128 21 2130 
f 2128 3116 1114 
f 1114 21 2128 
f 1816 4036 1855 
f 1855 22 1816 
f 1854 22 1855 
f 1854 4031 1801 
f 1801 22 1854 
f 1801 3166 1816 
f 1816 22 1801 
f 1570 3917 1574 
f 1574 23 1570 
f 1574 3918 1862 
f 1862 23 1574 
f 1862 4052 1861 
f 1861 23 1862 
f 1570 23 1861 
f 1059 3186 1055 
f 1055 24 1059 
f 1055 3092 994 
f 994 24 1055 
f 994 3094 1057 
f 1057 24 994 
f 1057 3187 1059 
f 1059 24 1057 
f 1861 4052 1860 
f 1860 25 1861 
f 1860 3091 992 
f 992 25 1860 
f 992 3093 993 
f 993 25 992 
f 1861 25 993 
f 2742 4393 2733 
f 2733 26 2742 
f 2733 2791 2744 
f 2744 26 2733 
f 2744 4397 2745 
f 2745 26 2744 
f 2745 4396 2742 
f 2742 26 2745 
f 2462 2872 969 
f 969 27 2462 
f 969 2775 1012 
f 1012 27 969 
f 1012 3119 2464 
f 2464 27 1012 
f 2464 4300 2462 
f 2462 27 2464 
f 1141 3169 1758 
f 1758 28 1141 
f 1758 4014 1759 
f 1759 28 1758 
f 1759 4013 1754 
f 1754 28 1759 
f 1754 3259 1141 
f 1141 28 1754 
f 1064 3191 1137 
f 1137 29 1064 
f 1137 3257 1138 
f 1138 29 1137 
f 1138 3256 1134 
f 1134 29 1138 
f 1134 3064 1064 
f 1064 29 1134 
f 1728 3157 2692 
f 2692 30 1728 
f 2692 4379 2693 
f 2693 30 2692 
f 2693 4378 2688 
f 2688 30 2693 
f 2688 4004 1728 
f 1728 30 2688 
f 1781 4022 2676 
f 2676 31 1781 
f 2676 4374 2678 
f 2678 31 2676 
f 2678 4373 2672 
f 2672 31 2678 
f 2672 3064 1781 
f 1781 31 2672 
f 2672 4373 2674 
f 2674 32 2672 
f 2674 3192 1065 
f 1065 32 2674 
f 1065 3191 1064 
f 1064 32 1065 
f 1064 3064 2672 
f 2672 32 1064 
f 1971 4014 1758 
f 1758 33 1971 
f 1758 3169 1037 
f 1037 33 1758 
f 1037 3168 1970 
f 1970 33 1037 
f 1970 4098 1971 
f 1971 33 1970 
f 1960 4020 1776 
f 1776 34 1960 
f 1776 3081 996 
f 996 34 1776 
f 996 3098 1958 
f 1958 34 996 
f 1958 4094 1960 
f 1960 34 1958 
f 2697 3066 997 
f 997 35 2697 
f 997 3099 2474 
f 2474 35 997 
f 2474 4305 2699 
f 2699 35 2474 
f 2699 4381 2697 
f 2697 35 2699 
f 2512 4316 2508 
f 2508 36 2512 
f 2508 4079 1926 
f 1926 36 2508 
f 1926 4078 2511 
f 2511 36 1926 
f 2511 4317 2512 
f 2512 36 2511 
f 991 3071 2293 
f 2293 37 991 
f 2295 37 2293 
f 2291 37 2295 
f 2291 3091 991 
f 991 37 2291 
f 992 3091 1000 
f 1000 38 992 
f 1000 3102 1002 
f 1002 38 1000 
f 1002 3103 1001 
f 1001 38 1002 
f 1001 3093 992 
f 992 38 1001 
f 1834 4045 1836 
f 1836 39 1834 
f 1836 4044 1832 
f 1832 39 1836 
f 1832 4036 1815 
f 1815 39 1832 
f 1815 3090 1834 
f 1834 39 1815 
f 1005 3068 1042 
f 1042 40 1005 
f 1042 3176 1044 
f 1044 40 1042 
f 1044 3175 1041 
f 1041 40 1044 
f 1041 3105 1005 
f 1005 40 1041 
f 922 2778 990 
f 990 41 922 
f 990 3068 1005 
f 1005 41 990 
f 1005 3105 1004 
f 1004 41 1005 
f 1004 2779 922 
f 922 41 1004 
f 971 2861 1944 
f 1944 42 971 
f 1944 4089 2479 
f 2479 42 1944 
f 2479 4306 2477 
f 2477 42 2479 
f 2477 2873 971 
f 971 42 2477 
f 1110 3240 1120 
f 1120 43 1110 
f 1120 3248 1119 
f 1119 43 1120 
f 1119 3207 1077 
f 1077 43 1119 
f 1077 3078 1110 
f 1110 43 1077 
f 1116 2880 1506 
f 1506 44 1116 
f 1506 3471 1508 
f 1508 44 1506 
f 1508 3470 1502 
f 1502 44 1508 
f 1502 3246 1116 
f 1116 44 1502 
f 2002 4111 2067 
f 2067 45 2002 
f 2067 4143 2068 
f 2068 45 2067 
f 2068 4142 2063 
f 2063 45 2068 
f 2063 3115 2002 
f 2002 45 2063 
f 2041 4132 2036 
f 2036 46 2041 
f 2036 3242 1112 
f 1112 46 2036 
f 1112 3083 2039 
f 2039 46 1112 
f 2039 4133 2041 
f 2041 46 2039 
f 1084 2795 930 
f 930 47 1084 
f 930 2799 1523 
f 1523 47 930 
f 1523 3477 1525 
f 1525 47 1523 
f 1525 3211 1084 
f 1084 47 1525 
f 2045 4135 2113 
f 2113 48 2045 
f 2113 4159 2114 
f 2114 48 2113 
f 2114 4158 2110 
f 2110 48 2114 
f 2110 3199 2045 
f 2045 48 2110 
f 2110 4158 2111 
f 2111 49 2110 
f 2111 4157 2107 
f 2107 49 2111 
f 2107 4131 2034 
f 2034 49 2107 
f 2034 3199 2110 
f 2110 49 2034 
f 2042 3200 2104 
f 2104 50 2042 
f 2104 4156 2105 
f 2105 50 2104 
f 2105 4155 2101 
f 2101 50 2105 
f 2101 4134 2042 
f 2042 50 2101 
f 984 2783 927 
f 927 51 984 
f 927 2798 1505 
f 1505 51 927 
f 1505 3471 1506 
f 1506 51 1505 
f 1506 2880 984 
f 984 51 1506 
f 1116 3246 1117 
f 1117 52 1116 
f 1117 3245 1115 
f 1115 52 1117 
f 1115 2881 986 
f 986 52 1115 
f 986 2880 1116 
f 1116 52 986 
f 1521 3211 1525 
f 1525 53 1521 
f 1525 3477 1528 
f 1528 53 1525 
f 1527 53 1528 
f 1527 3476 1521 
f 1521 53 1527 
f 1089 3135 2087 
f 2087 54 1089 
f 2087 4150 2088 
f 2088 54 2087 
f 2088 4149 2084 
f 2084 54 2088 
f 2084 3215 1089 
f 1089 54 2084 
f 2596 4346 2591 
f 2591 55 2596 
f 2591 3073 2468 
f 2468 55 2591 
f 2468 4302 2595 
f 2595 55 2468 
f 2595 4347 2596 
f 2596 55 2595 
f 2585 4320 2520 
f 2520 56 2585 
f 2520 4054 2589 
f 2589 56 2520 
f 2589 4345 2590 
f 2590 56 2589 
f 2590 4344 2585 
f 2585 56 2590 
f 1869 4057 2580 
f 2580 57 1869 
f 2580 4342 2581 
f 2581 57 2580 
f 2581 4341 2578 
f 2578 57 2581 
f 2578 3149 1869 
f 1869 57 2578 
f 1149 3158 1722 
f 1722 58 1149 
f 1722 4002 1723 
f 1723 58 1722 
f 1723 4001 1718 
f 1718 58 1723 
f 1718 3263 1149 
f 1149 58 1718 
f 1156 3266 1258 
f 1258 59 1156 
f 1258 3332 1259 
f 1259 59 1258 
f 1259 3331 1254 
f 1254 59 1259 
f 1254 3124 1156 
f 1156 59 1254 
f 1063 3190 1158 
f 1158 60 1063 
f 1158 3267 1159 
f 1159 60 1158 
f 1159 3266 1156 
f 1156 60 1159 
f 1156 3124 1063 
f 1063 60 1156 
f 1162 3170 1752 
f 1752 61 1162 
f 1752 4012 1753 
f 1753 61 1752 
f 1753 4011 1748 
f 1748 61 1753 
f 1748 3269 1162 
f 1162 61 1748 
f 1175 3273 1170 
f 1170 62 1175 
f 1170 3122 1148 
f 1148 62 1170 
f 1148 3262 1173 
f 1173 62 1148 
f 1173 3274 1175 
f 1175 62 1173 
f 1014 3094 994 
f 994 63 1014 
f 994 3092 1013 
f 1013 63 994 
f 1013 3121 1015 
f 1015 63 1013 
f 1015 3127 1014 
f 1014 63 1015 
f 2427 2870 965 
f 965 64 2427 
f 965 2863 2020 
f 2020 64 965 
f 2020 4125 2429 
f 2429 64 2020 
f 2429 4288 2427 
f 2427 64 2429 
f 2440 4292 2441 
f 2441 65 2440 
f 2441 4291 2437 
f 2437 65 2441 
f 2437 4120 2009 
f 2009 65 2437 
f 2009 4119 2440 
f 2440 65 2009 
f 2446 4294 2447 
f 2447 66 2446 
f 2447 4293 2443 
f 2443 66 2447 
f 2443 4118 2007 
f 2007 66 2443 
f 2007 4117 2446 
f 2446 66 2007 
f 2452 4296 2453 
f 2453 67 2452 
f 2453 4295 2449 
f 2449 67 2453 
f 2449 4116 2005 
f 2005 67 2449 
f 2005 4115 2452 
f 2452 67 2005 
f 2608 3138 1022 
f 1022 68 2608 
f 1022 3133 1092 
f 1092 68 1022 
f 1092 3218 2610 
f 2610 68 1092 
f 2610 4352 2608 
f 2608 68 2610 
f 926 2796 1091 
f 1091 69 926 
f 1091 3218 1092 
f 1092 69 1091 
f 1092 3133 1017 
f 1017 69 1092 
f 1017 2788 926 
f 926 69 1017 
f 924 2788 1017 
f 1017 70 924 
f 1017 3133 1018 
f 1018 70 1017 
f 1018 3132 1016 
f 1016 70 1018 
f 1016 2787 924 
f 924 70 1016 
f 1018 3133 1022 
f 1022 71 1018 
f 1022 3138 1023 
f 1023 71 1022 
f 1023 3134 1019 
f 1019 71 1023 
f 1019 3132 1018 
f 1018 71 1019 
f 1020 3117 2090 
f 2090 72 1020 
f 2090 4151 2092 
f 2092 72 2090 
f 2092 4150 2087 
f 2087 72 2092 
f 2087 3135 1020 
f 1020 72 2087 
f 2125 4163 2126 
f 2126 73 2125 
f 2126 4162 2121 
f 2121 73 2126 
f 2121 3197 1071 
f 1071 73 2121 
f 1071 3196 2125 
f 2125 73 1071 
f 957 2866 2123 
f 2123 74 957 
f 2123 4163 2125 
f 2125 74 2123 
f 2125 3196 1070 
f 1070 74 2125 
f 1070 2793 957 
f 957 74 1070 
f 2121 4162 2122 
f 2122 75 2121 
f 2122 4161 2118 
f 2118 75 2122 
f 2118 3214 1088 
f 1088 75 2118 
f 1088 3197 2121 
f 2121 75 1088 
f 2131 4167 2132 
f 2132 76 2131 
f 2132 4127 2024 
f 2024 76 2132 
f 2024 2790 959 
f 959 76 2024 
f 959 2867 2131 
f 2131 76 959 
f 2565 4336 2566 
f 2566 77 2565 
f 2566 4335 2561 
f 2561 77 2566 
f 2561 4104 1986 
f 1986 77 2561 
f 1986 3179 2565 
f 2565 77 1986 
f 2482 4306 2479 
f 2479 78 2482 
f 2479 4089 1945 
f 1945 78 2479 
f 1945 4088 2481 
f 2481 78 1945 
f 2481 4307 2482 
f 2482 78 2481 
f 1905 3176 1042 
f 1042 79 1905 
f 1042 3068 1909 
f 1909 79 1042 
f 1909 4071 1911 
f 1911 79 1909 
f 1911 4070 1905 
f 1905 79 1911 
f 1899 4038 1819 
f 1819 80 1899 
f 1819 3069 1902 
f 1902 80 1819 
f 1902 4069 1904 
f 1904 80 1902 
f 1904 4068 1899 
f 1899 80 1904 
f 1884 3154 1792 
f 1792 81 1884 
f 1792 4026 1888 
f 1888 81 1792 
f 1888 4064 1889 
f 1889 81 1888 
f 1889 4063 1884 
f 1884 81 1889 
f 999 3071 1878 
f 1878 82 999 
f 1878 4061 1880 
f 1880 82 1878 
f 1880 4060 1875 
f 1875 82 1880 
f 1875 3101 999 
f 999 82 1875 
f 1036 3140 1972 
f 1972 83 1036 
f 1972 4099 1974 
f 1974 83 1972 
f 1974 4098 1970 
f 1970 83 1974 
f 1970 3168 1036 
f 1036 83 1970 
f 1963 4094 1958 
f 1958 84 1963 
f 1958 3098 1026 
f 1026 84 1958 
f 1026 3145 1961 
f 1961 84 1026 
f 1961 4095 1963 
f 1963 84 1961 
f 1028 3100 2475 
f 2475 85 1028 
f 2475 4305 2476 
f 2476 85 2475 
f 2476 4304 2472 
f 2472 85 2476 
f 2472 3147 1028 
f 1028 85 2472 
f 2534 4319 2517 
f 2517 86 2534 
f 2517 4055 2538 
f 2538 86 2517 
f 2538 4327 2539 
f 2539 86 2538 
f 2539 4326 2534 
f 2534 86 2539 
f 2515 4317 2511 
f 2511 87 2515 
f 2511 4078 1924 
f 1924 87 2511 
f 1924 4056 2514 
f 2514 87 1924 
f 2514 4318 2515 
f 2515 87 2514 
f 2768 3092 1055 
f 1055 88 2768 
f 1055 3186 1913 
f 1913 88 1055 
f 1913 4073 2770 
f 2770 88 1913 
f 2770 4405 2768 
f 2768 88 2770 
f 1030 3101 1875 
f 1875 89 1030 
f 1875 4060 1877 
f 1877 89 1875 
f 1877 4059 1873 
f 1873 89 1877 
f 1873 3150 1030 
f 1030 89 1873 
f 1914 3151 1031 
f 1031 90 1914 
f 1031 3102 2286 
f 2286 90 1031 
f 2286 4219 2287 
f 2287 90 2286 
f 2287 4074 1914 
f 1914 90 2287 
f 1002 3102 1031 
f 1031 91 1002 
f 1031 3151 1033 
f 1033 91 1031 
f 1033 3152 1032 
f 1032 91 1033 
f 1032 3103 1002 
f 1002 91 1032 
f 1878 3071 1809 
f 1809 92 1878 
f 1809 4034 1882 
f 1882 92 1809 
f 1882 4062 1883 
f 1883 92 1882 
f 1883 4061 1878 
f 1878 92 1883 
f 2505 4080 1928 
f 1928 93 2505 
f 1928 4079 2508 
f 2508 93 1928 
f 2508 4316 2509 
f 2509 93 2508 
f 2509 4315 2505 
f 2505 93 2509 
f 2700 4380 2694 
f 2694 94 2700 
f 2694 4021 1778 
f 1778 94 2694 
f 1778 3066 2697 
f 2697 94 1778 
f 2697 4381 2700 
f 2700 94 2697 
f 1778 4021 1780 
f 1780 95 1778 
f 1780 3271 1167 
f 1167 95 1780 
f 1167 3261 1145 
f 1145 95 1167 
f 1145 3066 1778 
f 1778 95 1145 
f 1148 3122 1178 
f 1178 96 1148 
f 1178 3276 1181 
f 1181 96 1178 
f 1181 3275 1176 
f 1176 96 1181 
f 1176 3262 1148 
f 1148 96 1176 
f 1184 3287 1599 
f 1599 97 1184 
f 1599 3929 1600 
f 1600 97 1599 
f 1600 3928 1596 
f 1596 97 1600 
f 1596 3159 1184 
f 1184 97 1596 
f 1796 4028 1806 
f 1806 98 1796 
f 1806 4032 1804 
f 1804 98 1806 
f 1804 3167 1035 
f 1035 98 1804 
f 1035 3160 1796 
f 1796 98 1035 
f 1893 4028 1796 
f 1796 99 1893 
f 1796 3160 1896 
f 1896 99 1796 
f 1896 4067 1898 
f 1898 99 1896 
f 1898 4066 1893 
f 1893 99 1898 
f 1938 4084 2493 
f 2493 100 1938 
f 2493 4311 2494 
f 2494 100 2493 
f 2494 4310 2490 
f 2490 100 2494 
f 2490 4085 1938 
f 1938 100 2490 
f 1743 4009 2682 
f 2682 101 1743 
f 2682 4376 2684 
f 2684 101 2682 
f 2684 4375 2680 
f 2680 101 2684 
f 2680 3163 1743 
f 1743 101 2680 
f 1742 4009 1744 
f 1744 102 1742 
f 1744 4008 1739 
f 1739 102 1744 
f 1739 3254 1130 
f 1130 102 1739 
f 1130 3065 1742 
f 1742 102 1130 
f 1733 3264 1152 
f 1152 103 1733 
f 1152 3123 1736 
f 1736 103 1152 
f 1736 4007 1738 
f 1738 103 1736 
f 1738 4006 1733 
f 1733 103 1738 
f 1730 4005 1732 
f 1732 104 1730 
f 1732 3307 1219 
f 1219 104 1732 
f 1219 3288 1185 
f 1185 104 1219 
f 1185 3076 1730 
f 1730 104 1185 
f 1814 4034 1809 
f 1809 105 1814 
f 1809 3071 991 
f 991 105 1809 
f 991 3091 1812 
f 1812 105 991 
f 1812 4035 1814 
f 1814 105 1812 
f 1003 3069 1819 
f 1819 106 1003 
f 1819 4038 1821 
f 1821 106 1819 
f 1821 4037 1817 
f 1817 106 1821 
f 1817 3104 1003 
f 1003 106 1817 
f 1024 3139 1983 
f 1983 107 1024 
f 1983 4103 1985 
f 1985 107 1983 
f 1985 4102 1980 
f 1980 107 1985 
f 1980 3097 1024 
f 1024 107 1980 
f 1772 3085 995 
f 995 108 1772 
f 995 3097 1980 
f 1980 108 995 
f 1980 4102 1982 
f 1982 108 1980 
f 1982 4019 1772 
f 1772 108 1982 
f 1139 3085 1772 
f 1772 109 1139 
f 1772 4019 1774 
f 1774 109 1772 
f 1774 4018 1769 
f 1769 109 1774 
f 1769 3258 1139 
f 1139 109 1769 
f 1161 3125 1766 
f 1766 110 1161 
f 1766 4017 1768 
f 1768 110 1766 
f 1768 4016 1763 
f 1763 110 1768 
f 1763 3268 1161 
f 1161 110 1763 
f 1242 3292 1190 
f 1190 111 1242 
f 1190 3095 1760 
f 1760 111 1190 
f 1760 4015 1762 
f 1762 111 1760 
f 1762 3326 1242 
f 1242 111 1762 
f 2573 4339 2574 
f 2574 112 2573 
f 2574 3107 1007 
f 1007 112 2574 
f 1007 2781 975 
f 975 112 1007 
f 975 2875 2573 
f 2573 112 975 
f 2063 4142 2065 
f 2065 113 2063 
f 2065 4141 2061 
f 2061 113 2065 
f 2061 3174 1039 
f 1039 113 2061 
f 1039 3115 2063 
f 2063 113 1039 
f 1043 3069 1003 
f 1003 114 1043 
f 1003 3104 1040 
f 1040 114 1003 
f 1040 3175 1044 
f 1044 114 1040 
f 1044 3176 1043 
f 1043 114 1044 
f 1902 3069 1043 
f 1043 115 1902 
f 1043 3176 1905 
f 1905 115 1043 
f 1905 4070 1907 
f 1907 115 1905 
f 1907 4069 1902 
f 1902 115 1907 
f 2485 4307 2481 
f 2481 116 2485 
f 2481 4088 1943 
f 1943 116 2481 
f 1943 4087 2484 
f 2484 116 1943 
f 2484 4308 2485 
f 2485 116 2484 
f 1988 4103 1983 
f 1983 117 1988 
f 1983 3139 1048 
f 1048 117 1983 
f 1048 3179 1986 
f 1986 117 1048 
f 1986 4104 1988 
f 1988 117 1986 
f 1977 4099 1972 
f 1972 118 1977 
f 1972 3140 1049 
f 1049 118 1972 
f 1049 3180 1975 
f 1975 118 1049 
f 1975 4100 1977 
f 1977 118 1975 
f 1966 4095 1961 
f 1961 119 1966 
f 1961 3145 1050 
f 1050 119 1961 
f 1050 3181 1964 
f 1964 119 1050 
f 1964 4096 1966 
f 1966 119 1964 
f 1052 3147 2472 
f 2472 120 1052 
f 2472 4304 2473 
f 2473 120 2472 
f 2473 4303 2470 
f 2470 120 2473 
f 2470 3183 1052 
f 1052 120 2470 
f 2518 4318 2514 
f 2514 121 2518 
f 2514 4056 1867 
f 1867 121 2514 
f 1867 4055 2517 
f 2517 121 1867 
f 2517 4319 2518 
f 2518 121 2517 
f 1054 3150 1873 
f 1873 122 1054 
f 1873 4059 1874 
f 1874 122 1873 
f 1874 4058 1871 
f 1871 122 1874 
f 1871 3185 1054 
f 1054 122 1871 
f 1056 3151 1914 
f 1914 123 1056 
f 1914 4074 1915 
f 1915 123 1914 
f 1915 4073 1913 
f 1913 123 1915 
f 1913 3186 1056 
f 1056 123 1913 
f 1033 3151 1056 
f 1056 124 1033 
f 1056 3186 1059 
f 1059 124 1056 
f 1059 3187 1058 
f 1058 124 1059 
f 1058 3152 1033 
f 1033 124 1058 
f 2567 4337 2569 
f 2569 125 2567 
f 2569 4336 2565 
f 2565 125 2569 
f 2565 3179 1061 
f 1061 125 2565 
f 1061 3188 2567 
f 2567 125 1061 
f 1190 3292 1653 
f 1653 126 1190 
f 1653 3949 1654 
f 1654 126 1653 
f 1654 3948 1649 
f 1649 126 1654 
f 1649 3095 1190 
f 1190 126 1649 
f 1264 3333 1260 
f 1260 127 1264 
f 1260 3267 1158 
f 1158 127 1260 
f 1158 3190 1263 
f 1263 127 1158 
f 1263 3334 1264 
f 1264 127 1263 
f 1137 3191 1785 
f 1785 128 1137 
f 1785 4023 1786 
f 1786 128 1785 
f 1786 3335 1265 
f 1265 128 1786 
f 1265 3257 1137 
f 1137 128 1265 
f 1947 4090 1948 
f 1948 129 1947 
f 1948 4023 1785 
f 1785 129 1948 
f 1785 3191 1065 
f 1065 129 1785 
f 1065 3192 1947 
f 1947 129 1065 
f 1949 4091 1950 
f 1950 130 1949 
f 1950 4090 1947 
f 1947 130 1950 
f 1947 3192 1066 
f 1066 130 1947 
f 1066 3193 1949 
f 1949 130 1066 
f 1952 4092 1953 
f 1953 131 1952 
f 1953 4091 1949 
f 1949 131 1953 
f 1949 3193 1067 
f 1067 131 1949 
f 1067 3194 1952 
f 1952 131 1067 
f 1956 4093 1957 
f 1957 132 1956 
f 1957 4092 1952 
f 1952 132 1957 
f 1952 3194 1069 
f 1069 132 1952 
f 1069 3195 1956 
f 1956 132 1069 
f 951 2862 1954 
f 1954 133 951 
f 1954 4093 1956 
f 1956 133 1954 
f 1956 3195 1068 
f 1068 133 1956 
f 1068 2792 951 
f 951 133 1068 
f 1079 3209 1080 
f 1080 134 1079 
f 1080 3136 1021 
f 1021 134 1080 
f 1021 2789 925 
f 925 134 1021 
f 925 2794 1079 
f 1079 134 925 
f 1080 3209 1081 
f 1081 135 1080 
f 1081 3137 1083 
f 1083 135 1081 
f 1083 3210 1082 
f 1082 135 1083 
f 1082 3136 1080 
f 1080 135 1082 
f 2169 3197 1088 
f 1088 136 2169 
f 1088 3214 2172 
f 2172 136 1088 
f 2172 4180 2173 
f 2173 136 2172 
f 2173 4179 2169 
f 2169 136 2173 
f 2181 4182 2176 
f 2176 137 2181 
f 2176 4135 2045 
f 2045 137 2176 
f 2045 3199 2180 
f 2180 137 2045 
f 2180 4183 2181 
f 2181 137 2180 
f 2180 3199 2034 
f 2034 138 2180 
f 2034 4131 2183 
f 2183 138 2034 
f 2183 4184 2184 
f 2184 138 2183 
f 2184 4183 2180 
f 2180 138 2184 
f 2190 4185 2186 
f 2186 139 2190 
f 2186 3200 2042 
f 2042 139 2186 
f 2042 4134 2189 
f 2189 139 2042 
f 2189 4186 2190 
f 2190 139 2189 
f 2201 4164 2127 
f 2127 140 2201 
f 2127 2776 962 
f 962 140 2127 
f 962 2869 2200 
f 2200 140 962 
f 2200 4190 2201 
f 2201 140 2200 
f 1072 3201 2098 
f 2098 141 1072 
f 2098 4154 2099 
f 2099 141 2098 
f 2099 4153 2095 
f 2095 141 2099 
f 2095 3202 1072 
f 1072 141 2095 
f 1074 3174 2061 
f 2061 142 1074 
f 2061 4141 2062 
f 2062 142 2061 
f 2062 4140 2058 
f 2058 142 2062 
f 2058 3204 1074 
f 1074 142 2058 
f 2144 4171 2143 
f 2143 143 2144 
f 2143 3202 2095 
f 2095 143 2143 
f 2095 4153 2096 
f 2096 143 2095 
f 2096 4152 2144 
f 2144 143 2096 
f 2192 3201 1072 
f 1072 144 2192 
f 1072 3202 2194 
f 2194 144 1072 
f 2194 4188 2196 
f 2196 144 2194 
f 2196 4187 2192 
f 2192 144 2196 
f 2140 4170 2141 
f 2141 145 2140 
f 2141 3243 1113 
f 1113 145 2141 
f 1113 3110 1075 
f 1075 145 1113 
f 1075 3205 2140 
f 2140 145 1075 
f 1520 3474 1515 
f 1515 146 1520 
f 1515 3247 1118 
f 1118 146 1515 
f 1118 3062 1518 
f 1518 146 1118 
f 1518 3475 1520 
f 1520 146 1518 
f 2166 3196 1071 
f 1071 147 2166 
f 1071 3197 2169 
f 2169 147 1071 
f 2169 4179 2170 
f 2170 147 2169 
f 2170 4178 2166 
f 2166 147 2170 
f 1070 3196 2166 
f 2166 148 1070 
f 2166 4178 2165 
f 2165 148 2166 
f 2165 2868 960 
f 960 148 2165 
f 960 2793 1070 
f 1070 148 960 
f 1085 3210 1083 
f 1083 149 1085 
f 1083 3137 1086 
f 1086 149 1083 
f 1086 3213 1087 
f 1087 149 1086 
f 1087 3212 1085 
f 1085 149 1087 
f 989 2784 980 
f 980 150 989 
f 980 2878 2725 
f 2725 150 980 
f 2725 4390 2726 
f 2726 150 2725 
f 2726 3062 989 
f 989 150 2726 
f 1518 3062 2726 
f 2726 151 1518 
f 2726 4390 2728 
f 2728 151 2726 
f 2728 4389 2722 
f 2722 151 2728 
f 2722 3475 1518 
f 1518 151 2722 
f 2719 4388 2721 
f 2721 152 2719 
f 2721 4387 2716 
f 2716 152 2721 
f 2716 3078 1077 
f 1077 152 2716 
f 1077 3207 2719 
f 2719 152 1077 
f 2710 3198 2175 
f 2175 153 2710 
f 2175 4181 2714 
f 2714 153 2175 
f 2714 4386 2715 
f 2715 153 2714 
f 2715 4385 2710 
f 2710 153 2715 
f 2707 4160 2116 
f 2116 154 2707 
f 2116 3198 2710 
f 2710 154 2116 
f 2710 4385 2712 
f 2712 154 2710 
f 2712 4384 2707 
f 2707 154 2712 
f 2704 4383 2706 
f 2706 155 2704 
f 2706 4382 2701 
f 2701 155 2706 
f 2701 4148 2081 
f 2081 155 2701 
f 2081 3112 2704 
f 2704 155 2081 
f 2455 4114 2604 
f 2604 156 2455 
f 2604 4350 2605 
f 2605 156 2604 
f 2605 4349 2600 
f 2600 156 2605 
f 2600 4297 2455 
f 2455 156 2600 
f 967 2871 2459 
f 2459 157 967 
f 2459 4299 2461 
f 2461 157 2459 
f 2461 3218 1091 
f 1091 157 2461 
f 1091 2796 967 
f 967 157 1091 
f 1115 3245 1123 
f 1123 158 1115 
f 1123 3249 1121 
f 1121 158 1123 
f 1121 2882 988 
f 988 158 1121 
f 988 2881 1115 
f 1115 158 988 
f 2205 4191 2206 
f 2206 159 2205 
f 2206 4177 2162 
f 2162 159 2206 
f 2162 3222 1098 
f 1098 159 2162 
f 1098 3231 2205 
f 2205 159 1098 
f 1413 3435 1408 
f 1408 160 1413 
f 1408 3220 1099 
f 1099 160 1408 
f 1099 3232 1412 
f 1412 160 1099 
f 1412 3436 1413 
f 1413 160 1412 
f 1102 3235 1103 
f 1103 161 1102 
f 1103 3234 1101 
f 1101 161 1103 
f 1101 3229 1096 
f 1096 161 1101 
f 1096 3228 1102 
f 1102 161 1096 
f 1104 3236 1125 
f 1125 162 1104 
f 1125 3251 1126 
f 1126 162 1125 
f 1126 3250 1124 
f 1124 162 1126 
f 1124 3227 1104 
f 1104 162 1124 
f 1106 3236 1104 
f 1104 163 1106 
f 1104 3227 1095 
f 1095 163 1104 
f 1095 3226 1105 
f 1105 163 1095 
f 1105 3237 1106 
f 1106 163 1105 
f 1498 3465 1488 
f 1488 164 1498 
f 1488 3237 1105 
f 1105 164 1488 
f 1105 3226 1497 
f 1497 164 1105 
f 1497 3468 1498 
f 1498 164 1497 
f 1510 3472 1511 
f 1511 165 1510 
f 1511 3464 1485 
f 1485 165 1511 
f 1485 3238 1107 
f 1107 165 1485 
f 1107 3225 1510 
f 1510 165 1107 
f 1097 3230 1109 
f 1109 166 1097 
f 1109 3239 1108 
f 1108 166 1109 
f 1108 3224 1094 
f 1094 166 1108 
f 1094 3223 1097 
f 1097 166 1094 
f 1430 3441 1425 
f 1425 167 1430 
f 1425 3232 1099 
f 1099 167 1425 
f 1099 3220 1428 
f 1428 167 1099 
f 1428 3442 1430 
f 1430 167 1428 
f 1320 3369 2208 
f 2208 168 1320 
f 2208 4192 2209 
f 2209 168 2208 
f 2209 4191 2205 
f 2205 168 2209 
f 2205 3231 1320 
f 1320 168 2205 
f 1321 3370 1415 
f 1415 169 1321 
f 1415 3437 1416 
f 1416 169 1415 
f 1416 3436 1412 
f 1412 169 1416 
f 1412 3232 1321 
f 1321 169 1412 
f 1427 3440 1422 
f 1422 170 1427 
f 1422 3370 1321 
f 1321 170 1422 
f 1321 3232 1425 
f 1425 170 1321 
f 1425 3441 1427 
f 1427 170 1425 
f 1323 3372 1455 
f 1455 171 1323 
f 1455 3452 1456 
f 1456 171 1455 
f 1456 3451 1453 
f 1453 171 1456 
f 1453 3234 1323 
f 1323 171 1453 
f 1324 3373 1325 
f 1325 172 1324 
f 1325 3372 1323 
f 1323 172 1325 
f 1323 3234 1103 
f 1103 172 1323 
f 1103 3235 1324 
f 1324 172 1103 
f 1327 3375 1328 
f 1328 173 1327 
f 1328 3374 1326 
f 1326 173 1328 
f 1326 3251 1125 
f 1125 173 1326 
f 1125 3236 1327 
f 1327 173 1125 
f 1329 3376 1330 
f 1330 174 1329 
f 1330 3375 1327 
f 1327 174 1330 
f 1327 3236 1106 
f 1106 174 1327 
f 1106 3237 1329 
f 1329 174 1106 
f 1331 3377 1491 
f 1491 175 1331 
f 1491 3466 1492 
f 1492 175 1491 
f 1492 3465 1489 
f 1489 175 1492 
f 1489 3238 1331 
f 1331 175 1489 
f 1487 3463 1482 
f 1482 176 1487 
f 1482 3377 1331 
f 1331 176 1482 
f 1331 3238 1485 
f 1485 176 1331 
f 1485 3464 1487 
f 1487 176 1485 
f 1319 3368 1333 
f 1333 177 1319 
f 1333 3378 1332 
f 1332 177 1333 
f 1332 3239 1109 
f 1109 177 1332 
f 1109 3230 1319 
f 1319 177 1109 
f 2052 4138 2053 
f 2053 178 2052 
f 2053 4137 2049 
f 2049 178 2053 
f 2049 3241 1286 
f 1286 178 2049 
f 1286 3343 2052 
f 2052 178 1286 
f 2030 4129 2029 
f 2029 179 2030 
f 2029 3242 1288 
f 1288 179 2029 
f 1288 3344 1407 
f 1407 179 1288 
f 1407 3434 2030 
f 2030 179 1407 
f 1288 3242 2036 
f 2036 180 1288 
f 2036 4132 2038 
f 2038 180 2036 
f 2038 3443 1431 
f 1431 180 2038 
f 1431 3344 1288 
f 1288 180 1431 
f 2141 4170 2142 
f 2142 181 2141 
f 2142 4169 2138 
f 2138 181 2142 
f 2138 3345 1290 
f 1290 181 2138 
f 1290 3243 2141 
f 2141 181 1290 
f 2129 3244 1268 
f 1268 182 2129 
f 1268 3336 2155 
f 2155 182 1268 
f 2155 4175 2156 
f 2156 182 2155 
f 2156 4166 2129 
f 2129 182 2156 
f 1274 3337 1269 
f 1269 183 1274 
f 1269 3249 1123 
f 1123 183 1269 
f 1123 3245 1273 
f 1273 183 1123 
f 1273 3338 1274 
f 1274 183 1273 
f 1277 3338 1273 
f 1273 184 1277 
f 1273 3245 1117 
f 1117 184 1273 
f 1117 3246 1276 
f 1276 184 1117 
f 1276 3339 1277 
f 1277 184 1276 
f 1499 3339 1276 
f 1276 185 1499 
f 1276 3246 1502 
f 1502 185 1276 
f 1502 3470 1504 
f 1504 185 1502 
f 1504 3469 1499 
f 1499 185 1504 
f 1512 3340 1279 
f 1279 186 1512 
f 1279 3247 1515 
f 1515 186 1279 
f 1515 3474 1517 
f 1517 186 1515 
f 1517 3473 1512 
f 1512 186 1517 
f 1284 3341 1281 
f 1281 187 1284 
f 1281 3248 1120 
f 1120 187 1281 
f 1120 3240 1283 
f 1283 187 1120 
f 1283 3342 1284 
f 1284 187 1283 
f 1121 3249 1122 
f 1122 188 1121 
f 1122 3244 1114 
f 1114 188 1122 
f 1114 3116 1009 
f 1009 188 1114 
f 1009 2882 1121 
f 1121 188 1009 
f 1269 3337 1271 
f 1271 189 1269 
f 1271 3336 1268 
f 1268 189 1271 
f 1268 3244 1122 
f 1122 189 1268 
f 1122 3249 1269 
f 1269 189 1122 
f 1434 3235 1102 
f 1102 190 1434 
f 1102 3228 2158 
f 2158 190 1102 
f 2158 4176 2161 
f 2161 190 2158 
f 2161 3444 1434 
f 1434 190 2161 
f 1326 3374 1437 
f 1437 191 1326 
f 1437 3445 1438 
f 1438 191 1437 
f 1438 3444 1435 
f 1435 191 1438 
f 1435 3251 1326 
f 1326 191 1435 
f 1129 3253 1724 
f 1724 192 1129 
f 1724 4003 1726 
f 1726 192 1724 
f 1726 4002 1722 
f 1722 192 1726 
f 1722 3158 1129 
f 1129 192 1722 
f 1741 4007 1736 
f 1736 193 1741 
f 1736 3123 1131 
f 1131 193 1736 
f 1131 3254 1739 
f 1739 193 1131 
f 1739 4008 1741 
f 1741 193 1739 
f 1135 3124 1254 
f 1254 194 1135 
f 1254 3331 1256 
f 1256 194 1254 
f 1256 3330 1253 
f 1253 194 1256 
f 1253 3256 1135 
f 1135 194 1253 
f 1138 3257 1136 
f 1136 195 1138 
f 1136 3190 1063 
f 1063 195 1136 
f 1063 3124 1135 
f 1135 195 1063 
f 1135 3256 1138 
f 1138 195 1135 
f 1267 3334 1263 
f 1263 196 1267 
f 1263 3190 1136 
f 1136 196 1263 
f 1136 3257 1265 
f 1265 196 1136 
f 1265 3335 1267 
f 1267 196 1265 
f 1140 3258 1769 
f 1769 197 1140 
f 1769 4018 1771 
f 1771 197 1769 
f 1771 4017 1766 
f 1766 197 1771 
f 1766 3125 1140 
f 1140 197 1766 
f 1142 3259 1754 
f 1754 198 1142 
f 1754 4013 1756 
f 1756 198 1754 
f 1756 4012 1752 
f 1752 198 1756 
f 1752 3170 1142 
f 1142 198 1752 
f 1172 3272 1169 
f 1169 199 1172 
f 1169 3261 1146 
f 1146 199 1169 
f 1146 3122 1170 
f 1170 199 1146 
f 1170 3273 1172 
f 1172 199 1170 
f 1146 3261 1167 
f 1167 200 1146 
f 1167 3271 1180 
f 1180 200 1167 
f 1180 3276 1178 
f 1178 200 1180 
f 1178 3122 1146 
f 1146 200 1178 
f 1597 3928 1595 
f 1595 201 1597 
f 1595 3077 1147 
f 1147 201 1595 
f 1147 3262 1176 
f 1176 201 1147 
f 1176 3275 1597 
f 1597 201 1176 
f 1150 3263 1718 
f 1718 202 1150 
f 1718 4001 1720 
f 1720 202 1718 
f 1720 4000 1716 
f 1716 202 1720 
f 1716 3159 1150 
f 1150 202 1716 
f 1730 3076 1151 
f 1151 203 1730 
f 1151 3264 1733 
f 1733 203 1151 
f 1733 4006 1735 
f 1735 203 1733 
f 1735 4005 1730 
f 1730 203 1735 
f 1155 3075 1633 
f 1633 204 1155 
f 1633 3943 1635 
f 1635 204 1633 
f 1635 3332 1258 
f 1258 204 1635 
f 1258 3266 1155 
f 1155 204 1258 
f 1062 3075 1155 
f 1155 205 1062 
f 1155 3266 1159 
f 1159 205 1155 
f 1159 3267 1157 
f 1157 205 1159 
f 1157 3189 1062 
f 1062 205 1157 
f 1651 3948 1650 
f 1650 206 1651 
f 1650 3189 1157 
f 1157 206 1650 
f 1157 3267 1260 
f 1260 206 1157 
f 1260 3333 1651 
f 1651 206 1260 
f 1160 3268 1763 
f 1763 207 1160 
f 1763 4016 1765 
f 1765 207 1763 
f 1765 4015 1760 
f 1760 207 1765 
f 1760 3095 1160 
f 1160 207 1760 
f 1163 3269 1748 
f 1748 208 1163 
f 1748 4011 1750 
f 1750 208 1748 
f 1750 4010 1746 
f 1746 208 1750 
f 1746 3171 1163 
f 1163 208 1746 
f 1147 3077 1613 
f 1613 209 1147 
f 1613 3934 1615 
f 1615 209 1613 
f 1615 3274 1173 
f 1173 209 1615 
f 1173 3262 1147 
f 1147 209 1173 
f 1780 4021 1779 
f 1779 210 1780 
f 1779 3157 1128 
f 1128 210 1779 
f 1128 3253 1166 
f 1166 210 1128 
f 1166 3271 1780 
f 1780 210 1166 
f 1168 3260 1143 
f 1143 211 1168 
f 1143 3081 1776 
f 1776 211 1143 
f 1776 4020 1777 
f 1777 211 1776 
f 1777 3272 1168 
f 1168 211 1777 
f 1144 3260 1168 
f 1168 212 1144 
f 1168 3272 1172 
f 1172 212 1168 
f 1172 3273 1171 
f 1171 212 1172 
f 1171 3126 1144 
f 1144 212 1171 
f 1165 3126 1171 
f 1171 213 1165 
f 1171 3273 1175 
f 1175 213 1171 
f 1175 3274 1174 
f 1174 213 1175 
f 1174 3270 1165 
f 1165 213 1174 
f 1596 3928 1597 
f 1597 214 1596 
f 1597 3275 1177 
f 1177 214 1597 
f 1177 3263 1150 
f 1150 214 1177 
f 1150 3159 1596 
f 1596 214 1150 
f 1179 3158 1149 
f 1149 215 1179 
f 1149 3263 1177 
f 1177 215 1149 
f 1177 3275 1181 
f 1181 215 1177 
f 1181 3276 1179 
f 1179 215 1181 
f 1166 3253 1129 
f 1129 216 1166 
f 1129 3158 1179 
f 1179 216 1129 
f 1179 3276 1180 
f 1180 216 1179 
f 1180 3271 1166 
f 1166 216 1180 
f 1223 3309 1581 
f 1581 217 1223 
f 1581 3921 1582 
f 1582 217 1581 
f 1582 3920 1578 
f 1578 217 1582 
f 1578 3278 1223 
f 1223 217 1578 
f 1224 3310 1590 
f 1590 218 1224 
f 1590 3924 1591 
f 1591 218 1590 
f 1591 3923 1587 
f 1587 218 1591 
f 1587 3279 1224 
f 1224 218 1587 
f 1225 3311 1646 
f 1646 219 1225 
f 1646 3947 1648 
f 1648 219 1646 
f 1648 3946 1643 
f 1643 219 1648 
f 1643 3280 1225 
f 1225 219 1643 
f 1227 3311 1225 
f 1225 220 1227 
f 1225 3280 1182 
f 1182 220 1225 
f 1182 3281 1226 
f 1226 220 1182 
f 1226 3312 1227 
f 1227 220 1226 
f 1228 3313 1662 
f 1662 221 1228 
f 1662 3952 1663 
f 1663 221 1662 
f 1663 3951 1659 
f 1659 221 1663 
f 1659 3282 1228 
f 1228 221 1659 
f 1229 3314 1671 
f 1671 222 1229 
f 1671 3955 1672 
f 1672 222 1671 
f 1672 3954 1668 
f 1668 222 1672 
f 1668 3283 1229 
f 1229 222 1668 
f 1230 3315 1680 
f 1680 223 1230 
f 1680 3959 1681 
f 1681 223 1680 
f 1681 3958 1677 
f 1677 223 1681 
f 1677 3284 1230 
f 1230 223 1677 
f 1231 3316 1626 
f 1626 224 1231 
f 1626 3938 1627 
f 1627 224 1626 
f 1627 3937 1623 
f 1623 224 1627 
f 1623 3285 1231 
f 1231 224 1623 
f 1222 3308 1607 
f 1607 225 1222 
f 1607 3932 1609 
f 1609 225 1607 
f 1609 3931 1604 
f 1604 225 1609 
f 1604 3277 1222 
f 1222 225 1604 
f 1196 3296 1602 
f 1602 226 1196 
f 1602 3930 1603 
f 1603 226 1602 
f 1603 3929 1599 
f 1599 226 1603 
f 1599 3287 1196 
f 1196 226 1599 
f 1198 3297 1215 
f 1215 227 1198 
f 1215 3305 1216 
f 1216 227 1215 
f 1216 3304 1213 
f 1213 227 1216 
f 1213 3288 1198 
f 1198 227 1213 
f 1221 3306 1217 
f 1217 228 1221 
f 1217 3297 1198 
f 1198 228 1217 
f 1198 3288 1219 
f 1219 228 1198 
f 1219 3307 1221 
f 1221 228 1219 
f 1202 3299 1640 
f 1640 229 1202 
f 1640 3945 1641 
f 1641 229 1640 
f 1641 3944 1637 
f 1637 229 1641 
f 1637 3290 1202 
f 1202 229 1637 
f 1205 3299 1202 
f 1202 230 1205 
f 1202 3290 1189 
f 1189 230 1202 
f 1189 3291 1204 
f 1204 230 1189 
f 1204 3300 1205 
f 1205 230 1204 
f 1207 3301 1656 
f 1656 231 1207 
f 1656 3950 1657 
f 1657 231 1656 
f 1657 3949 1653 
f 1653 231 1657 
f 1653 3292 1207 
f 1207 231 1653 
f 1249 3301 1207 
f 1207 232 1249 
f 1207 3292 1242 
f 1242 232 1207 
f 1242 3326 1251 
f 1251 232 1242 
f 1251 3329 1249 
f 1249 232 1251 
f 1211 3303 1247 
f 1247 233 1211 
f 1247 3328 1248 
f 1248 233 1247 
f 1248 3327 1245 
f 1245 233 1248 
f 1245 3294 1211 
f 1211 233 1245 
f 1194 3295 1619 
f 1619 234 1194 
f 1619 3936 1621 
f 1621 234 1619 
f 1621 3935 1616 
f 1616 234 1621 
f 1616 3286 1194 
f 1194 234 1616 
f 1195 3277 1604 
f 1604 235 1195 
f 1604 3931 1606 
f 1606 235 1604 
f 1606 3930 1602 
f 1602 235 1606 
f 1602 3296 1195 
f 1195 235 1602 
f 1197 3278 1578 
f 1578 236 1197 
f 1578 3920 1579 
f 1579 236 1578 
f 1579 3305 1215 
f 1215 236 1579 
f 1215 3297 1197 
f 1197 236 1215 
f 1588 3923 1586 
f 1586 237 1588 
f 1586 3278 1197 
f 1197 237 1586 
f 1197 3297 1217 
f 1217 237 1197 
f 1217 3306 1588 
f 1588 237 1217 
f 1201 3280 1643 
f 1643 238 1201 
f 1643 3946 1644 
f 1644 238 1643 
f 1644 3945 1640 
f 1640 238 1644 
f 1640 3299 1201 
f 1201 238 1640 
f 1182 3280 1201 
f 1201 239 1182 
f 1201 3299 1205 
f 1205 239 1201 
f 1205 3300 1203 
f 1203 239 1205 
f 1203 3281 1182 
f 1182 239 1203 
f 1206 3282 1659 
f 1659 240 1206 
f 1659 3951 1660 
f 1660 240 1659 
f 1660 3950 1656 
f 1656 240 1660 
f 1656 3301 1206 
f 1206 240 1656 
f 1250 3302 1208 
f 1208 241 1250 
f 1208 3283 1668 
f 1668 241 1208 
f 1668 3954 1669 
f 1669 241 1668 
f 1669 3329 1250 
f 1250 241 1669 
f 1247 3303 1210 
f 1210 242 1247 
f 1210 3284 1677 
f 1677 242 1210 
f 1677 3958 1678 
f 1678 242 1677 
f 1678 3328 1247 
f 1247 242 1678 
f 1193 3285 1623 
f 1623 243 1193 
f 1623 3937 1624 
f 1624 243 1623 
f 1624 3936 1619 
f 1619 243 1624 
f 1619 3295 1193 
f 1193 243 1619 
f 1716 4000 1717 
f 1717 244 1716 
f 1717 3304 1212 
f 1212 244 1717 
f 1212 3287 1184 
f 1184 244 1212 
f 1184 3159 1716 
f 1716 244 1184 
f 1214 3296 1196 
f 1196 245 1214 
f 1196 3287 1212 
f 1212 245 1196 
f 1212 3304 1216 
f 1216 245 1212 
f 1216 3305 1214 
f 1214 245 1216 
f 1587 3923 1588 
f 1588 246 1587 
f 1588 3306 1218 
f 1218 246 1588 
f 1218 3298 1199 
f 1199 246 1218 
f 1199 3279 1587 
f 1587 246 1199 
f 1200 3298 1218 
f 1218 247 1200 
f 1218 3306 1221 
f 1221 247 1218 
f 1221 3307 1220 
f 1220 247 1221 
f 1220 3289 1200 
f 1200 247 1220 
f 1233 3318 1584 
f 1584 248 1233 
f 1584 3922 1585 
f 1585 248 1584 
f 1585 3921 1581 
f 1581 248 1585 
f 1581 3309 1233 
f 1233 248 1581 
f 1234 3319 1593 
f 1593 249 1234 
f 1593 3925 1594 
f 1594 249 1593 
f 1594 3924 1590 
f 1590 249 1594 
f 1590 3310 1234 
f 1234 249 1590 
f 1235 3320 1632 
f 1632 250 1235 
f 1632 3942 1647 
f 1647 250 1632 
f 1647 3947 1646 
f 1646 250 1647 
f 1646 3311 1235 
f 1235 250 1646 
f 1237 3320 1235 
f 1235 251 1237 
f 1235 3311 1227 
f 1227 251 1235 
f 1227 3312 1236 
f 1236 251 1227 
f 1236 3321 1237 
f 1237 251 1236 
f 1238 3322 1665 
f 1665 252 1238 
f 1665 3953 1666 
f 1666 252 1665 
f 1666 3952 1662 
f 1662 252 1666 
f 1662 3313 1238 
f 1238 252 1662 
f 1239 3323 1674 
f 1674 253 1239 
f 1674 3956 1675 
f 1675 253 1674 
f 1675 3955 1671 
f 1671 253 1675 
f 1671 3314 1239 
f 1239 253 1671 
f 1240 3324 1683 
f 1683 254 1240 
f 1683 3960 1684 
f 1684 254 1683 
f 1684 3959 1680 
f 1680 254 1684 
f 1680 3315 1240 
f 1240 254 1680 
f 1241 3325 1629 
f 1629 255 1241 
f 1629 3939 1630 
f 1630 255 1629 
f 1630 3938 1626 
f 1626 255 1630 
f 1626 3316 1241 
f 1241 255 1626 
f 1232 3317 1610 
f 1610 256 1232 
f 1610 3933 1612 
f 1612 256 1610 
f 1612 3932 1607 
f 1607 256 1612 
f 1607 3308 1232 
f 1232 256 1607 
f 3973 3054 3926 
f 3926 3974 3973 
f 3970 3054 3973 
f 3973 3972 3970 
f 4275 4277 4274 
f 4274 3055 4275 
f 3979 3059 3940 
f 3940 3980 3979 
f 3977 3056 3052 
f 3052 3978 3977 
f 1246 3302 1209 
f 1209 257 1246 
f 1209 3293 1244 
f 1244 257 1209 
f 1244 3327 1248 
f 1248 257 1244 
f 1248 3328 1246 
f 1246 257 1248 
f 1209 3302 1250 
f 1250 258 1209 
f 1250 3329 1251 
f 1251 258 1250 
f 1251 3326 1243 
f 1243 258 1251 
f 1243 3293 1209 
f 1209 258 1243 
f 1252 3255 1132 
f 1132 259 1252 
f 1132 3163 1782 
f 1782 259 1132 
f 1782 4022 1783 
f 1783 259 1782 
f 1783 3330 1252 
f 1252 259 1783 
f 1255 3164 1133 
f 1133 260 1255 
f 1133 3255 1252 
f 1252 260 1133 
f 1252 3330 1256 
f 1256 260 1252 
f 1256 3331 1255 
f 1255 260 1256 
f 1257 3265 1153 
f 1153 261 1257 
f 1153 3164 1255 
f 1255 261 1153 
f 1255 3331 1259 
f 1259 261 1255 
f 1259 3332 1257 
f 1257 261 1259 
f 1649 3948 1651 
f 1651 262 1649 
f 1651 3333 1261 
f 1261 262 1651 
f 1261 3268 1160 
f 1160 262 1261 
f 1160 3095 1649 
f 1649 262 1160 
f 1161 3268 1261 
f 1261 263 1161 
f 1261 3333 1264 
f 1264 263 1261 
f 1264 3334 1262 
f 1262 263 1264 
f 1262 3125 1161 
f 1161 263 1262 
f 1140 3125 1262 
f 1262 264 1140 
f 1262 3334 1267 
f 1267 264 1262 
f 1267 3335 1266 
f 1266 264 1267 
f 1266 3258 1140 
f 1140 264 1266 
f 1368 3413 2281 
f 2281 265 1368 
f 2281 4217 2282 
f 2282 265 2281 
f 2282 4216 2278 
f 2278 265 2282 
f 2278 3089 1368 
f 1368 265 2278 
f 1370 3414 2225 
f 2225 266 1370 
f 2225 4198 2226 
f 2226 266 2225 
f 2226 4197 2221 
f 2221 266 2226 
f 2221 3088 1370 
f 1370 266 2221 
f 1376 3417 1378 
f 1378 267 1376 
f 1378 3416 1374 
f 1374 267 1378 
f 1374 3206 1076 
f 1076 267 1374 
f 1076 3086 1376 
f 1376 267 1076 
f 1389 3208 1078 
f 1078 268 1389 
f 1078 3087 1366 
f 1366 268 1078 
f 1366 3412 1390 
f 1390 268 1366 
f 1390 3422 1389 
f 1389 268 1390 
f 1387 3421 2275 
f 2275 269 1387 
f 2275 4215 2276 
f 2276 269 2275 
f 2276 4214 2271 
f 2271 269 2276 
f 2271 3108 1387 
f 1387 269 2271 
f 1384 3420 1386 
f 1386 270 1384 
f 1386 3419 1381 
f 1381 270 1386 
f 1381 3219 1093 
f 1093 270 1381 
f 1093 3109 1384 
f 1384 270 1093 
f 1372 3415 2247 
f 2247 271 1372 
f 2247 4205 2248 
f 2248 271 2247 
f 2248 4204 2244 
f 2244 271 2248 
f 2244 3111 1372 
f 1372 271 2244 
f 1374 3416 1468 
f 1468 272 1374 
f 1468 3457 1469 
f 1469 272 1468 
f 1469 3456 1465 
f 1465 272 1469 
f 1465 3206 1374 
f 1374 272 1465 
f 1389 3422 2261 
f 2261 273 1389 
f 2261 4210 2262 
f 2262 273 2261 
f 2262 4209 2257 
f 2257 273 2262 
f 2257 3208 1389 
f 1389 273 2257 
f 1381 3419 1383 
f 1383 274 1381 
f 1383 3418 1379 
f 1379 274 1383 
f 1379 3252 1127 
f 1127 274 1379 
f 1127 3219 1381 
f 1381 274 1127 
f 1379 3418 1450 
f 1450 275 1379 
f 1450 3450 1451 
f 1451 275 1450 
f 1451 3449 1447 
f 1447 275 1451 
f 1447 3252 1379 
f 1379 275 1447 
f 2154 4175 2155 
f 2155 276 2154 
f 2155 3336 2160 
f 2160 276 2155 
f 2160 4176 2158 
f 2158 276 2160 
f 2158 3228 2154 
f 2154 276 2158 
f 1124 3250 1270 
f 1270 277 1124 
f 1270 3337 1274 
f 1274 277 1270 
f 1274 3338 1272 
f 1272 277 1274 
f 1272 3227 1124 
f 1124 277 1272 
f 1095 3227 1272 
f 1272 278 1095 
f 1272 3338 1277 
f 1277 278 1272 
f 1277 3339 1275 
f 1275 278 1277 
f 1275 3226 1095 
f 1095 278 1275 
f 1497 3226 1275 
f 1275 279 1497 
f 1275 3339 1499 
f 1499 279 1275 
f 1499 3469 1501 
f 1501 279 1499 
f 1501 3468 1497 
f 1497 279 1501 
f 1510 3225 1278 
f 1278 280 1510 
f 1278 3340 1512 
f 1512 280 1278 
f 1512 3473 1514 
f 1514 280 1512 
f 1514 3472 1510 
f 1510 280 1514 
f 1094 3224 1280 
f 1280 281 1094 
f 1280 3341 1284 
f 1284 281 1280 
f 1284 3342 1282 
f 1282 281 1284 
f 1282 3223 1094 
f 1094 281 1282 
f 2162 4177 2164 
f 2164 282 2162 
f 2164 4138 2052 
f 2052 282 2164 
f 2052 3343 1285 
f 1285 282 2052 
f 1285 3222 2162 
f 2162 282 1285 
f 1408 3435 1410 
f 1410 283 1408 
f 1410 3434 1407 
f 1407 283 1410 
f 1407 3344 1287 
f 1287 283 1407 
f 1287 3220 1408 
f 1408 283 1287 
f 1287 3344 1431 
f 1431 284 1287 
f 1431 3443 1433 
f 1433 284 1431 
f 1433 3442 1428 
f 1428 284 1433 
f 1428 3220 1287 
f 1287 284 1428 
f 2139 4168 2135 
f 2135 285 2139 
f 2135 3221 1289 
f 1289 285 2135 
f 1289 3345 2138 
f 2138 285 1289 
f 2138 4169 2139 
f 2139 285 2138 
f 2279 3460 1477 
f 1477 286 2279 
f 1477 3347 1292 
f 1292 286 1477 
f 1292 3089 2278 
f 2278 286 1292 
f 2278 4216 2279 
f 2279 286 2278 
f 1293 3088 2221 
f 2221 287 1293 
f 2221 4197 2223 
f 2223 287 2221 
f 2223 4196 2219 
f 2219 287 2223 
f 2219 3348 1293 
f 1293 287 2219 
f 1294 3111 2244 
f 2244 288 1294 
f 2244 4204 2245 
f 2245 288 2244 
f 2245 4203 2241 
f 2241 288 2245 
f 2241 3349 1294 
f 1294 288 2241 
f 1295 3206 1465 
f 1465 289 1295 
f 1465 3456 1466 
f 1466 289 1465 
f 1466 3455 1463 
f 1463 289 1466 
f 1463 3350 1295 
f 1295 289 1463 
f 1296 3086 1076 
f 1076 290 1296 
f 1076 3206 1295 
f 1295 290 1076 
f 1295 3350 1297 
f 1297 290 1295 
f 1297 3351 1296 
f 1296 290 1297 
f 1298 3252 1447 
f 1447 291 1298 
f 1447 3449 1448 
f 1448 291 1447 
f 1448 3448 1445 
f 1445 291 1448 
f 1445 3352 1298 
f 1298 291 1445 
f 1299 3219 1127 
f 1127 292 1299 
f 1127 3252 1298 
f 1298 292 1127 
f 1298 3352 1300 
f 1300 292 1298 
f 1300 3353 1299 
f 1299 292 1300 
f 1301 3109 1093 
f 1093 293 1301 
f 1093 3219 1299 
f 1299 293 1093 
f 1299 3353 1302 
f 1302 293 1299 
f 1302 3354 1301 
f 1301 293 1302 
f 1303 3108 2271 
f 2271 294 1303 
f 2271 4214 2273 
f 2273 294 2271 
f 2273 4213 2269 
f 2269 294 2273 
f 2269 3355 1303 
f 1303 294 2269 
f 1304 3208 2257 
f 2257 295 1304 
f 2257 4209 2258 
f 2258 295 2257 
f 2258 4208 2254 
f 2254 295 2258 
f 2254 3356 1304 
f 1304 295 2254 
f 1477 3460 1479 
f 1479 296 1477 
f 1479 3461 1478 
f 1478 296 1479 
f 1478 3358 1306 
f 1306 296 1478 
f 1306 3347 1477 
f 1477 296 1306 
f 1307 3348 2219 
f 2219 297 1307 
f 2219 4196 2220 
f 2220 297 2219 
f 2220 4195 2216 
f 2216 297 2220 
f 2216 3359 1307 
f 1307 297 2216 
f 1308 3349 2241 
f 2241 298 1308 
f 2241 4203 2242 
f 2242 298 2241 
f 2242 4202 2238 
f 2238 298 2242 
f 2238 3360 1308 
f 1308 298 2238 
f 2227 4199 2230 
f 2230 299 2227 
f 2230 3455 1462 
f 1462 299 2230 
f 1462 3349 1308 
f 1308 299 1462 
f 1308 3360 2227 
f 2227 299 1308 
f 1310 3351 1297 
f 1297 300 1310 
f 1297 3350 1309 
f 1309 300 1297 
f 1309 3361 1311 
f 1311 300 1309 
f 1311 3362 1310 
f 1310 300 1311 
f 1312 3352 1445 
f 1445 301 1312 
f 1445 3448 2234 
f 2234 301 1445 
f 2234 4200 2232 
f 2232 301 2234 
f 2232 3363 1312 
f 1312 301 2232 
f 1313 3353 1300 
f 1300 302 1313 
f 1300 3352 1312 
f 1312 302 1300 
f 1312 3363 1314 
f 1314 302 1312 
f 1314 3364 1313 
f 1313 302 1314 
f 1315 3354 1302 
f 1302 303 1315 
f 1302 3353 1313 
f 1313 303 1302 
f 1313 3364 1316 
f 1316 303 1313 
f 1316 3365 1315 
f 1315 303 1316 
f 1317 3355 2269 
f 2269 304 1317 
f 2269 4213 2270 
f 2270 304 2269 
f 2270 4212 2266 
f 2266 304 2270 
f 2266 3366 1317 
f 1317 304 2266 
f 2344 4250 2358 
f 2358 305 2344 
f 2357 305 2358 
f 2357 4249 2341 
f 2341 305 2357 
f 2341 3367 2344 
f 2344 305 2341 
f 1335 3380 2211 
f 2211 306 1335 
f 2211 4193 2212 
f 2212 306 2211 
f 2212 4192 2208 
f 2208 306 2212 
f 2208 3369 1335 
f 1335 306 2208 
f 1336 3381 1418 
f 1418 307 1336 
f 1418 3438 1419 
f 1419 307 1418 
f 1419 3437 1415 
f 1415 307 1419 
f 1415 3370 1336 
f 1336 307 1415 
f 1424 3439 1420 
f 1420 308 1424 
f 1420 3381 1336 
f 1336 308 1420 
f 1336 3370 1422 
f 1422 308 1336 
f 1422 3440 1424 
f 1424 308 1422 
f 1338 3383 1458 
f 1458 309 1338 
f 1458 3453 1459 
f 1459 309 1458 
f 1459 3452 1455 
f 1455 309 1459 
f 1455 3372 1338 
f 1338 309 1455 
f 1339 3384 1340 
f 1340 310 1339 
f 1340 3383 1338 
f 1338 310 1340 
f 1338 3372 1325 
f 1325 310 1338 
f 1325 3373 1339 
f 1339 310 1325 
f 1341 3385 1440 
f 1440 311 1341 
f 1440 3446 1441 
f 1441 311 1440 
f 1441 3445 1437 
f 1437 311 1441 
f 1437 3374 1341 
f 1341 311 1437 
f 1342 3386 1343 
f 1343 312 1342 
f 1343 3385 1341 
f 1341 312 1343 
f 1341 3374 1328 
f 1328 312 1341 
f 1328 3375 1342 
f 1342 312 1328 
f 1344 3387 1345 
f 1345 313 1344 
f 1345 3386 1342 
f 1342 313 1345 
f 1342 3375 1330 
f 1330 313 1342 
f 1330 3376 1344 
f 1344 313 1330 
f 1346 3388 1494 
f 1494 314 1346 
f 1494 3467 1495 
f 1495 314 1494 
f 1495 3466 1491 
f 1491 314 1495 
f 1491 3377 1346 
f 1346 314 1491 
f 1484 3462 1480 
f 1480 315 1484 
f 1480 3388 1346 
f 1346 315 1480 
f 1346 3377 1482 
f 1482 315 1346 
f 1482 3463 1484 
f 1484 315 1482 
f 1334 3379 1348 
f 1348 316 1334 
f 1348 3389 1347 
f 1347 316 1348 
f 1347 3378 1333 
f 1333 316 1347 
f 1333 3368 1334 
f 1334 316 1333 
f 1349 3358 1478 
f 1478 317 1349 
f 1478 3461 2285 
f 2285 317 1478 
f 2285 4218 2284 
f 2284 317 2285 
f 2284 3391 1349 
f 1349 317 2284 
f 2375 4256 2370 
f 2370 318 2375 
f 2370 3438 1418 
f 1418 318 2370 
f 1418 3381 2373 
f 2373 318 1418 
f 2373 4257 2375 
f 2375 318 2373 
f 2376 4258 2378 
f 2378 319 2376 
f 2378 4257 2373 
f 2373 319 2378 
f 2373 3381 1420 
f 1420 319 2373 
f 1420 3439 2376 
f 2376 319 1420 
f 2385 4261 2387 
f 2387 320 2385 
f 2387 4260 2382 
f 2382 320 2387 
f 2382 3453 1458 
f 1458 320 2382 
f 1458 3383 2385 
f 2385 320 1458 
f 2388 4262 2390 
f 2390 321 2388 
f 2390 4261 2385 
f 2385 321 2390 
f 2385 3383 1340 
f 1340 321 2385 
f 1340 3384 2388 
f 2388 321 1340 
f 2394 4264 2396 
f 2396 322 2394 
f 2396 4263 2391 
f 2391 322 2396 
f 2391 3446 1440 
f 1440 322 2391 
f 1440 3385 2394 
f 2394 322 1440 
f 2397 4265 2399 
f 2399 323 2397 
f 2399 4264 2394 
f 2394 323 2399 
f 2394 3385 1343 
f 1343 323 2394 
f 1343 3386 2397 
f 2397 323 1343 
f 2400 4266 2402 
f 2402 324 2400 
f 2402 4265 2397 
f 2397 324 2402 
f 2397 3386 1345 
f 1345 324 2397 
f 1345 3387 2400 
f 2400 324 1345 
f 2406 4268 2408 
f 2408 325 2406 
f 2408 4267 2403 
f 2403 325 2408 
f 2403 3467 1494 
f 1494 325 2403 
f 1494 3388 2406 
f 2406 325 1494 
f 2409 4269 2411 
f 2411 326 2409 
f 2411 4268 2406 
f 2406 326 2411 
f 2406 3388 1480 
f 1480 326 2406 
f 1480 3462 2409 
f 2409 326 1480 
f 2415 4271 2418 
f 2418 327 2415 
f 2418 4270 2412 
f 2412 327 2418 
f 2412 3389 1348 
f 1348 327 2412 
f 1348 3379 2415 
f 2415 327 1348 
f 1350 3359 2216 
f 2216 328 1350 
f 2216 4195 2217 
f 2217 328 2216 
f 2217 4194 2214 
f 2214 328 2217 
f 2214 3392 1350 
f 1350 328 2214 
f 1351 3360 2238 
f 2238 329 1351 
f 2238 4202 2239 
f 2239 329 2238 
f 2239 4201 2236 
f 2236 329 2239 
f 2236 3393 1351 
f 1351 329 2236 
f 1352 3361 2228 
f 2228 330 1352 
f 2228 4199 2229 
f 2229 330 2228 
f 2229 3454 1461 
f 1461 330 2229 
f 1461 3394 1352 
f 1352 330 1461 
f 1353 3362 1311 
f 1311 331 1353 
f 1311 3361 1352 
f 1352 331 1311 
f 1352 3394 1354 
f 1354 331 1352 
f 1354 3395 1353 
f 1353 331 1354 
f 2232 4200 2233 
f 2233 332 2232 
f 2233 3447 1443 
f 1443 332 2233 
f 1443 3396 1355 
f 1355 332 1443 
f 1355 3363 2232 
f 2232 332 1355 
f 1356 3364 1314 
f 1314 333 1356 
f 1314 3363 1355 
f 1355 333 1314 
f 1355 3396 1357 
f 1357 333 1355 
f 1357 3397 1356 
f 1356 333 1357 
f 1358 3365 1316 
f 1316 334 1358 
f 1316 3364 1356 
f 1356 334 1316 
f 1356 3397 1359 
f 1359 334 1356 
f 1359 3398 1358 
f 1358 334 1359 
f 1360 3366 2266 
f 2266 335 1360 
f 2266 4212 2267 
f 2267 335 2266 
f 2267 4211 2264 
f 2264 335 2267 
f 2264 3399 1360 
f 1360 335 2264 
f 2339 3367 2341 
f 2341 336 2339 
f 2341 4249 2355 
f 2355 336 2341 
f 2354 336 2355 
f 2354 4248 2339 
f 2339 336 2354 
f 2323 4235 2317 
f 2317 337 2323 
f 2317 3425 1393 
f 1393 337 2317 
f 1393 3401 2320 
f 2320 337 1393 
f 2320 4236 2323 
f 2323 337 2320 
f 1395 3427 2332 
f 2332 338 1395 
f 2332 4242 2333 
f 2333 338 2332 
f 2333 3458 1471 
f 1471 338 2333 
f 1471 3403 1395 
f 1395 338 1471 
f 1396 3428 1397 
f 1397 339 1396 
f 1397 3427 1395 
f 1395 339 1397 
f 1395 3403 1362 
f 1362 339 1395 
f 1362 3404 1396 
f 1396 339 1362 
f 2337 4244 2335 
f 2335 340 2337 
f 2335 3428 1396 
f 1396 340 2335 
f 1396 3404 1473 
f 1473 340 1396 
f 1473 3459 2337 
f 2337 340 1473 
f 1399 3430 1400 
f 1400 341 1399 
f 1400 3429 1398 
f 1398 341 1400 
f 1398 3405 1363 
f 1363 341 1398 
f 1363 3406 1399 
f 1399 341 1363 
f 1401 3431 1402 
f 1402 342 1401 
f 1402 3430 1399 
f 1399 342 1402 
f 1399 3406 1364 
f 1364 342 1399 
f 1364 3407 1401 
f 1401 342 1364 
f 1403 3432 2328 
f 2328 343 1403 
f 2328 4238 2329 
f 2329 343 2328 
f 2329 4237 2325 
f 2325 343 2329 
f 2325 3408 1403 
f 1403 343 2325 
f 1404 3433 1405 
f 1405 344 1404 
f 1405 3432 1403 
f 1403 344 1405 
f 1403 3408 1365 
f 1365 344 1403 
f 1365 3409 1404 
f 1404 344 1365 
f 1391 3423 2299 
f 2299 345 1391 
f 2299 4222 2301 
f 2301 345 2299 
f 2301 4221 2297 
f 2297 345 2301 
f 2297 3410 1391 
f 1391 345 2297 
f 1392 3424 2307 
f 2307 346 1392 
f 2307 4225 2308 
f 2308 346 2307 
f 2308 4224 2304 
f 2304 346 2308 
f 2304 3411 1392 
f 1392 346 2304 
f 1393 3425 2314 
f 2314 347 1393 
f 2314 4230 2315 
f 2315 347 2314 
f 2315 4229 2310 
f 2310 347 2315 
f 2310 3401 1393 
f 1393 347 2310 
f 1369 3411 2304 
f 2304 348 1369 
f 2304 4224 2305 
f 2305 348 2304 
f 2305 4217 2281 
f 2281 348 2305 
f 2281 3413 1369 
f 1369 348 2281 
f 1371 3401 2310 
f 2310 349 1371 
f 2310 4229 2312 
f 2312 349 2310 
f 2312 4198 2225 
f 2225 349 2312 
f 2225 3414 1371 
f 1371 349 2225 
f 2320 3401 1371 
f 1371 350 2320 
f 1371 3414 2246 
f 2246 350 1371 
f 2246 4205 2322 
f 2322 350 2246 
f 2322 4236 2320 
f 2320 350 2322 
f 1375 3403 1471 
f 1471 351 1375 
f 1471 3458 1472 
f 1472 351 1471 
f 1472 3457 1468 
f 1468 351 1472 
f 1468 3416 1375 
f 1375 351 1468 
f 1377 3404 1362 
f 1362 352 1377 
f 1362 3403 1375 
f 1375 352 1362 
f 1375 3416 1378 
f 1378 352 1375 
f 1378 3417 1377 
f 1377 352 1378 
f 1473 3404 1377 
f 1377 353 1473 
f 1377 3417 1449 
f 1449 353 1377 
f 1449 3450 1475 
f 1475 353 1449 
f 1475 3459 1473 
f 1473 353 1475 
f 1382 3406 1363 
f 1363 354 1382 
f 1363 3405 1380 
f 1380 354 1363 
f 1380 3418 1383 
f 1383 354 1380 
f 1383 3419 1382 
f 1382 354 1383 
f 1385 3407 1364 
f 1364 355 1385 
f 1364 3406 1382 
f 1382 355 1364 
f 1382 3419 1386 
f 1386 355 1382 
f 1386 3420 1385 
f 1385 355 1386 
f 1388 3408 2325 
f 2325 356 1388 
f 2325 4237 2326 
f 2326 356 2325 
f 2326 4215 2275 
f 2275 356 2326 
f 2275 3421 1388 
f 1388 356 2275 
f 1367 3410 2297 
f 2297 357 1367 
f 2297 4221 2298 
f 2298 357 2297 
f 2298 3422 1390 
f 1390 357 2298 
f 1390 3412 1367 
f 1367 357 1390 
f 1705 3990 358 
f 3990 4226 2309 
f 2309 358 3990 
f 2309 4225 2307 
f 2307 358 2309 
f 2307 3424 1705 
f 1705 358 2307 
f 1706 3991 359 
f 3991 4231 2316 
f 2316 359 3991 
f 2316 4230 2314 
f 2314 359 2316 
f 2314 3425 1706 
f 1706 359 2314 
f 2319 4234 360 
f 4234 3991 1706 
f 1706 360 4234 
f 1706 3425 2317 
f 2317 360 1706 
f 2317 4235 2319 
f 2319 360 2317 
f 1708 3993 361 
f 3993 4243 2334 
f 2334 361 3993 
f 2334 4242 2332 
f 2332 361 2334 
f 2332 3427 1708 
f 1708 361 2332 
f 1709 3994 362 
f 3994 3993 1708 
f 1708 362 3994 
f 1708 3427 1397 
f 1397 362 1708 
f 1397 3428 1709 
f 1709 362 1397 
f 1710 3995 363 
f 3995 4245 2338 
f 2338 363 3995 
f 2338 4244 2336 
f 2336 363 2338 
f 2336 3429 1710 
f 1710 363 2336 
f 1711 3996 364 
f 3996 3995 1710 
f 1710 364 3996 
f 1710 3429 1400 
f 1400 364 1710 
f 1400 3430 1711 
f 1711 364 1400 
f 1712 3997 365 
f 3997 3996 1711 
f 1711 365 3997 
f 1711 3430 1402 
f 1402 365 1711 
f 1402 3431 1712 
f 1712 365 1402 
f 1713 3998 366 
f 3998 4239 2330 
f 2330 366 3998 
f 2330 4238 2328 
f 2328 366 2330 
f 2328 3432 1713 
f 1713 366 2328 
f 1714 3999 367 
f 3999 3998 1713 
f 1713 367 3999 
f 1713 3432 1405 
f 1405 367 1713 
f 1405 3433 1714 
f 1714 367 1405 
f 1704 3989 368 
f 3989 4223 2302 
f 2302 368 3989 
f 2302 4222 2299 
f 2299 368 2302 
f 2299 3423 1704 
f 1704 368 2299 
f 2344 3367 1318 
f 1318 369 2344 
f 1318 3357 2346 
f 2346 369 1318 
f 2346 4251 2347 
f 2347 369 2346 
f 2347 4250 2344 
f 2344 369 2347 
f 2339 4248 2352 
f 2352 370 2339 
f 2352 4253 2350 
f 2350 370 2352 
f 2350 3357 1318 
f 1318 370 2350 
f 1318 3367 2339 
f 2339 370 1318 
f 2363 371 2364 
f 2363 4252 2348 
f 2348 371 2363 
f 2348 3357 2350 
f 2350 371 2348 
f 2350 4253 2364 
f 2364 371 2350 
f 2346 3357 2348 
f 2348 372 2346 
f 2348 4252 2361 
f 2361 372 2348 
f 2360 372 2361 
f 2360 4251 2346 
f 2346 372 2360 
f 2279 4216 2277 
f 2277 373 2279 
f 2277 3087 1291 
f 1291 373 2277 
f 1291 3346 1476 
f 1476 373 1291 
f 1476 3460 2279 
f 2279 373 1476 
f 2028 4129 2030 
f 2030 374 2028 
f 2030 3434 1406 
f 1406 374 2030 
f 1406 3343 1286 
f 1286 374 1406 
f 1286 3241 2028 
f 2028 374 1286 
f 1409 3222 1285 
f 1285 375 1409 
f 1285 3343 1406 
f 1406 375 1285 
f 1406 3434 1410 
f 1410 375 1406 
f 1410 3435 1409 
f 1409 375 1410 
f 1098 3222 1409 
f 1409 376 1098 
f 1409 3435 1413 
f 1413 376 1409 
f 1413 3436 1411 
f 1411 376 1413 
f 1411 3231 1098 
f 1098 376 1411 
f 1414 3369 1320 
f 1320 377 1414 
f 1320 3231 1411 
f 1411 377 1320 
f 1411 3436 1416 
f 1416 377 1411 
f 1416 3437 1414 
f 1414 377 1416 
f 1417 3380 1335 
f 1335 378 1417 
f 1335 3369 1414 
f 1414 378 1335 
f 1414 3437 1419 
f 1419 378 1414 
f 1419 3438 1417 
f 1417 378 1419 
f 2381 4258 2376 
f 2376 379 2381 
f 2376 3439 1421 
f 1421 379 2376 
f 1421 3382 2379 
f 2379 379 1421 
f 2379 4259 2381 
f 2381 379 2379 
f 1337 3382 1421 
f 1421 380 1337 
f 1421 3439 1424 
f 1424 380 1421 
f 1424 3440 1423 
f 1423 380 1424 
f 1423 3371 1337 
f 1337 380 1423 
f 1322 3371 1423 
f 1423 381 1322 
f 1423 3440 1427 
f 1427 381 1423 
f 1427 3441 1426 
f 1426 381 1427 
f 1426 3233 1322 
f 1322 381 1426 
f 1100 3233 1426 
f 1426 382 1100 
f 1426 3441 1430 
f 1430 382 1426 
f 1430 3442 1429 
f 1429 382 1430 
f 1429 3221 1100 
f 1100 382 1429 
f 1432 3345 1289 
f 1289 383 1432 
f 1289 3221 1429 
f 1429 383 1289 
f 1429 3442 1433 
f 1433 383 1429 
f 1433 3443 1432 
f 1432 383 1433 
f 1439 3384 1339 
f 1339 384 1439 
f 1339 3373 1436 
f 1436 384 1339 
f 1436 3445 1441 
f 1441 384 1436 
f 1441 3446 1439 
f 1439 384 1441 
f 2393 4262 2388 
f 2388 385 2393 
f 2388 3384 1439 
f 1439 385 2388 
f 1439 3446 2391 
f 2391 385 1439 
f 2391 4263 2393 
f 2393 385 2391 
f 2233 4200 2231 
f 2231 386 2233 
f 2231 3362 1353 
f 1353 386 2231 
f 1353 3395 1442 
f 1442 386 1353 
f 1442 3447 2233 
f 2233 386 1442 
f 1446 3086 1296 
f 1296 387 1446 
f 1296 3351 1444 
f 1444 387 1296 
f 1444 3448 1448 
f 1448 387 1444 
f 1448 3449 1446 
f 1446 387 1448 
f 1449 3417 1376 
f 1376 388 1449 
f 1376 3086 1446 
f 1446 388 1376 
f 1446 3449 1451 
f 1451 388 1446 
f 1451 3450 1449 
f 1449 388 1451 
f 2135 4168 2137 
f 2137 389 2135 
f 2137 3451 1452 
f 1452 389 2137 
f 1452 3233 1100 
f 1100 389 1452 
f 1100 3221 2135 
f 2135 389 1100 
f 1454 3371 1322 
f 1322 390 1454 
f 1322 3233 1452 
f 1452 390 1322 
f 1452 3451 1456 
f 1456 390 1452 
f 1456 3452 1454 
f 1454 390 1456 
f 1457 3382 1337 
f 1337 391 1457 
f 1337 3371 1454 
f 1454 391 1337 
f 1454 3452 1459 
f 1459 391 1454 
f 1459 3453 1457 
f 1457 391 1459 
f 2384 4259 2379 
f 2379 392 2384 
f 2379 3382 1457 
f 1457 392 2379 
f 1457 3453 2382 
f 2382 392 1457 
f 2382 4260 2384 
f 2384 392 2382 
f 1464 3111 1294 
f 1294 393 1464 
f 1294 3349 1462 
f 1462 393 1294 
f 1462 3455 1466 
f 1466 393 1462 
f 1466 3456 1464 
f 1464 393 1466 
f 1467 3415 1372 
f 1372 394 1467 
f 1372 3111 1464 
f 1464 394 1372 
f 1464 3456 1469 
f 1469 394 1464 
f 1469 3457 1467 
f 1467 394 1469 
f 1470 3402 1373 
f 1373 395 1470 
f 1373 3415 1467 
f 1467 395 1373 
f 1467 3457 1472 
f 1472 395 1467 
f 1472 3458 1470 
f 1470 395 1472 
f 2336 4244 2337 
f 2337 396 2336 
f 2337 3459 1474 
f 1474 396 2337 
f 1474 3405 1398 
f 1398 396 1474 
f 1398 3429 2336 
f 2336 396 1398 
f 1380 3405 1474 
f 1474 397 1380 
f 1474 3459 1475 
f 1475 397 1474 
f 1475 3450 1450 
f 1450 397 1475 
f 1450 3418 1380 
f 1380 397 1450 
f 1309 3350 1463 
f 1463 398 1309 
f 1463 3455 2230 
f 2230 398 1463 
f 2230 4199 2228 
f 2228 398 2230 
f 2228 3361 1309 
f 1309 398 2228 
f 1347 3389 1481 
f 1481 399 1347 
f 1481 3462 1484 
f 1484 399 1481 
f 1484 3463 1483 
f 1483 399 1484 
f 1483 3378 1347 
f 1347 399 1483 
f 1332 3378 1483 
f 1483 400 1332 
f 1483 3463 1487 
f 1487 400 1483 
f 1487 3464 1486 
f 1486 400 1487 
f 1486 3239 1332 
f 1332 400 1486 
f 1490 3376 1329 
f 1329 401 1490 
f 1329 3237 1488 
f 1488 401 1329 
f 1488 3465 1492 
f 1492 401 1488 
f 1492 3466 1490 
f 1490 401 1492 
f 1493 3387 1344 
f 1344 402 1493 
f 1344 3376 1490 
f 1490 402 1344 
f 1490 3466 1495 
f 1495 402 1490 
f 1495 3467 1493 
f 1493 402 1495 
f 2414 4269 2409 
f 2409 403 2414 
f 2409 3462 1481 
f 1481 403 2409 
f 1481 3389 2412 
f 2412 403 1481 
f 2412 4270 2414 
f 2414 403 2412 
f 1496 3468 1501 
f 1501 404 1496 
f 1501 3469 1500 
f 1500 404 1501 
f 1500 3340 1278 
f 1278 404 1500 
f 1278 3225 1496 
f 1496 404 1278 
f 1500 3469 1504 
f 1504 405 1500 
f 1504 3470 1503 
f 1503 405 1504 
f 1503 3247 1279 
f 1279 405 1503 
f 1279 3340 1500 
f 1500 405 1279 
f 1507 3062 1118 
f 1118 406 1507 
f 1118 3247 1503 
f 1503 406 1118 
f 1503 3470 1508 
f 1508 406 1503 
f 1508 3471 1507 
f 1507 406 1508 
f 928 2784 989 
f 989 407 928 
f 989 3062 1507 
f 1507 407 989 
f 1507 3471 1505 
f 1505 407 1507 
f 1505 2798 928 
f 928 407 1505 
f 1509 3224 1108 
f 1108 408 1509 
f 1108 3239 1486 
f 1486 408 1108 
f 1486 3464 1511 
f 1511 408 1486 
f 1511 3472 1509 
f 1509 408 1511 
f 1509 3472 1514 
f 1514 409 1509 
f 1514 3473 1513 
f 1513 409 1514 
f 1513 3341 1280 
f 1280 409 1513 
f 1280 3224 1509 
f 1509 409 1280 
f 1513 3473 1517 
f 1517 410 1513 
f 1517 3474 1516 
f 1516 410 1517 
f 1516 3248 1281 
f 1281 410 1516 
f 1281 3341 1513 
f 1513 410 1281 
f 1119 3248 1516 
f 1516 411 1119 
f 1516 3474 1520 
f 1520 411 1516 
f 1520 3475 1519 
f 1519 411 1520 
f 1519 3207 1119 
f 1119 411 1519 
f 1519 3475 2722 
f 2722 412 1519 
f 2722 4389 2724 
f 2724 412 2722 
f 2724 4388 2719 
f 2719 412 2724 
f 2719 3207 1519 
f 1519 412 2719 
f 1522 3476 1527 
f 1527 413 1522 
f 1526 413 1527 
f 1526 3210 1085 
f 1085 413 1526 
f 1085 3212 1522 
f 1522 413 1085 
f 929 2789 1021 
f 1021 414 929 
f 1021 3136 1524 
f 1524 414 1021 
f 1524 3477 1523 
f 1523 414 1524 
f 1523 2799 929 
f 929 414 1523 
f 1528 3477 1524 
f 1524 415 1528 
f 1524 3136 1082 
f 1082 415 1524 
f 1082 3210 1526 
f 1526 415 1082 
f 1528 415 1526 
f 3498 3499 3489 
f 3489 3500 3498 
f 3499 3501 3490 
f 3490 3489 3499 
f 3501 3502 3491 
f 3491 3490 3501 
f 3491 3502 3503 
f 3503 3492 3491 
f 3503 3504 3505 
f 3505 3492 3503 
f 3500 3489 3493 
f 3493 3506 3500 
f 3489 3490 3494 
f 3494 3493 3489 
f 3490 3491 3495 
f 3495 3494 3490 
f 3491 3492 3496 
f 3496 3495 3491 
f 3492 3505 3507 
f 3507 3496 3492 
f 3508 3506 3493 
f 3493 3497 3508 
f 3497 3493 3494 
f 3494 3509 3497 
f 3494 3495 3510 
f 3510 3509 3494 
f 3495 3496 3511 
f 3511 3510 3495 
f 3496 3507 3512 
f 3512 3511 3496 
f 3514 3508 3497 
f 3497 3513 3514 
f 3497 3509 3515 
f 3515 3513 3497 
f 3516 3522 3523 
f 3523 3517 3516 
f 3518 3524 3522 
f 3522 3516 3518 
f 3519 3525 3526 
f 3526 3520 3519 
f 3517 3523 3525 
f 3525 3519 3517 
f 2800 2801 3527 
f 3527 3521 2800 
f 3521 3527 3524 
f 3524 3518 3521 
f 3522 3528 3529 
f 3529 3523 3522 
f 3524 3530 3528 
f 3528 3522 3524 
f 3525 3531 3532 
f 3532 3526 3525 
f 3523 3529 3531 
f 3531 3525 3523 
f 2801 2802 3533 
f 3533 3527 2801 
f 3527 3533 3530 
f 3530 3524 3527 
f 3528 3534 3535 
f 3535 3529 3528 
f 3530 3536 3534 
f 3534 3528 3530 
f 3531 3537 3538 
f 3538 3532 3531 
f 3529 3535 3537 
f 3537 3531 3529 
f 2802 2803 3539 
f 3539 3533 2802 
f 3533 3539 3536 
f 3536 3530 3533 
f 3534 3540 3541 
f 3541 3535 3534 
f 3536 3542 3540 
f 3540 3534 3536 
f 3537 3543 3544 
f 3544 3538 3537 
f 3535 3541 3543 
f 3543 3537 3535 
f 2803 2804 3545 
f 3545 3539 2803 
f 3539 3545 3542 
f 3542 3536 3539 
f 3532 3557 3556 
f 3556 3526 3532 
f 3538 3558 3557 
f 3557 3532 3538 
f 3544 3559 3558 
f 3558 3538 3544 
f 3546 3555 3554 
f 3554 3547 3546 
f 3526 3556 3555 
f 3555 3546 3526 
f 3547 3554 3485 
f 3485 3512 3547 
f 2810 3574 3573 
f 3573 2805 2810 
f 3574 2810 2809 
f 2809 3575 3574 
f 2808 3576 3575 
f 3575 2809 2808 
f 3576 2808 2807 
f 2807 3577 3576 
f 2806 3578 3577 
f 3577 2807 2806 
f 2816 3579 3578 
f 3578 2806 2816 
f 3555 3552 3553 
f 3553 3554 3555 
f 3556 3548 3552 
f 3552 3555 3556 
f 3557 3549 3548 
f 3548 3556 3557 
f 3558 3550 3549 
f 3549 3557 3558 
f 3559 3551 3550 
f 3550 3558 3559 
f 3606 3568 3567 
f 3567 3607 3606 
f 3568 3606 3605 
f 3605 3569 3568 
f 3604 3570 3569 
f 3569 3605 3604 
f 3570 3604 3603 
f 3603 3571 3570 
f 3602 3572 3571 
f 3571 3603 3602 
f 3601 3484 3572 
f 3572 3602 3601 
f 3568 3550 3551 
f 3551 3567 3568 
f 3550 3568 3569 
f 3569 3549 3550 
f 3570 3548 3549 
f 3549 3569 3570 
f 3548 3570 3571 
f 3571 3552 3548 
f 3572 3553 3552 
f 3552 3571 3572 
f 3599 3561 3560 
f 3560 3600 3599 
f 3561 3599 3598 
f 3598 3562 3561 
f 3597 3563 3562 
f 3562 3598 3597 
f 3563 3597 3596 
f 3596 3564 3563 
f 3595 3565 3564 
f 3564 3596 3595 
f 3594 3566 3565 
f 3565 3595 3594 
f 2804 2811 3584 
f 3584 3545 2804 
f 3585 3584 2811 
f 2811 2812 3585 
f 3586 3585 2812 
f 2812 2813 3586 
f 3587 3586 2813 
f 2813 2814 3587 
f 3588 3587 2814 
f 2814 2815 3588 
f 3573 3588 2815 
f 2815 2805 3573 
f 3542 3580 3589 
f 3589 3540 3542 
f 3590 3589 3580 
f 3580 3581 3590 
f 3591 3590 3581 
f 3581 3582 3591 
f 3592 3591 3582 
f 3582 3583 3592 
f 3545 3584 3580 
f 3580 3542 3545 
f 3581 3580 3584 
f 3584 3585 3581 
f 3582 3581 3585 
f 3585 3586 3582 
f 3583 3582 3586 
f 3586 3587 3583 
f 3608 3583 3587 
f 3587 3588 3608 
f 3608 3588 3573 
f 3573 3600 3608 
f 3540 3589 3543 
f 3543 3541 3540 
f 3544 3543 3589 
f 3589 3590 3544 
f 3559 3544 3590 
f 3590 3591 3559 
f 3551 3559 3591 
f 3591 3592 3551 
f 3567 3551 3592 
f 3592 3593 3567 
f 3579 3594 3595 
f 3595 3578 3579 
f 3578 3595 3596 
f 3596 3577 3578 
f 3597 3576 3577 
f 3577 3596 3597 
f 3576 3597 3598 
f 3598 3575 3576 
f 3599 3574 3575 
f 3575 3598 3599 
f 3574 3599 3600 
f 3600 3573 3574 
f 3566 3601 3602 
f 3602 3565 3566 
f 3565 3602 3603 
f 3603 3564 3565 
f 3604 3563 3564 
f 3564 3603 3604 
f 3563 3604 3605 
f 3605 3562 3563 
f 3606 3561 3562 
f 3562 3605 3606 
f 3561 3606 3607 
f 3607 3560 3561 
f 3608 3593 3592 
f 3592 3583 3608 
f 3560 3593 3608 
f 3608 3600 3560 
f 3560 3607 3567 
f 3567 3593 3560 
f 3624 3641 3640 
f 3640 3625 3624 
f 3626 3642 3641 
f 3641 3624 3626 
f 3627 3643 3642 
f 3642 3626 3627 
f 3628 3644 3643 
f 3643 3627 3628 
f 3629 3645 3644 
f 3644 3628 3629 
f 2820 2823 3645 
f 3645 3629 2820 
f 3625 3640 3639 
f 3639 3630 3625 
f 3638 3631 3630 
f 3630 3639 3638 
f 3637 3632 3631 
f 3631 3638 3637 
f 3636 3633 3632 
f 3632 3637 3636 
f 3635 3634 3633 
f 3633 3636 3635 
f 2822 2821 3634 
f 3634 3635 2822 
f 3617 3621 3620 
f 3620 3616 3617 
f 3618 3622 3621 
f 3621 3617 3618 
f 3619 3623 3622 
f 3622 3618 3619 
f 2818 2819 3623 
f 3623 3619 2818 
f 3610 3609 3620 
f 3620 3611 3610 
f 3621 3612 3611 
f 3611 3620 3621 
f 3622 3613 3612 
f 3612 3621 3622 
f 3623 3614 3613 
f 3613 3622 3623 
f 2819 2817 3614 
f 3614 3623 2819 
f 3615 3616 3620 
f 3620 3609 3615 
f 2817 2822 3635 
f 3635 3614 2817 
f 3614 3635 3636 
f 3636 3613 3614 
f 3613 3636 3637 
f 3637 3612 3613 
f 3612 3637 3638 
f 3638 3611 3612 
f 3611 3638 3639 
f 3639 3610 3611 
f 3640 3609 3610 
f 3610 3639 3640 
f 3641 3615 3609 
f 3609 3640 3641 
f 3642 3616 3615 
f 3615 3641 3642 
f 3643 3617 3616 
f 3616 3642 3643 
f 3644 3618 3617 
f 3617 3643 3644 
f 3645 3619 3618 
f 3618 3644 3645 
f 2823 2818 3619 
f 3619 3645 2823 
f 3673 3646 3647 
f 3647 3674 3673 
f 3674 3647 3648 
f 3648 3675 3674 
f 3675 3648 3649 
f 3649 3676 3675 
f 3676 3649 3650 
f 3650 3677 3676 
f 3677 3650 3651 
f 3651 3678 3677 
f 3678 3651 2824 
f 2824 2826 3678 
f 3672 3652 3646 
f 3646 3673 3672 
f 3671 3653 3652 
f 3652 3672 3671 
f 3670 3654 3653 
f 3653 3671 3670 
f 3669 3655 3654 
f 3654 3670 3669 
f 3668 4285 3655 
f 3655 3669 3668 
f 2821 4833 3657 
f 3657 3634 2821 
f 3634 3657 3658 
f 3658 3633 3634 
f 3633 3658 3659 
f 3659 3632 3633 
f 3632 3659 3660 
f 3660 3631 3632 
f 3631 3660 3661 
f 3661 3630 3631 
f 3630 3661 3662 
f 3662 3625 3630 
f 3625 3662 3663 
f 3663 3624 3625 
f 3624 3663 3664 
f 3664 3626 3624 
f 3626 3664 3665 
f 3665 3627 3626 
f 3627 3665 3666 
f 3666 3628 3627 
f 3628 3666 3667 
f 3667 3629 3628 
f 3629 3667 2825 
f 2825 2820 3629 
f 3668 3657 4833 
f 3657 3668 3669 
f 3669 3658 3657 
f 3658 3669 3670 
f 3670 3659 3658 
f 3659 3670 3671 
f 3671 3660 3659 
f 3660 3671 3672 
f 3672 3661 3660 
f 3661 3672 3673 
f 3673 3662 3661 
f 3662 3673 3674 
f 3674 3663 3662 
f 3663 3674 3675 
f 3675 3664 3663 
f 3664 3675 3676 
f 3676 3665 3664 
f 3665 3676 3677 
f 3677 3666 3665 
f 3666 3677 3678 
f 3678 3667 3666 
f 3667 3678 2826 
f 2826 2825 3667 
f 3646 3679 3680 
f 3680 3647 3646 
f 3647 3680 3681 
f 3681 3648 3647 
f 3648 3681 3682 
f 3682 3649 3648 
f 3649 3682 3683 
f 3683 3650 3649 
f 3650 3683 3684 
f 3684 3651 3650 
f 3651 3684 2827 
f 2827 2824 3651 
f 3652 3685 3679 
f 3679 3646 3652 
f 3653 3686 3685 
f 3685 3652 3653 
f 3654 3687 3686 
f 3686 3653 3654 
f 3679 3688 3689 
f 3689 3680 3679 
f 3680 3689 3690 
f 3690 3681 3680 
f 3681 3690 3691 
f 3691 3682 3681 
f 3682 3691 3692 
f 3692 3683 3682 
f 3683 3692 1531 
f 1531 416 3683 
f 1531 3693 1530 
f 1530 416 1531 
f 1530 3684 416 
f 3684 3683 416 
f 1530 3693 1529 
f 1529 417 1530 
f 1529 2828 931 
f 931 417 1529 
f 931 2827 417 
f 2827 3684 1530 
f 1530 417 2827 
f 3685 3694 3688 
f 3688 3679 3685 
f 3686 3695 3694 
f 3694 3685 3686 
f 3687 3696 3695 
f 3695 3686 3687 
f 3688 3697 3698 
f 3698 3689 3688 
f 3689 3698 3699 
f 3699 3690 3689 
f 3690 3699 3700 
f 3700 3691 3690 
f 3691 3700 1533 
f 1533 418 3691 
f 1533 3701 1532 
f 1532 418 1533 
f 1532 3692 418 
f 3692 3691 418 
f 1532 3701 1536 
f 1536 419 1532 
f 1536 3702 1535 
f 1535 419 1536 
f 1535 3693 1531 
f 1531 419 1535 
f 1531 3692 1532 
f 1532 419 1531 
f 1535 3702 1534 
f 1534 420 1535 
f 1534 2829 932 
f 932 420 1534 
f 932 2828 1529 
f 1529 420 932 
f 1529 3693 1535 
f 1535 420 1529 
f 3694 3703 3697 
f 3697 3688 3694 
f 3695 3704 3703 
f 3703 3694 3695 
f 3696 3705 3704 
f 3704 3695 3696 
f 3697 3514 3706 
f 3706 3698 3697 
f 3698 3706 3707 
f 3707 3699 3698 
f 3699 3707 3708 
f 3708 3700 3699 
f 3700 3708 1538 
f 1538 421 3700 
f 1538 3709 1537 
f 1537 421 1538 
f 1537 3701 1533 
f 1533 421 1537 
f 1533 3700 421 
f 1537 3709 1541 
f 1541 422 1537 
f 1541 3710 1540 
f 1540 422 1541 
f 1540 3702 1536 
f 1536 422 1540 
f 1536 3701 1537 
f 1537 422 1536 
f 1540 3710 1539 
f 1539 423 1540 
f 1539 2830 933 
f 933 423 1539 
f 933 2829 1534 
f 1534 423 933 
f 1534 3702 1540 
f 1540 423 1534 
f 3703 3711 3514 
f 3514 3697 3703 
f 3704 3712 3711 
f 3711 3703 3704 
f 3705 3713 3712 
f 3712 3704 3705 
f 3725 3778 3785 
f 3785 3786 3725 
f 3756 3755 3754 
f 3754 3726 3756 
f 3781 2831 2833 
f 2833 3741 3781 
f 3727 3731 3716 
f 3716 3730 3727 
f 3729 3728 3715 
f 3715 3714 3729 
f 3714 3716 3731 
f 3731 3729 3714 
f 3802 3803 3731 
f 3731 3727 3802 
f 3804 3805 3728 
f 3728 3729 3804 
f 3803 3804 3729 
f 3729 3731 3803 
f 3786 3787 3736 
f 3736 3725 3786 
f 3734 3738 3737 
f 3737 3733 3734 
f 3739 3740 3735 
f 3735 3732 3739 
f 3734 3735 3740 
f 3740 3738 3734 
f 3782 3736 3787 
f 3787 3791 3782 
f 3745 3718 3717 
f 3717 3742 3745 
f 3719 3743 3744 
f 3744 3727 3730 
f 3743 3719 3718 
f 3718 3745 3743 
f 3750 3749 3746 
f 3746 3751 3750 
f 3744 3743 3800 
f 3800 3801 3744 
f 3727 3744 3801 
f 3801 3802 3727 
f 3749 3750 3748 
f 3748 3747 3749 
f 3732 3748 3750 
f 3750 3739 3732 
f 3751 3780 3781 
f 3781 3789 3751 
f 3798 3799 3745 
f 3745 3742 3798 
f 3743 3745 3799 
f 3799 3800 3743 
f 3754 3755 3753 
f 3753 3752 3754 
f 3747 3753 3755 
f 3755 3749 3747 
f 3749 3755 3756 
f 3756 3746 3749 
f 3766 3794 3499 
f 3499 3498 3766 
f 3759 3742 3717 
f 3717 3720 3759 
f 3721 3724 3759 
f 3759 3720 3721 
f 3742 3759 3797 
f 3797 3798 3742 
f 3797 3759 3724 
f 3724 3796 3797 
f 3726 3754 3764 
f 3764 3763 3726 
f 3761 3764 3754 
f 3754 3752 3761 
f 3762 3794 3766 
f 3766 4287 3762 
f 3763 3764 3766 
f 3766 3498 3763 
f 3769 3723 3715 
f 3715 3728 3769 
f 3768 3721 3722 
f 3722 3767 3768 
f 3758 3724 3721 
f 3721 3768 3758 
f 3767 3722 3723 
f 3723 3769 3767 
f 3783 3784 3770 
f 3770 3775 3783 
f 3807 3808 3768 
f 3768 3767 3807 
f 3808 3809 3758 
f 3758 3768 3808 
f 3771 3773 3774 
f 3774 3772 3771 
f 3772 3774 3765 
f 3765 3760 3772 
f 3795 3765 3774 
f 3774 3783 3795 
f 3805 3806 3769 
f 3769 3728 3805 
f 3806 3807 3767 
f 3767 3769 3806 
f 3777 3776 3733 
f 3733 3737 3777 
f 3773 3771 3776 
f 3776 3777 3773 
f 3784 3785 3778 
f 3778 3770 3784 
f 3872 3871 3790 
f 3790 3779 3872 
f 3779 3790 3812 
f 3812 3811 3779 
f 2834 3779 3811 
f 3811 2837 2834 
f 2844 3872 3779 
f 3779 2834 2844 
f 2831 3781 3780 
f 3780 2835 2831 
f 3781 3741 3788 
f 3788 3789 3781 
f 3791 2836 2832 
f 2832 3782 3791 
f 3783 3774 3773 
f 3773 3784 3783 
f 3784 3773 3777 
f 3777 3785 3784 
f 3785 3777 3737 
f 3737 3786 3785 
f 3786 3737 3738 
f 3738 3787 3786 
f 3738 3740 3788 
f 3788 3787 3738 
f 3789 3788 3740 
f 3740 3739 3789 
f 3739 3750 3751 
f 3751 3789 3739 
f 3791 3787 3788 
f 3788 3741 3791 
f 3791 3741 2833 
f 2833 2836 3791 
f 3730 3716 3719 
f 3796 3724 3758 
f 3758 3858 3796 
f 3809 3861 3858 
f 3858 3758 3809 
f 3864 3863 3765 
f 3765 3795 3864 
f 3860 3810 3792 
f 3792 3866 3860 
f 3866 3792 3504 
f 3504 3503 3866 
f 3775 3757 3795 
f 3795 3783 3775 
f 3795 3757 3865 
f 3865 3864 3795 
f 3796 3858 3762 
f 3762 4287 3796 
f 3798 3797 3761 
f 3761 3752 3798 
f 3752 3753 3799 
f 3799 3798 3752 
f 3800 3799 3753 
f 3753 3747 3800 
f 3801 3800 3747 
f 3747 3748 3801 
f 3802 3801 3748 
f 3748 3732 3802 
f 3803 3802 3732 
f 3732 3735 3803 
f 3804 3803 3735 
f 3735 3734 3804 
f 3805 3804 3734 
f 3734 3733 3805 
f 3733 3776 3806 
f 3806 3805 3733 
f 3807 3806 3776 
f 3776 3771 3807 
f 3771 3772 3808 
f 3808 3807 3771 
f 3809 3808 3772 
f 3772 3760 3809 
f 3760 3862 3861 
f 3861 3809 3760 
f 3765 3863 3862 
f 3862 3760 3765 
f 3857 3790 3871 
f 3871 3870 3857 
f 3816 3828 3811 
f 3811 3812 3816 
f 3813 3817 3816 
f 3816 3812 3813 
f 3827 3817 3813 
f 3813 3705 3827 
f 3687 4284 3818 
f 3818 3696 3687 
f 3819 4283 3654 
f 3654 3655 3819 
f 3655 4285 3656 
f 3656 3819 3655 
f 3820 3829 3839 
f 3839 3838 3820 
f 3837 3821 3820 
f 3820 3838 3837 
f 3836 3826 3821 
f 3821 3837 3836 
f 3834 3825 3822 
f 3822 3835 3834 
f 3841 3840 3829 
f 3829 3820 3841 
f 3821 3842 3841 
f 3841 3820 3821 
f 3847 3842 3821 
f 3821 3826 3847 
f 3848 3843 3822 
f 3822 3825 3848 
f 3824 3845 3844 
f 3844 3823 3824 
f 3831 3846 3845 
f 3845 3824 3831 
f 3833 3823 3825 
f 3825 3834 3833 
f 3835 3822 3826 
f 3826 3836 3835 
f 3696 3818 3827 
f 3827 3705 3696 
f 3828 2839 2837 
f 2837 3811 3828 
f 3829 2840 2841 
f 2841 3839 3829 
f 3840 2842 2840 
f 2840 3829 3840 
f 4833 2843 3846 
f 3846 3831 4833 
f 3831 3832 4833 
f 3832 3656 4833 
f 4283 3833 3834 
f 3834 4284 4283 
f 4284 3834 3835 
f 3835 3818 4284 
f 3818 3835 3836 
f 3836 3827 3818 
f 3827 3836 3837 
f 3837 3817 3827 
f 3817 3837 3838 
f 3838 3816 3817 
f 3839 3828 3816 
f 3816 3838 3839 
f 2841 2839 3828 
f 3828 3839 2841 
f 3830 2838 2842 
f 2842 3840 3830 
f 3815 3830 3840 
f 3840 3841 3815 
f 3842 3814 3815 
f 3815 3841 3842 
f 3843 3814 3842 
f 3842 3847 3843 
f 3844 3814 3843 
f 3843 3848 3844 
f 3845 3815 3814 
f 3814 3844 3845 
f 3846 3830 3815 
f 3815 3845 3846 
f 2843 2838 3830 
f 3830 3846 2843 
f 3822 3843 3847 
f 3847 3826 3822 
f 3823 3844 3848 
f 3848 3825 3823 
f 3831 3824 3849 
f 3849 3853 3831 
f 3656 3832 3850 
f 3850 3854 3656 
f 3849 3824 3823 
f 3823 3856 3849 
f 3832 3831 3853 
f 3853 3850 3832 
f 3656 3854 3851 
f 3851 3819 3656 
f 3856 3823 3833 
f 3833 3852 3856 
f 3870 3869 3713 
f 3713 3857 3870 
f 3813 3812 3790 
f 3790 3857 3813 
f 3813 3857 3713 
f 3713 3705 3813 
f 3794 3762 3793 
f 3793 3859 3794 
f 3794 3859 3501 
f 3501 3499 3794 
f 3859 3793 3810 
f 3810 3860 3859 
f 3859 3860 3502 
f 3502 3501 3859 
f 3861 3793 3762 
f 3762 3858 3861 
f 3862 3810 3793 
f 3793 3861 3862 
f 3863 3792 3810 
f 3810 3862 3863 
f 3504 3792 3863 
f 3863 3864 3504 
f 3865 3505 3504 
f 3504 3864 3865 
f 3860 3866 3503 
f 3503 3502 3860 
f 3725 3516 3517 
f 3517 3778 3725 
f 3736 3518 3516 
f 3516 3725 3736 
f 3770 3519 3520 
f 3520 3775 3770 
f 3778 3517 3519 
f 3519 3770 3778 
f 2832 2800 3521 
f 3521 3782 2832 
f 3782 3521 3518 
f 3518 3736 3782 
f 3868 3712 3713 
f 3713 3869 3868 
f 3712 3868 3867 
f 3867 3711 3712 
f 3726 3763 3874 
f 3874 3873 3726 
f 3726 3868 3869 
f 3869 3756 3726 
f 3746 3756 3869 
f 3869 3870 3746 
f 3871 3751 3746 
f 3746 3870 3871 
f 3780 3751 3871 
f 3871 3872 3780 
f 2835 3780 3872 
f 3872 2844 2835 
f 3500 3874 3763 
f 3763 3498 3500 
f 3508 3514 3711 
f 3711 3867 3508 
f 4285 3668 4833 
f 3868 3726 3873 
f 3873 3867 3868 
f 3508 3867 3873 
f 3873 3506 3508 
f 3506 3873 3874 
f 3874 3500 3506 
f 3757 3875 3876 
f 3876 3865 3757 
f 3775 3520 3875 
f 3875 3757 3775 
f 3865 3876 3507 
f 3507 3505 3865 
f 3875 3546 3547 
f 3547 3876 3875 
f 3520 3526 3546 
f 3546 3875 3520 
f 3876 3547 3512 
f 3512 3507 3876 
f 3485 3486 3511 
f 3511 3512 3485 
f 2816 2845 3877 
f 3877 3579 2816 
f 3594 3879 3878 
f 3878 3566 3594 
f 3601 3880 3483 
f 3483 3484 3601 
f 3579 3877 3879 
f 3879 3594 3579 
f 3566 3878 3880 
f 3880 3601 3566 
f 3486 3487 3510 
f 3510 3511 3486 
f 2845 2846 3881 
f 3881 3877 2845 
f 3879 3883 3882 
f 3882 3878 3879 
f 3880 3884 3482 
f 3482 3483 3880 
f 3877 3881 3883 
f 3883 3879 3877 
f 3878 3882 3884 
f 3884 3880 3878 
f 3487 3488 3509 
f 3509 3510 3487 
f 2846 2847 3885 
f 3885 3881 2846 
f 3883 3887 3886 
f 3886 3882 3883 
f 3884 3888 3481 
f 3481 3482 3884 
f 3881 3885 3887 
f 3887 3883 3881 
f 3882 3886 3888 
f 3888 3884 3882 
f 3488 3478 3515 
f 3515 3509 3488 
f 2847 2848 3889 
f 3889 3885 2847 
f 3887 3891 3890 
f 3890 3886 3887 
f 3888 3892 3480 
f 3480 3481 3888 
f 3885 3889 3891 
f 3891 3887 3885 
f 3886 3890 3892 
f 3892 3888 3886 
f 3514 3513 3893 
f 3893 3706 3514 
f 3706 3893 3894 
f 3894 3707 3706 
f 3707 3894 1543 
f 1543 424 3707 
f 1543 3895 1542 
f 1542 424 1543 
f 1542 3708 424 
f 3708 3707 424 
f 1542 3895 1545 
f 1545 425 1542 
f 1545 3896 1544 
f 1544 425 1545 
f 1544 3709 1538 
f 1538 425 1544 
f 1538 3708 1542 
f 1542 425 1538 
f 1544 3896 1548 
f 1548 426 1544 
f 1548 3897 1547 
f 1547 426 1548 
f 1547 3710 1541 
f 1541 426 1547 
f 1541 3709 1544 
f 1544 426 1541 
f 1547 3897 1546 
f 1546 427 1547 
f 1546 2849 934 
f 934 427 1546 
f 934 2830 1539 
f 1539 427 934 
f 1539 3710 1547 
f 1547 427 1539 
f 3513 3515 3898 
f 3898 3893 3513 
f 3893 3898 3899 
f 3899 3894 3893 
f 3894 3899 1550 
f 1550 428 3894 
f 1550 3900 1549 
f 1549 428 1550 
f 1549 3895 1543 
f 1543 428 1549 
f 1543 3894 428 
f 1549 3900 1552 
f 1552 429 1549 
f 1552 3901 1551 
f 1551 429 1552 
f 1551 3896 1545 
f 1545 429 1551 
f 1545 3895 1549 
f 1549 429 1545 
f 1551 3901 1555 
f 1555 430 1551 
f 1555 3902 1554 
f 1554 430 1555 
f 1554 3897 1548 
f 1548 430 1554 
f 1548 3896 1551 
f 1551 430 1548 
f 1554 3902 1553 
f 1553 431 1554 
f 1553 2850 935 
f 935 431 1553 
f 935 2849 1546 
f 1546 431 935 
f 1546 3897 1554 
f 1554 431 1546 
f 3515 3478 3903 
f 3903 3898 3515 
f 3898 3903 3904 
f 3904 3899 3898 
f 3899 3904 1559 
f 1559 432 3899 
f 1559 3905 1558 
f 1558 432 1559 
f 1558 3900 1550 
f 1550 432 1558 
f 1550 3899 432 
f 1558 3905 1562 
f 1562 433 1558 
f 1562 3906 1561 
f 1561 433 1562 
f 1561 3901 1552 
f 1552 433 1561 
f 1552 3900 1558 
f 1558 433 1552 
f 1561 3906 1565 
f 1565 434 1561 
f 1565 3907 1564 
f 1564 434 1565 
f 1564 3902 1555 
f 1555 434 1564 
f 1555 3901 1561 
f 1561 434 1555 
f 1564 3907 1563 
f 1563 435 1564 
f 1563 2851 937 
f 937 435 1563 
f 937 2850 1553 
f 1553 435 937 
f 1553 3902 1564 
f 1564 435 1553 
f 3480 3909 3908 
f 3908 3479 3480 
f 2848 2852 3910 
f 3910 3889 2848 
f 3479 3908 3903 
f 3903 3478 3479 
f 3891 3912 3911 
f 3911 3890 3891 
f 3892 3913 3909 
f 3909 3480 3892 
f 3889 3910 3912 
f 3912 3891 3889 
f 3890 3911 3913 
f 3913 3892 3890 
f 3909 3915 3914 
f 3914 3908 3909 
f 938 2853 1568 
f 1568 436 938 
f 1568 3916 1569 
f 1569 436 1568 
f 1569 3910 436 
f 3910 2852 938 
f 938 436 3910 
f 3908 3914 3904 
f 3904 3903 3908 
f 1572 3918 1574 
f 1574 437 1572 
f 1574 3917 1571 
f 1571 437 1574 
f 1571 3911 437 
f 3911 3912 1572 
f 1572 437 3911 
f 3913 3919 3915 
f 3915 3909 3913 
f 1569 3916 1573 
f 1573 438 1569 
f 1573 3918 1572 
f 1572 438 1573 
f 1572 3912 438 
f 3912 3910 1569 
f 1569 438 3912 
f 1571 3917 1576 
f 1576 439 1571 
f 1576 3919 439 
f 3919 3913 439 
f 3913 3911 1571 
f 1571 439 3913 
f 1556 3187 1057 
f 1057 440 1556 
f 1057 3094 1557 
f 1557 440 1057 
f 1557 3905 1559 
f 1559 440 1557 
f 1559 3904 1556 
f 1556 440 1559 
f 1557 3094 1014 
f 1014 441 1557 
f 1014 3127 1560 
f 1560 441 1014 
f 1560 3906 1562 
f 1562 441 1560 
f 1562 3905 1557 
f 1557 441 1562 
f 2421 4279 2422 
f 2422 442 2421 
f 2422 3907 1565 
f 1565 442 2422 
f 1565 3906 1560 
f 1560 442 1565 
f 1560 3127 2421 
f 2421 442 1560 
f 1567 3103 1032 
f 1032 443 1567 
f 1032 3152 1566 
f 1566 443 1032 
f 1566 3914 443 
f 3914 3915 1567 
f 1567 443 3914 
f 1566 3152 1058 
f 1058 444 1566 
f 1058 3187 1556 
f 1556 444 1058 
f 1556 3904 444 
f 3904 3914 1566 
f 1566 444 3904 
f 1575 3093 1001 
f 1001 445 1575 
f 1001 3103 1567 
f 1567 445 1001 
f 1567 3915 445 
f 3915 3919 1575 
f 1575 445 3915 
f 993 446 1570 
f 993 3093 1575 
f 1575 446 993 
f 1575 3919 1576 
f 1576 446 1575 
f 1576 3917 1570 
f 1570 446 1576 
f 1195 3296 1214 
f 1214 447 1195 
f 1214 3305 1579 
f 1579 447 1214 
f 1579 3920 1577 
f 1577 447 1579 
f 1577 3277 1195 
f 1195 447 1577 
f 1580 3308 1222 
f 1222 448 1580 
f 1222 3277 1577 
f 1577 448 1222 
f 1577 3920 1582 
f 1582 448 1577 
f 1582 3921 1580 
f 1580 448 1582 
f 1583 3317 1232 
f 1232 449 1583 
f 1232 3308 1580 
f 1580 449 1232 
f 1580 3921 1585 
f 1585 449 1580 
f 1585 3922 1583 
f 1583 449 1585 
f 3053 3056 3977 
f 3977 3976 3053 
f 1589 3309 1223 
f 1223 450 1589 
f 1223 3278 1586 
f 1586 450 1223 
f 1586 3923 1591 
f 1591 450 1586 
f 1591 3924 1589 
f 1589 450 1591 
f 1592 3318 1233 
f 1233 451 1592 
f 1233 3309 1589 
f 1589 451 1233 
f 1589 3924 1594 
f 1594 451 1589 
f 1594 3925 1592 
f 1592 451 1594 
f 3975 3974 3926 
f 3926 3927 3975 
f 4272 3055 4273 
f 3053 3976 3975 
f 3975 3927 3053 
f 1598 3286 1183 
f 1183 452 1598 
f 1183 3077 1595 
f 1595 452 1183 
f 1595 3928 1600 
f 1600 452 1595 
f 1600 3929 1598 
f 1598 452 1600 
f 1601 3295 1194 
f 1194 453 1601 
f 1194 3286 1598 
f 1598 453 1194 
f 1598 3929 1603 
f 1603 453 1598 
f 1603 3930 1601 
f 1601 453 1603 
f 1605 3285 1193 
f 1193 454 1605 
f 1193 3295 1601 
f 1601 454 1193 
f 1601 3930 1606 
f 1606 454 1601 
f 1606 3931 1605 
f 1605 454 1606 
f 1608 3316 1231 
f 1231 455 1608 
f 1231 3285 1605 
f 1605 455 1231 
f 1605 3931 1609 
f 1609 455 1605 
f 1609 3932 1608 
f 1608 455 1609 
f 1611 3325 1241 
f 1241 456 1611 
f 1241 3316 1608 
f 1608 456 1241 
f 1608 3932 1612 
f 1612 456 1608 
f 1612 3933 1611 
f 1611 456 1612 
f 3052 3059 3979 
f 3979 3978 3052 
f 1164 3270 1174 
f 1174 457 1164 
f 1174 3274 1615 
f 1615 457 1174 
f 1615 3934 1614 
f 1614 457 1615 
f 1614 3082 1164 
f 1164 457 1614 
f 1617 3294 1192 
f 1192 458 1617 
f 1192 3082 1614 
f 1614 458 1192 
f 1614 3934 1618 
f 1618 458 1614 
f 1618 3935 1617 
f 1617 458 1618 
f 1620 3303 1211 
f 1211 459 1620 
f 1211 3294 1617 
f 1617 459 1211 
f 1617 3935 1621 
f 1621 459 1617 
f 1621 3936 1620 
f 1620 459 1621 
f 1622 3284 1210 
f 1210 460 1622 
f 1210 3303 1620 
f 1620 460 1210 
f 1620 3936 1624 
f 1624 460 1620 
f 1624 3937 1622 
f 1622 460 1624 
f 1625 3315 1230 
f 1230 461 1625 
f 1230 3284 1622 
f 1622 461 1230 
f 1622 3937 1627 
f 1627 461 1622 
f 1627 3938 1625 
f 1625 461 1627 
f 1628 3324 1240 
f 1240 462 1628 
f 1240 3315 1625 
f 1625 462 1240 
f 1625 3938 1630 
f 1630 462 1625 
f 1630 3939 1628 
f 1628 462 1630 
f 3058 3961 3982 
f 3982 3981 3058 
f 1154 3265 1257 
f 1257 463 1154 
f 1257 3332 1635 
f 1635 463 1257 
f 1635 3943 1634 
f 1634 463 1635 
f 1634 3165 1154 
f 1154 463 1634 
f 1636 3289 1186 
f 1186 464 1636 
f 1186 3165 1634 
f 1634 464 1186 
f 1634 3943 1638 
f 1638 464 1634 
f 1638 3944 1636 
f 1636 464 1638 
f 1639 3298 1200 
f 1200 465 1639 
f 1200 3289 1636 
f 1636 465 1200 
f 1636 3944 1641 
f 1641 465 1636 
f 1641 3945 1639 
f 1639 465 1641 
f 1642 3279 1199 
f 1199 466 1642 
f 1199 3298 1639 
f 1639 466 1199 
f 1639 3945 1644 
f 1644 466 1639 
f 1644 3946 1642 
f 1642 466 1644 
f 1645 3310 1224 
f 1224 467 1645 
f 1224 3279 1642 
f 1642 467 1224 
f 1642 3946 1648 
f 1648 467 1642 
f 1648 3947 1645 
f 1645 467 1648 
f 1631 3319 1234 
f 1234 468 1631 
f 1234 3310 1645 
f 1645 468 1234 
f 1645 3947 1647 
f 1647 468 1645 
f 1647 3942 1631 
f 1631 468 1647 
f 1652 3291 1188 
f 1188 469 1652 
f 1188 3189 1650 
f 1650 469 1188 
f 1650 3948 1654 
f 1654 469 1650 
f 1654 3949 1652 
f 1652 469 1654 
f 1655 3300 1204 
f 1204 470 1655 
f 1204 3291 1652 
f 1652 470 1204 
f 1652 3949 1657 
f 1657 470 1652 
f 1657 3950 1655 
f 1655 470 1657 
f 1658 3281 1203 
f 1203 471 1658 
f 1203 3300 1655 
f 1655 471 1203 
f 1655 3950 1660 
f 1660 471 1655 
f 1660 3951 1658 
f 1658 471 1660 
f 1661 3312 1226 
f 1226 472 1661 
f 1226 3281 1658 
f 1658 472 1226 
f 1658 3951 1663 
f 1663 472 1658 
f 1663 3952 1661 
f 1661 472 1663 
f 1664 3321 1236 
f 1236 473 1664 
f 1236 3312 1661 
f 1661 473 1236 
f 1661 3952 1666 
f 1666 473 1661 
f 1666 3953 1664 
f 1664 473 1666 
f 1669 3954 1667 
f 1667 474 1669 
f 1667 3282 1206 
f 1206 474 1667 
f 1206 3301 1249 
f 1249 474 1206 
f 1249 3329 1669 
f 1669 474 1249 
f 1670 3313 1228 
f 1228 475 1670 
f 1228 3282 1667 
f 1667 475 1228 
f 1667 3954 1672 
f 1672 475 1667 
f 1672 3955 1670 
f 1670 475 1672 
f 1673 3322 1238 
f 1238 476 1673 
f 1238 3313 1670 
f 1670 476 1238 
f 1670 3955 1675 
f 1675 476 1670 
f 1675 3956 1673 
f 1673 476 1675 
f 1246 3328 1678 
f 1678 477 1246 
f 1678 3958 1676 
f 1676 477 1678 
f 1676 3283 1208 
f 1208 477 1676 
f 1208 3302 1246 
f 1246 477 1208 
f 1679 3314 1229 
f 1229 478 1679 
f 1229 3283 1676 
f 1676 478 1229 
f 1676 3958 1681 
f 1681 478 1676 
f 1681 3959 1679 
f 1679 478 1681 
f 1682 3323 1239 
f 1239 479 1682 
f 1239 3314 1679 
f 1679 479 1239 
f 1679 3959 1684 
f 1684 479 1679 
f 1684 3960 1682 
f 1682 479 1684 
f 3964 3966 3984 
f 3984 3983 3964 
f 3058 3940 3941 
f 3941 3962 3058 
f 3058 3962 3057 
f 3057 3961 3058 
f 3057 3963 3964 
f 3964 3961 3057 
f 3963 3965 3966 
f 3966 3964 3963 
f 3061 3060 3967 
f 3967 3957 3061 
f 3967 3968 3969 
f 3969 3957 3967 
f 4275 3055 4272 
f 4272 4278 4275 
f 3985 3984 3966 
f 3966 3061 3985 
f 3056 3053 3971 
f 3971 3043 3056 
f 3046 3045 3927 
f 3927 3926 3046 
f 3047 3046 3926 
f 3926 3054 3047 
f 3970 3048 3047 
f 3047 3054 3970 
f 3986 3985 3061 
f 3061 3957 3986 
f 3987 3986 3957 
f 3957 3969 3987 
f 3058 3981 3980 
f 3980 3940 3058 
f 3964 3983 3982 
f 3982 3961 3964 
f 3972 3973 1686 
f 1686 480 3972 
f 1686 3319 1631 
f 1631 480 1686 
f 1631 3942 1685 
f 1685 480 1631 
f 1685 3972 480 
f 1686 3973 481 
f 3973 3974 1687 
f 1687 481 3973 
f 1687 3925 1593 
f 1593 481 1687 
f 1593 3319 1686 
f 1686 481 1593 
f 1592 3925 1687 
f 1687 482 1592 
f 1687 3974 482 
f 3974 3975 1688 
f 1688 482 3974 
f 1688 3318 1592 
f 1592 482 1688 
f 1689 3922 1584 
f 1584 483 1689 
f 1584 3318 1688 
f 1688 483 1584 
f 1688 3975 483 
f 3975 3976 1689 
f 1689 483 3975 
f 1690 3317 1583 
f 1583 484 1690 
f 1583 3922 1689 
f 1689 484 1583 
f 1689 3976 484 
f 3976 3977 1690 
f 1690 484 3976 
f 1690 3977 485 
f 3977 3978 1691 
f 1691 485 3977 
f 1691 3933 1610 
f 1610 485 1691 
f 1610 3317 1690 
f 1690 485 1610 
f 1692 3325 1611 
f 1611 486 1692 
f 1611 3933 1691 
f 1691 486 1611 
f 1691 3978 486 
f 3978 3979 1692 
f 1692 486 3978 
f 1692 3979 487 
f 3979 3980 1693 
f 1693 487 3979 
f 1693 3939 1629 
f 1629 487 1693 
f 1629 3325 1692 
f 1692 487 1629 
f 1694 3324 1628 
f 1628 488 1694 
f 1628 3939 1693 
f 1693 488 1628 
f 1693 3980 488 
f 3980 3981 1694 
f 1694 488 3980 
f 1695 3960 1683 
f 1683 489 1695 
f 1683 3324 1694 
f 1694 489 1683 
f 1694 3981 489 
f 3981 3982 1695 
f 1695 489 3981 
f 1696 3323 1682 
f 1682 490 1696 
f 1682 3960 1695 
f 1695 490 1682 
f 1695 3982 490 
f 3982 3983 1696 
f 1696 490 3982 
f 1697 3956 1674 
f 1674 491 1697 
f 1674 3323 1696 
f 1696 491 1674 
f 1696 3983 491 
f 3983 3984 1697 
f 1697 491 3983 
f 1673 3956 1697 
f 1697 492 1673 
f 1697 3984 492 
f 3984 3985 1698 
f 1698 492 3984 
f 1698 3322 1673 
f 1673 492 1698 
f 1665 3322 1698 
f 1698 493 1665 
f 1698 3985 493 
f 3985 3986 1699 
f 1699 493 3985 
f 1699 3953 1665 
f 1665 493 1699 
f 1664 3953 1699 
f 1699 494 1664 
f 1699 3986 494 
f 3986 3987 1700 
f 1700 494 3986 
f 1700 3321 1664 
f 1664 494 1700 
f 1700 3987 1703 
f 1703 495 1700 
f 1703 3988 1701 
f 1701 495 1703 
f 1701 3320 1237 
f 1237 495 1701 
f 1237 3321 1700 
f 1700 495 1237 
f 1685 3942 1632 
f 1632 496 1685 
f 1632 3320 1701 
f 1701 496 1632 
f 1701 3988 1702 
f 1702 496 1701 
f 1702 3972 1685 
f 1685 496 1702 
f 4274 4276 4273 
f 4273 3055 4274 
f 3990 3037 4227 
f 4227 4226 3990 
f 3991 3038 4232 
f 4232 4231 3991 
f 4234 4233 3038 
f 3038 3991 4234 
f 4239 3998 4241 
f 4241 3036 4239 
f 3989 3042 4228 
f 4228 4223 3989 
f 1719 3264 1151 
f 1151 497 1719 
f 1151 3076 1715 
f 1715 497 1151 
f 1715 4000 1720 
f 1720 497 1715 
f 1720 4001 1719 
f 1719 497 1720 
f 1721 3123 1152 
f 1152 498 1721 
f 1152 3264 1719 
f 1719 498 1152 
f 1719 4001 1723 
f 1723 498 1719 
f 1723 4002 1721 
f 1721 498 1723 
f 1725 3254 1131 
f 1131 499 1725 
f 1131 3123 1721 
f 1721 499 1131 
f 1721 4002 1726 
f 1726 499 1721 
f 1726 4003 1725 
f 1725 499 1726 
f 1727 3065 1130 
f 1130 500 1727 
f 1130 3254 1725 
f 1725 500 1130 
f 1725 4003 1729 
f 1729 500 1725 
f 1729 4004 1727 
f 1727 500 1729 
f 1186 3289 1220 
f 1220 501 1186 
f 1220 3307 1732 
f 1732 501 1220 
f 1732 4005 1731 
f 1731 501 1732 
f 1731 3165 1186 
f 1186 501 1731 
f 1731 4005 1735 
f 1735 502 1731 
f 1735 4006 1734 
f 1734 502 1735 
f 1734 3265 1154 
f 1154 502 1734 
f 1154 3165 1731 
f 1731 502 1154 
f 1734 4006 1738 
f 1738 503 1734 
f 1738 4007 1737 
f 1737 503 1738 
f 1737 3164 1153 
f 1153 503 1737 
f 1153 3265 1734 
f 1734 503 1153 
f 1133 3164 1737 
f 1737 504 1133 
f 1737 4007 1741 
f 1741 504 1737 
f 1741 4008 1740 
f 1740 504 1741 
f 1740 3255 1133 
f 1133 504 1740 
f 1743 3163 1132 
f 1132 505 1743 
f 1132 3255 1740 
f 1740 505 1132 
f 1740 4008 1744 
f 1744 505 1740 
f 1744 4009 1743 
f 1743 505 1744 
f 1192 3294 1245 
f 1245 506 1192 
f 1245 3327 1747 
f 1747 506 1245 
f 1747 4010 1745 
f 1745 506 1747 
f 1745 3082 1192 
f 1192 506 1745 
f 1749 3270 1164 
f 1164 507 1749 
f 1164 3082 1745 
f 1745 507 1164 
f 1745 4010 1750 
f 1750 507 1745 
f 1750 4011 1749 
f 1749 507 1750 
f 1751 3126 1165 
f 1165 508 1751 
f 1165 3270 1749 
f 1749 508 1165 
f 1749 4011 1753 
f 1753 508 1749 
f 1753 4012 1751 
f 1751 508 1753 
f 1755 3260 1144 
f 1144 509 1755 
f 1144 3126 1751 
f 1751 509 1144 
f 1751 4012 1756 
f 1756 509 1751 
f 1756 4013 1755 
f 1755 509 1756 
f 1757 3081 1143 
f 1143 510 1757 
f 1143 3260 1755 
f 1755 510 1143 
f 1755 4013 1759 
f 1759 510 1755 
f 1759 4014 1757 
f 1757 510 1759 
f 1191 3293 1243 
f 1243 511 1191 
f 1243 3326 1762 
f 1762 511 1243 
f 1762 4015 1761 
f 1761 511 1762 
f 1761 3171 1191 
f 1191 511 1761 
f 1764 3269 1163 
f 1163 512 1764 
f 1163 3171 1761 
f 1761 512 1163 
f 1761 4015 1765 
f 1765 512 1761 
f 1765 4016 1764 
f 1764 512 1765 
f 1767 3170 1162 
f 1162 513 1767 
f 1162 3269 1764 
f 1764 513 1162 
f 1764 4016 1768 
f 1768 513 1764 
f 1768 4017 1767 
f 1767 513 1768 
f 1770 3259 1142 
f 1142 514 1770 
f 1142 3170 1767 
f 1767 514 1142 
f 1767 4017 1771 
f 1771 514 1767 
f 1771 4018 1770 
f 1770 514 1771 
f 1773 3169 1141 
f 1141 515 1773 
f 1141 3259 1770 
f 1770 515 1141 
f 1770 4018 1774 
f 1774 515 1770 
f 1774 4019 1773 
f 1773 515 1774 
f 1139 3258 1266 
f 1266 516 1139 
f 1266 3335 1786 
f 1786 516 1266 
f 1786 4023 1784 
f 1784 516 1786 
f 1784 3085 1139 
f 1139 516 1784 
f 1727 4004 2688 
f 2688 517 1727 
f 2688 4378 2690 
f 2690 517 2688 
f 2690 4377 2685 
f 2685 517 2690 
f 2685 3065 1727 
f 1727 517 2685 
f 1934 4082 2499 
f 2499 518 1934 
f 2499 4313 2500 
f 2500 518 2499 
f 2500 4312 2496 
f 2496 518 2500 
f 2496 4083 1934 
f 1934 518 2496 
f 1791 3070 1890 
f 1890 519 1791 
f 1890 4065 1892 
f 1892 519 1890 
f 1892 4064 1888 
f 1888 519 1892 
f 1888 4026 1791 
f 1791 519 1888 
f 1793 3070 1791 
f 1791 520 1793 
f 1791 4026 1802 
f 1802 520 1791 
f 1802 4031 1803 
f 1803 520 1802 
f 1803 4027 1793 
f 1793 520 1803 
f 1795 3070 1793 
f 1793 521 1795 
f 1793 4027 1805 
f 1805 521 1793 
f 1805 4032 1806 
f 1806 521 1805 
f 1806 4028 1795 
f 1795 521 1806 
f 1890 3070 1795 
f 1795 522 1890 
f 1795 4028 1893 
f 1893 522 1795 
f 1893 4066 1895 
f 1895 522 1893 
f 1895 4065 1890 
f 1890 522 1895 
f 1936 4083 2496 
f 2496 523 1936 
f 2496 4312 2497 
f 2497 523 2496 
f 2497 4311 2493 
f 2493 523 2497 
f 2493 4084 1936 
f 1936 523 2493 
f 1742 3065 2685 
f 2685 524 1742 
f 2685 4377 2687 
f 2687 524 2685 
f 2687 4376 2682 
f 2682 524 2687 
f 2682 4009 1742 
f 1742 524 2682 
f 1802 4026 1792 
f 1792 525 1802 
f 1792 3154 1034 
f 1034 525 1792 
f 1034 3166 1801 
f 1801 525 1034 
f 1801 4031 1802 
f 1802 525 1801 
f 1810 3154 1884 
f 1884 526 1810 
f 1884 4063 1886 
f 1886 526 1884 
f 1886 4062 1882 
f 1882 526 1886 
f 1882 4034 1810 
f 1810 526 1882 
f 1034 3154 1810 
f 1810 527 1034 
f 1810 4034 1814 
f 1814 527 1810 
f 1814 4035 1813 
f 1813 527 1814 
f 1813 3166 1034 
f 1034 527 1813 
f 1820 3160 1035 
f 1035 528 1820 
f 1035 3167 1818 
f 1818 528 1035 
f 1818 4037 1821 
f 1821 528 1818 
f 1821 4038 1820 
f 1820 528 1821 
f 1896 3160 1820 
f 1820 529 1896 
f 1820 4038 1899 
f 1899 529 1820 
f 1899 4068 1901 
f 1901 529 1899 
f 1901 4067 1896 
f 1896 529 1901 
f 1940 4085 2490 
f 2490 530 1940 
f 2490 4310 2491 
f 2491 530 2490 
f 2491 4309 2487 
f 2487 530 2491 
f 2487 4086 1940 
f 1940 530 2487 
f 1782 3163 2680 
f 2680 531 1782 
f 2680 4375 2681 
f 2681 531 2680 
f 2681 4374 2676 
f 2676 531 2681 
f 2676 4022 1782 
f 1782 531 2676 
f 1779 4021 2694 
f 2694 532 1779 
f 2694 4380 2696 
f 2696 532 2694 
f 2696 4379 2692 
f 2692 532 2696 
f 2692 3157 1779 
f 1779 532 2692 
f 1930 4080 2505 
f 2505 533 1930 
f 2505 4315 2506 
f 2506 533 2505 
f 2506 4314 2502 
f 2502 533 2506 
f 2502 4081 1930 
f 1930 533 2502 
f 1846 3175 1040 
f 1040 534 1846 
f 1040 3104 1838 
f 1838 534 1040 
f 1838 4047 1847 
f 1847 534 1838 
f 1847 4050 1846 
f 1846 534 1847 
f 1835 4043 1830 
f 1830 535 1835 
f 1830 4042 1833 
f 1833 535 1830 
f 1833 4044 1836 
f 1836 535 1833 
f 1836 4045 1835 
f 1835 535 1836 
f 1852 4050 1847 
f 1847 536 1852 
f 1847 4047 1840 
f 1840 536 1847 
f 1840 4046 1850 
f 1850 536 1840 
f 1850 4051 1852 
f 1852 536 1850 
f 1839 4043 1835 
f 1835 537 1839 
f 1835 4045 1837 
f 1837 537 1835 
f 1837 4046 1840 
f 1840 537 1837 
f 1840 4047 1839 
f 1839 537 1840 
f 1841 2854 939 
f 939 538 1841 
f 939 2779 1004 
f 1004 538 939 
f 1004 3105 1842 
f 1842 538 1004 
f 1842 4048 1841 
f 1841 538 1842 
f 1843 2855 941 
f 941 539 1843 
f 941 2854 1841 
f 1841 539 941 
f 1841 4048 1845 
f 1845 539 1841 
f 1845 4049 1843 
f 1843 539 1845 
f 1848 4048 1842 
f 1842 540 1848 
f 1842 3105 1041 
f 1041 540 1842 
f 1041 3175 1846 
f 1846 540 1041 
f 1846 4050 1848 
f 1848 540 1846 
f 1851 4049 1845 
f 1845 541 1851 
f 1845 4048 1848 
f 1848 541 1845 
f 1848 4050 1852 
f 1852 541 1848 
f 1852 4051 1851 
f 1851 541 1852 
f 1804 4032 1857 
f 1857 542 1804 
f 1858 542 1857 
f 1858 4042 1828 
f 1828 542 1858 
f 1828 3167 1804 
f 1804 542 1828 
f 1817 4037 1829 
f 1829 543 1817 
f 1829 4043 1839 
f 1839 543 1829 
f 1839 4047 1838 
f 1838 543 1839 
f 1838 3104 1817 
f 1817 543 1838 
f 1818 3167 1828 
f 1828 544 1818 
f 1828 4042 1830 
f 1830 544 1828 
f 1830 4043 1829 
f 1829 544 1830 
f 1829 4037 1818 
f 1818 544 1829 
f 1816 3166 1813 
f 1813 545 1816 
f 1813 4035 1811 
f 1811 545 1813 
f 1811 3090 1815 
f 1815 545 1811 
f 1815 4036 1816 
f 1816 545 1815 
f 1794 4027 1803 
f 1803 546 1794 
f 1803 4031 1854 
f 1854 546 1803 
f 1853 546 1854 
f 1853 3153 1794 
f 1794 546 1853 
f 1857 547 1856 
f 1857 4032 1805 
f 1805 547 1857 
f 1805 4027 1794 
f 1794 547 1805 
f 1794 3153 1856 
f 1856 547 1794 
f 1856 548 1858 
f 1856 3153 1831 
f 1831 548 1856 
f 1831 4044 1833 
f 1833 548 1831 
f 1833 4042 1858 
f 1858 548 1833 
f 1832 4044 1831 
f 1831 549 1832 
f 1831 3153 1853 
f 1853 549 1831 
f 1855 549 1853 
f 1855 4036 1832 
f 1832 549 1855 
f 1860 4052 1859 
f 1859 550 1860 
f 1859 3090 1811 
f 1811 550 1859 
f 1811 4035 1812 
f 1812 550 1811 
f 1812 3091 1860 
f 1860 550 1812 
f 1859 4052 1863 
f 1863 551 1859 
f 1863 4046 1837 
f 1837 551 1863 
f 1837 4045 1834 
f 1834 551 1837 
f 1834 3090 1859 
f 1859 551 1834 
f 1849 4051 1850 
f 1850 552 1849 
f 1850 4046 1863 
f 1863 552 1850 
f 1863 4052 1862 
f 1862 552 1863 
f 1862 3918 1849 
f 1849 552 1862 
f 1844 4049 1851 
f 1851 553 1844 
f 1851 4051 1849 
f 1849 553 1851 
f 1849 3918 1573 
f 1573 553 1849 
f 1573 3916 1844 
f 1844 553 1573 
f 940 2855 1843 
f 1843 554 940 
f 1843 4049 1844 
f 1844 554 1843 
f 1844 3916 1568 
f 1568 554 1844 
f 1568 2853 940 
f 940 554 1568 
f 2625 4356 2620 
f 2620 555 2625 
f 2620 3119 2426 
f 2426 555 2620 
f 2426 4281 2624 
f 2624 555 2426 
f 2624 4357 2625 
f 2625 555 2624 
f 2593 4345 2589 
f 2589 556 2593 
f 2589 4054 1864 
f 1864 556 2589 
f 1864 3073 2591 
f 2591 556 1864 
f 2591 4346 2593 
f 2593 556 2591 
f 1866 3147 1052 
f 1052 557 1866 
f 1052 3183 1865 
f 1865 557 1052 
f 1865 4055 1867 
f 1867 557 1865 
f 1867 4056 1866 
f 1866 557 1867 
f 2735 4393 2742 
f 2742 558 2735 
f 2742 4396 2743 
f 2743 558 2742 
f 2743 4395 2740 
f 2740 558 2743 
f 2740 4392 2735 
f 2735 558 2740 
f 1868 3072 2582 
f 2582 559 1868 
f 2582 4343 2584 
f 2584 559 2582 
f 2584 4342 2580 
f 2580 559 2584 
f 2580 4057 1868 
f 1868 559 2580 
f 2533 4324 2529 
f 2529 560 2533 
f 2529 4058 1870 
f 1870 560 2529 
f 1870 3184 2532 
f 2532 560 1870 
f 2532 4325 2533 
f 2533 560 2532 
f 1872 3148 1053 
f 1053 561 1872 
f 1053 3184 1870 
f 1870 561 1053 
f 1870 4058 1874 
f 1874 561 1870 
f 1874 4059 1872 
f 1872 561 1874 
f 1876 3144 1029 
f 1029 562 1876 
f 1029 3148 1872 
f 1872 562 1029 
f 1872 4059 1877 
f 1877 562 1872 
f 1877 4060 1876 
f 1876 562 1877 
f 1879 3143 1025 
f 1025 563 1879 
f 1025 3144 1876 
f 1876 563 1025 
f 1876 4060 1880 
f 1880 563 1876 
f 1880 4061 1879 
f 1879 563 1880 
f 1879 4061 1883 
f 1883 564 1879 
f 1883 4062 1881 
f 1881 564 1883 
f 1881 4033 1807 
f 1807 564 1881 
f 1807 3143 1879 
f 1879 564 1807 
f 1885 3155 1808 
f 1808 565 1885 
f 1808 4033 1881 
f 1881 565 1808 
f 1881 4062 1886 
f 1886 565 1881 
f 1886 4063 1885 
f 1885 565 1886 
f 1885 4063 1889 
f 1889 566 1885 
f 1889 4064 1887 
f 1887 566 1889 
f 1887 4025 1790 
f 1790 566 1887 
f 1790 3155 1885 
f 1885 566 1790 
f 1891 3142 1789 
f 1789 567 1891 
f 1789 4025 1887 
f 1887 567 1789 
f 1887 4064 1892 
f 1892 567 1887 
f 1892 4065 1891 
f 1891 567 1892 
f 1891 4065 1895 
f 1895 568 1891 
f 1895 4066 1894 
f 1894 568 1895 
f 1894 4029 1797 
f 1797 568 1894 
f 1797 3142 1891 
f 1891 568 1797 
f 1894 4066 1898 
f 1898 569 1894 
f 1898 4067 1897 
f 1897 569 1898 
f 1897 3161 1798 
f 1798 569 1897 
f 1798 4029 1894 
f 1894 569 1798 
f 1897 4067 1901 
f 1901 570 1897 
f 1901 4068 1900 
f 1900 570 1901 
f 1900 4039 1823 
f 1823 570 1900 
f 1823 3161 1897 
f 1897 570 1823 
f 1900 4068 1904 
f 1904 571 1900 
f 1904 4069 1903 
f 1903 571 1904 
f 1903 3141 1822 
f 1822 571 1903 
f 1822 4039 1900 
f 1900 571 1822 
f 1903 4069 1907 
f 1907 572 1903 
f 1907 4070 1906 
f 1906 572 1907 
f 1906 3177 1046 
f 1046 572 1906 
f 1046 3141 1903 
f 1903 572 1046 
f 1906 4070 1911 
f 1911 573 1906 
f 1911 4071 1910 
f 1910 573 1911 
f 1910 3106 1045 
f 1045 573 1910 
f 1045 3177 1906 
f 1906 573 1045 
f 946 2780 1006 
f 1006 574 946 
f 1006 3106 1910 
f 1910 574 1006 
f 1910 4071 1908 
f 1908 574 1910 
f 1908 2858 946 
f 946 574 1908 
f 2771 4405 2770 
f 2770 575 2771 
f 2770 4073 1919 
f 1919 575 2770 
f 1919 4076 2524 
f 2524 575 1919 
f 2524 4322 2771 
f 2771 575 2524 
f 1921 4077 1922 
f 1922 576 1921 
f 1922 4076 1919 
f 1919 576 1922 
f 1919 4073 1915 
f 1915 576 1919 
f 1915 4074 1921 
f 1921 576 1915 
f 948 2860 2747 
f 2747 577 948 
f 2747 4398 2748 
f 2748 577 2747 
f 2748 4397 2744 
f 2744 577 2748 
f 2744 2791 948 
f 948 577 2744 
f 1916 3149 2578 
f 2578 578 1916 
f 2578 4341 2579 
f 2579 578 2578 
f 2579 4340 2577 
f 2577 578 2579 
f 2577 4075 1916 
f 1916 578 2577 
f 2527 4322 2524 
f 2524 579 2527 
f 2524 4076 1918 
f 1918 579 2524 
f 1918 3185 2526 
f 2526 579 1918 
f 2526 4323 2527 
f 2527 579 2526 
f 1920 3150 1054 
f 1054 580 1920 
f 1054 3185 1918 
f 1918 580 1054 
f 1918 4076 1922 
f 1922 580 1918 
f 1922 4077 1920 
f 1920 580 1922 
f 1923 3100 1028 
f 1028 581 1923 
f 1028 3147 1866 
f 1866 581 1028 
f 1866 4056 1924 
f 1924 581 1866 
f 1924 4078 1923 
f 1923 581 1924 
f 1925 3074 998 
f 998 582 1925 
f 998 3100 1923 
f 1923 582 998 
f 1923 4078 1926 
f 1926 582 1923 
f 1926 4079 1925 
f 1925 582 1926 
f 1927 4041 1826 
f 1826 583 1927 
f 1826 3074 1925 
f 1925 583 1826 
f 1925 4079 1928 
f 1928 583 1925 
f 1928 4080 1927 
f 1927 583 1928 
f 1827 4041 1927 
f 1927 584 1827 
f 1927 4080 1930 
f 1930 584 1927 
f 1930 4081 1929 
f 1929 584 1930 
f 1929 3156 1827 
f 1827 584 1929 
f 1788 3156 1929 
f 1929 585 1788 
f 1929 4081 1932 
f 1932 585 1929 
f 1932 4082 1931 
f 1931 585 1932 
f 1931 4024 1788 
f 1788 585 1931 
f 1787 4024 1931 
f 1931 586 1787 
f 1931 4082 1934 
f 1934 586 1931 
f 1934 4083 1933 
f 1933 586 1934 
f 1933 3096 1787 
f 1787 586 1933 
f 1799 3096 1933 
f 1933 587 1799 
f 1933 4083 1936 
f 1936 587 1933 
f 1936 4084 1935 
f 1935 587 1936 
f 1935 4030 1799 
f 1799 587 1935 
f 1800 4030 1935 
f 1935 588 1800 
f 1935 4084 1938 
f 1938 588 1935 
f 1938 4085 1937 
f 1937 588 1938 
f 1937 3162 1800 
f 1800 588 1937 
f 1825 3162 1937 
f 1937 589 1825 
f 1937 4085 1940 
f 1940 589 1937 
f 1940 4086 1939 
f 1939 589 1940 
f 1939 4040 1825 
f 1825 589 1939 
f 1824 4040 1939 
f 1939 590 1824 
f 1939 4086 1942 
f 1942 590 1939 
f 1942 4087 1941 
f 1941 590 1942 
f 1824 590 1941 
f 2675 4372 2669 
f 2669 591 2675 
f 2669 3193 1066 
f 1066 591 2669 
f 1066 3192 2674 
f 2674 591 1066 
f 2674 4373 2675 
f 2675 591 2674 
f 2666 3194 1067 
f 1067 592 2666 
f 1067 3193 2669 
f 2669 592 1067 
f 2669 4372 2671 
f 2671 592 2669 
f 2671 4371 2666 
f 2666 592 2671 
f 2664 3195 1069 
f 1069 593 2664 
f 1069 3194 2666 
f 2666 593 1069 
f 2666 4371 2668 
f 2668 593 2666 
f 2668 4370 2664 
f 2664 593 2668 
f 978 2792 1068 
f 1068 594 978 
f 1068 3195 2664 
f 2664 594 1068 
f 2664 4370 2663 
f 2663 594 2664 
f 2663 2877 978 
f 978 594 2663 
f 1946 3097 995 
f 995 595 1946 
f 995 3085 1784 
f 1784 595 995 
f 1784 4023 1948 
f 1948 595 1784 
f 1948 4090 1946 
f 1946 595 1948 
f 2015 596 2017 
f 2015 3139 1024 
f 1024 596 2015 
f 1024 3097 2012 
f 2012 596 1024 
f 2012 4123 2017 
f 2017 596 2012 
f 1061 3179 1048 
f 1048 597 1061 
f 1048 3139 2015 
f 2015 597 1048 
f 2016 597 2015 
f 2016 3188 1061 
f 1061 597 2016 
f 1955 3107 1047 
f 1047 598 1955 
f 1047 3178 1951 
f 1951 598 1047 
f 1951 4092 1957 
f 1957 598 1951 
f 1957 4093 1955 
f 1955 598 1957 
f 950 2781 1007 
f 1007 599 950 
f 1007 3107 1955 
f 1955 599 1007 
f 1955 4093 1954 
f 1954 599 1955 
f 1954 2862 950 
f 950 599 1954 
f 1777 4020 1775 
f 1775 600 1777 
f 1775 3066 1145 
f 1145 600 1775 
f 1145 3261 1169 
f 1169 600 1145 
f 1169 3272 1777 
f 1777 600 1169 
f 997 3066 1775 
f 1775 601 997 
f 1775 4020 1960 
f 1960 601 1775 
f 1960 4094 1959 
f 1959 601 1960 
f 1959 3099 997 
f 997 601 1959 
f 1027 3099 1959 
f 1959 602 1027 
f 1959 4094 1963 
f 1963 602 1959 
f 1963 4095 1962 
f 1962 602 1963 
f 1962 3146 1027 
f 1027 602 1962 
f 1051 3146 1962 
f 1962 603 1051 
f 1962 4095 1966 
f 1966 603 1962 
f 1966 4096 1965 
f 1965 603 1966 
f 1965 3182 1051 
f 1051 603 1965 
f 2549 4331 2551 
f 2551 604 2549 
f 2551 4330 2547 
f 2547 604 2551 
f 2547 3182 1965 
f 1965 604 2547 
f 1965 4096 2549 
f 2549 604 1965 
f 996 3081 1757 
f 1757 605 996 
f 1757 4014 1971 
f 1971 605 1757 
f 1971 4098 1969 
f 1969 605 1971 
f 1969 3098 996 
f 996 605 1969 
f 1973 3145 1026 
f 1026 606 1973 
f 1026 3098 1969 
f 1969 606 1026 
f 1969 4098 1974 
f 1974 606 1969 
f 1974 4099 1973 
f 1973 606 1974 
f 1050 3145 1973 
f 1973 607 1050 
f 1973 4099 1977 
f 1977 607 1973 
f 1977 4100 1976 
f 1976 607 1977 
f 1976 3181 1050 
f 1050 607 1976 
f 2555 4333 2557 
f 2557 608 2555 
f 2557 4332 2553 
f 2553 608 2557 
f 2553 3181 1976 
f 1976 608 2553 
f 1976 4100 2555 
f 2555 608 1976 
f 1773 4019 1982 
f 1982 609 1773 
f 1982 4102 1981 
f 1981 609 1982 
f 1981 3168 1037 
f 1037 609 1981 
f 1037 3169 1773 
f 1773 609 1037 
f 1984 3140 1036 
f 1036 610 1984 
f 1036 3168 1981 
f 1981 610 1036 
f 1981 4102 1985 
f 1985 610 1981 
f 1985 4103 1984 
f 1984 610 1985 
f 1049 3140 1984 
f 1984 611 1049 
f 1984 4103 1988 
f 1988 611 1984 
f 1988 4104 1987 
f 1987 611 1988 
f 1987 3180 1049 
f 1049 611 1987 
f 2561 4335 2563 
f 2563 612 2561 
f 2563 4334 2559 
f 2559 612 2563 
f 2559 3180 1987 
f 1987 612 2559 
f 1987 4104 2561 
f 2561 612 1987 
f 2455 4297 2456 
f 2456 613 2455 
f 2456 4296 2452 
f 2452 613 2456 
f 2452 4115 2004 
f 2004 613 2452 
f 2004 4114 2455 
f 2455 613 2004 
f 1993 3112 2081 
f 2081 614 1993 
f 2081 4148 2083 
f 2083 614 2081 
f 2083 4147 2079 
f 2079 614 2083 
f 2079 4107 1993 
f 1993 614 2079 
f 2449 4295 2450 
f 2450 615 2449 
f 2450 4294 2446 
f 2446 615 2450 
f 2446 4117 2006 
f 2006 615 2446 
f 2006 4116 2449 
f 2449 615 2006 
f 2075 4146 2077 
f 2077 616 2075 
f 2077 4145 2073 
f 2073 616 2077 
f 2073 4109 1997 
f 1997 616 2073 
f 1997 3113 2075 
f 2075 616 1997 
f 2443 4293 2444 
f 2444 617 2443 
f 2444 4292 2440 
f 2440 617 2444 
f 2440 4119 2008 
f 2008 617 2440 
f 2008 4118 2443 
f 2443 617 2008 
f 2001 3114 2069 
f 2069 618 2001 
f 2069 4144 2071 
f 2071 618 2069 
f 2071 4143 2067 
f 2067 618 2071 
f 2067 4111 2001 
f 2001 618 2067 
f 2544 4329 2545 
f 2545 619 2544 
f 2545 4328 2541 
f 2541 619 2545 
f 2541 3183 2470 
f 2470 619 2541 
f 2470 4303 2544 
f 2544 619 2470 
f 2541 4328 2542 
f 2542 620 2541 
f 2542 4327 2538 
f 2538 620 2542 
f 2538 4055 1865 
f 1865 620 2538 
f 1865 3183 2541 
f 2541 620 1865 
f 2617 4300 2464 
f 2464 621 2617 
f 2464 3119 2620 
f 2620 621 2464 
f 2620 4356 2622 
f 2622 621 2620 
f 2622 4355 2617 
f 2617 621 2622 
f 2461 4299 2612 
f 2612 622 2461 
f 2612 4353 2613 
f 2613 622 2612 
f 2613 4352 2610 
f 2610 622 2613 
f 2610 3218 2461 
f 2461 622 2610 
f 2633 4360 2634 
f 2634 623 2633 
f 2634 4359 2629 
f 2629 623 2634 
f 2629 4350 2604 
f 2604 623 2629 
f 2604 4114 2633 
f 2633 623 2604 
f 2633 4114 2004 
f 2004 624 2633 
f 2004 4115 2636 
f 2636 624 2004 
f 2636 4361 2637 
f 2637 624 2636 
f 2637 4360 2633 
f 2633 624 2637 
f 2636 4115 2005 
f 2005 625 2636 
f 2005 4116 2639 
f 2639 625 2005 
f 2639 4362 2640 
f 2640 625 2639 
f 2640 4361 2636 
f 2636 625 2640 
f 2639 4116 2006 
f 2006 626 2639 
f 2006 4117 2642 
f 2642 626 2006 
f 2642 4363 2643 
f 2643 626 2642 
f 2643 4362 2639 
f 2639 626 2643 
f 2642 4117 2007 
f 2007 627 2642 
f 2007 4118 2645 
f 2645 627 2007 
f 2645 4364 2646 
f 2646 627 2645 
f 2646 4363 2642 
f 2642 627 2646 
f 2645 4118 2008 
f 2008 628 2645 
f 2008 4119 2648 
f 2648 628 2008 
f 2648 4365 2649 
f 2649 628 2648 
f 2649 4364 2645 
f 2645 628 2649 
f 2648 4119 2009 
f 2009 629 2648 
f 2009 4120 2651 
f 2651 629 2009 
f 2651 4366 2652 
f 2652 629 2651 
f 2652 4365 2648 
f 2648 629 2652 
f 2655 4366 2651 
f 2651 630 2655 
f 2651 4120 2010 
f 2010 630 2651 
f 2010 4121 2654 
f 2654 630 2010 
f 2654 4367 2655 
f 2655 630 2654 
f 2657 4368 2658 
f 2658 631 2657 
f 2658 4367 2654 
f 2654 631 2658 
f 2654 4121 2011 
f 2011 631 2654 
f 2011 4122 2657 
f 2657 631 2011 
f 2659 4369 2660 
f 2660 632 2659 
f 2660 4125 2020 
f 2020 632 2660 
f 2020 2863 977 
f 977 632 2020 
f 977 2876 2659 
f 2659 632 977 
f 2013 4123 2014 
f 2014 633 2013 
f 2014 4091 1953 
f 1953 633 2014 
f 1953 4092 1951 
f 1951 633 1953 
f 1951 3178 2013 
f 2013 633 1951 
f 2014 4123 2012 
f 2012 634 2014 
f 2012 3097 1946 
f 1946 634 2012 
f 1946 4090 1950 
f 1950 634 1946 
f 1950 4091 2014 
f 2014 634 1950 
f 1060 3188 2016 
f 2016 635 1060 
f 2017 635 2016 
f 2017 4123 2013 
f 2013 635 2017 
f 2013 3178 1060 
f 1060 635 2013 
f 1047 3107 2574 
f 2574 636 1047 
f 2574 4339 2576 
f 2576 636 2574 
f 2576 4338 2571 
f 2571 636 2576 
f 2571 3178 1047 
f 1047 636 2571 
f 2431 4289 2432 
f 2432 637 2431 
f 2432 4288 2429 
f 2429 637 2432 
f 2429 4125 2021 
f 2021 637 2429 
f 2021 4122 2431 
f 2431 637 2021 
f 2662 4368 2657 
f 2657 638 2662 
f 2657 4122 2021 
f 2021 638 2657 
f 2021 4125 2660 
f 2660 638 2021 
f 2660 4369 2662 
f 2662 638 2660 
f 2025 3204 2058 
f 2058 639 2025 
f 2058 4140 2059 
f 2059 639 2058 
f 2059 4139 2056 
f 2056 639 2059 
f 2056 4127 2025 
f 2025 639 2056 
f 2010 4120 2437 
f 2437 640 2010 
f 2437 4291 2438 
f 2438 640 2437 
f 2438 4290 2433 
f 2433 640 2438 
f 2433 4121 2010 
f 2010 640 2433 
f 2433 4290 2435 
f 2435 641 2433 
f 2435 4289 2431 
f 2431 641 2435 
f 2431 4122 2011 
f 2011 641 2431 
f 2011 4121 2433 
f 2433 641 2011 
f 1060 3178 2571 
f 2571 642 1060 
f 2571 4338 2572 
f 2572 642 2571 
f 2572 4337 2567 
f 2567 642 2572 
f 2567 3188 1060 
f 1060 642 2567 
f 1112 3242 2029 
f 2029 643 1112 
f 2029 4129 2033 
f 2033 643 2029 
f 2033 4130 2032 
f 2032 643 2033 
f 2032 3083 1112 
f 1112 643 2032 
f 2035 3200 2186 
f 2186 644 2035 
f 2186 4185 2187 
f 2187 644 2186 
f 2187 4184 2183 
f 2183 644 2187 
f 2183 4131 2035 
f 2035 644 2183 
f 2108 4156 2104 
f 2104 645 2108 
f 2104 3200 2035 
f 2035 645 2104 
f 2035 4131 2107 
f 2107 645 2035 
f 2107 4157 2108 
f 2108 645 2107 
f 1290 3345 1432 
f 1432 646 1290 
f 1432 3443 2038 
f 2038 646 1432 
f 2038 4132 2037 
f 2037 646 2038 
f 2037 3243 1290 
f 1290 646 2037 
f 1113 3243 2037 
f 2037 647 1113 
f 2037 4132 2041 
f 2041 647 2037 
f 2041 4133 2040 
f 2040 647 2041 
f 2040 3110 1113 
f 1113 647 2040 
f 2193 4186 2189 
f 2189 648 2193 
f 2189 4134 2043 
f 2043 648 2189 
f 2043 3201 2192 
f 2192 648 2043 
f 2192 4187 2193 
f 2193 648 2192 
f 2043 4134 2101 
f 2101 649 2043 
f 2101 4155 2102 
f 2102 649 2101 
f 2102 4154 2098 
f 2098 649 2102 
f 2098 3201 2043 
f 2043 649 2098 
f 2044 3198 2116 
f 2116 650 2044 
f 2116 4160 2117 
f 2117 650 2116 
f 2117 4159 2113 
f 2113 650 2117 
f 2113 4135 2044 
f 2044 650 2113 
f 2178 4181 2175 
f 2175 651 2178 
f 2175 3198 2044 
f 2044 651 2175 
f 2044 4135 2176 
f 2176 651 2044 
f 2176 4182 2178 
f 2178 651 2176 
f 2048 3240 1110 
f 1110 652 2048 
f 1110 3078 2046 
f 2046 652 1110 
f 2046 4136 2050 
f 2050 652 2046 
f 2050 4137 2048 
f 2048 652 2050 
f 2051 3342 1283 
f 1283 653 2051 
f 1283 3240 2048 
f 2048 653 1283 
f 2048 4137 2053 
f 2053 653 2048 
f 2053 4138 2051 
f 2051 653 2053 
f 1438 3445 1436 
f 1436 654 1438 
f 1436 3373 1324 
f 1324 654 1436 
f 1324 3235 1434 
f 1434 654 1324 
f 1434 3444 1438 
f 1438 654 1434 
f 2054 4139 2055 
f 2055 655 2054 
f 2055 4126 2022 
f 2022 655 2055 
f 2022 2786 952 
f 952 655 2022 
f 952 2864 2054 
f 2054 655 952 
f 2057 3203 2023 
f 2023 656 2057 
f 2023 4126 2055 
f 2055 656 2023 
f 2055 4139 2059 
f 2059 656 2055 
f 2059 4140 2057 
f 2057 656 2059 
f 2060 3173 1073 
f 1073 657 2060 
f 1073 3203 2057 
f 2057 657 1073 
f 2057 4140 2062 
f 2062 657 2057 
f 2062 4141 2060 
f 2060 657 2062 
f 2064 3128 1038 
f 1038 658 2064 
f 1038 3173 2060 
f 2060 658 1038 
f 2060 4141 2065 
f 2065 658 2060 
f 2065 4142 2064 
f 2064 658 2065 
f 2066 4110 1999 
f 1999 659 2066 
f 1999 3128 2064 
f 2064 659 1999 
f 2064 4142 2068 
f 2068 659 2064 
f 2068 4143 2066 
f 2066 659 2068 
f 2070 3129 2000 
f 2000 660 2070 
f 2000 4110 2066 
f 2066 660 2000 
f 2066 4143 2071 
f 2071 660 2066 
f 2071 4144 2070 
f 2070 660 2071 
f 2072 4108 1995 
f 1995 661 2072 
f 1995 3129 2070 
f 2070 661 1995 
f 2070 4144 2074 
f 2074 661 2070 
f 2074 4145 2072 
f 2072 661 2074 
f 2076 3130 1996 
f 1996 662 2076 
f 1996 4108 2072 
f 2072 662 1996 
f 2072 4145 2077 
f 2077 662 2072 
f 2077 4146 2076 
f 2076 662 2077 
f 2078 4106 1991 
f 1991 663 2078 
f 1991 3130 2076 
f 2076 663 1991 
f 2076 4146 2080 
f 2080 663 2076 
f 2080 4147 2078 
f 2078 663 2080 
f 2082 3131 1992 
f 1992 664 2082 
f 1992 4106 2078 
f 2078 664 1992 
f 2078 4147 2083 
f 2083 664 2078 
f 2083 4148 2082 
f 2082 664 2083 
f 2703 4351 2606 
f 2606 665 2703 
f 2606 3131 2082 
f 2082 665 2606 
f 2082 4148 2701 
f 2701 665 2082 
f 2701 4382 2703 
f 2703 665 2701 
f 2086 3134 1090 
f 1090 666 2086 
f 1090 3216 2085 
f 2085 666 1090 
f 2085 4149 2088 
f 2088 666 2085 
f 2088 4150 2086 
f 2086 666 2088 
f 2091 3132 1019 
f 1019 667 2091 
f 1019 3134 2086 
f 2086 667 1019 
f 2086 4150 2092 
f 2092 667 2086 
f 2092 4151 2091 
f 2091 667 2092 
f 2089 2865 955 
f 955 668 2089 
f 955 2787 1016 
f 1016 668 955 
f 1016 3132 2091 
f 2091 668 1016 
f 2091 4151 2089 
f 2089 668 2091 
f 2096 4153 2094 
f 2094 669 2096 
f 2094 3174 1074 
f 1074 669 2094 
f 1074 3204 2093 
f 2093 669 1074 
f 2093 4152 2096 
f 2096 669 2093 
f 2097 3115 1039 
f 1039 670 2097 
f 1039 3174 2094 
f 2094 670 1039 
f 2094 4153 2099 
f 2099 670 2094 
f 2099 4154 2097 
f 2097 670 2099 
f 2100 4111 2002 
f 2002 671 2100 
f 2002 3115 2097 
f 2097 671 2002 
f 2097 4154 2102 
f 2102 671 2097 
f 2102 4155 2100 
f 2100 671 2102 
f 2103 3114 2001 
f 2001 672 2103 
f 2001 4111 2100 
f 2100 672 2001 
f 2100 4155 2105 
f 2105 672 2100 
f 2105 4156 2103 
f 2103 672 2105 
f 1998 3114 2103 
f 2103 673 1998 
f 2103 4156 2108 
f 2108 673 2103 
f 2108 4157 2106 
f 2106 673 2108 
f 2106 4109 1998 
f 1998 673 2106 
f 2109 3113 1997 
f 1997 674 2109 
f 1997 4109 2106 
f 2106 674 1997 
f 2106 4157 2111 
f 2111 674 2106 
f 2111 4158 2109 
f 2109 674 2111 
f 2112 4107 1994 
f 1994 675 2112 
f 1994 3113 2109 
f 2109 675 1994 
f 2109 4158 2114 
f 2114 675 2109 
f 2114 4159 2112 
f 2112 675 2114 
f 2115 3112 1993 
f 1993 676 2115 
f 1993 4107 2112 
f 2112 676 1993 
f 2112 4159 2117 
f 2117 676 2112 
f 2117 4160 2115 
f 2115 676 2117 
f 2704 3112 2115 
f 2115 677 2704 
f 2115 4160 2707 
f 2707 677 2115 
f 2707 4384 2709 
f 2709 677 2707 
f 2709 4383 2704 
f 2704 677 2709 
f 2120 3135 1089 
f 1089 678 2120 
f 1089 3215 2119 
f 2119 678 1089 
f 2119 4161 2122 
f 2122 678 2119 
f 2122 4162 2120 
f 2120 678 2122 
f 2124 3117 1020 
f 1020 679 2124 
f 1020 3135 2120 
f 2120 679 1020 
f 2120 4162 2126 
f 2126 679 2120 
f 2126 4163 2124 
f 2124 679 2126 
f 2123 2866 956 
f 956 680 2123 
f 956 2782 1010 
f 1010 680 956 
f 1010 3117 2124 
f 2124 680 1010 
f 2124 4163 2123 
f 2123 680 2124 
f 2133 4152 2093 
f 2093 681 2133 
f 2093 3204 2025 
f 2025 681 2093 
f 2025 4127 2132 
f 2132 681 2025 
f 2132 4167 2133 
f 2133 681 2132 
f 2197 4171 2145 
f 2145 682 2197 
f 2145 4164 2201 
f 2201 682 2145 
f 2201 4190 2203 
f 2203 682 2201 
f 2203 4189 2197 
f 2197 682 2203 
f 2148 4173 2150 
f 2150 683 2148 
f 2150 4172 2147 
f 2147 683 2150 
f 2147 4165 2130 
f 2130 683 2147 
f 2130 4166 2148 
f 2148 683 2130 
f 2145 4171 2144 
f 2144 684 2145 
f 2144 4152 2133 
f 2133 684 2144 
f 2133 4167 2134 
f 2134 684 2133 
f 2134 4164 2145 
f 2145 684 2134 
f 2127 4164 2134 
f 2134 685 2127 
f 2134 4167 2131 
f 2131 685 2134 
f 2131 2867 958 
f 958 685 2131 
f 958 2776 2127 
f 2127 685 958 
f 2137 4168 2136 
f 2136 686 2137 
f 2136 3229 1101 
f 1101 686 2136 
f 1101 3234 1453 
f 1453 686 1101 
f 1453 3451 2137 
f 2137 686 1453 
f 2194 3202 2143 
f 2143 687 2194 
f 2143 4171 2197 
f 2197 687 2143 
f 2197 4189 2199 
f 2199 687 2197 
f 2199 4188 2194 
f 2194 687 2199 
f 2149 4170 2140 
f 2140 688 2149 
f 2140 3205 2146 
f 2146 688 2140 
f 2146 4172 2150 
f 2150 688 2146 
f 2150 4173 2149 
f 2149 688 2150 
f 2152 4169 2142 
f 2142 689 2152 
f 2142 4170 2149 
f 2149 689 2142 
f 2149 4173 2153 
f 2153 689 2149 
f 2153 4174 2152 
f 2152 689 2153 
f 2136 4168 2139 
f 2139 690 2136 
f 2139 4169 2152 
f 2152 690 2139 
f 2152 4174 2151 
f 2151 690 2152 
f 2151 3229 2136 
f 2136 690 2151 
f 2148 4166 2156 
f 2156 691 2148 
f 2156 4175 2157 
f 2157 691 2156 
f 2157 4174 2153 
f 2153 691 2157 
f 2153 4173 2148 
f 2148 691 2153 
f 2157 4175 2154 
f 2154 692 2157 
f 2154 3228 1096 
f 1096 692 2154 
f 1096 3229 2151 
f 2151 692 1096 
f 2151 4174 2157 
f 2157 692 2151 
f 1126 3251 1435 
f 1435 693 1126 
f 1435 3444 2161 
f 2161 693 1435 
f 2161 4176 2159 
f 2159 693 2161 
f 2159 3250 1126 
f 1126 693 2159 
f 1270 3250 2159 
f 2159 694 1270 
f 2159 4176 2160 
f 2160 694 2159 
f 2160 3336 1271 
f 1271 694 2160 
f 1271 3337 1270 
f 1270 694 1271 
f 2163 3223 1282 
f 1282 695 2163 
f 1282 3342 2051 
f 2051 695 1282 
f 2051 4138 2164 
f 2164 695 2051 
f 2164 4177 2163 
f 2163 695 2164 
f 2165 4178 2167 
f 2167 696 2165 
f 2167 3209 1079 
f 1079 696 2167 
f 1079 2794 961 
f 961 696 1079 
f 961 2868 2165 
f 2165 696 961 
f 2167 4178 2170 
f 2170 697 2167 
f 2170 4179 2168 
f 2168 697 2170 
f 2168 3137 1081 
f 1081 697 2168 
f 1081 3209 2167 
f 2167 697 1081 
f 2168 4179 2173 
f 2173 698 2168 
f 2173 4180 2171 
f 2171 698 2173 
f 2171 3213 1086 
f 1086 698 2171 
f 1086 3137 2168 
f 2168 698 1086 
f 2174 3078 2716 
f 2716 699 2174 
f 2716 4387 2718 
f 2718 699 2716 
f 2718 4386 2714 
f 2714 699 2718 
f 2714 4181 2174 
f 2174 699 2714 
f 2046 3078 2174 
f 2174 700 2046 
f 2174 4181 2178 
f 2178 700 2174 
f 2178 4182 2177 
f 2177 700 2178 
f 2177 4136 2046 
f 2046 700 2177 
f 2047 4136 2177 
f 2177 701 2047 
f 2177 4182 2181 
f 2181 701 2177 
f 2181 4183 2179 
f 2179 701 2181 
f 2179 3079 2047 
f 2047 701 2179 
f 2179 4183 2184 
f 2184 702 2179 
f 2184 4184 2182 
f 2182 702 2184 
f 2182 4130 2031 
f 2031 702 2182 
f 2031 3079 2179 
f 2179 702 2031 
f 2185 3083 2032 
f 2032 703 2185 
f 2032 4130 2182 
f 2182 703 2032 
f 2182 4184 2187 
f 2187 703 2182 
f 2187 4185 2185 
f 2185 703 2187 
f 2039 3083 2185 
f 2185 704 2039 
f 2185 4185 2190 
f 2190 704 2185 
f 2190 4186 2188 
f 2188 704 2190 
f 2188 4133 2039 
f 2039 704 2188 
f 2040 4133 2188 
f 2188 705 2040 
f 2188 4186 2193 
f 2193 705 2188 
f 2193 4187 2191 
f 2191 705 2193 
f 2191 3110 2040 
f 2040 705 2191 
f 2191 4187 2196 
f 2196 706 2191 
f 2196 4188 2195 
f 2195 706 2196 
f 2195 3205 1075 
f 1075 706 2195 
f 1075 3110 2191 
f 2191 706 1075 
f 2195 4188 2199 
f 2199 707 2195 
f 2199 4189 2198 
f 2198 707 2199 
f 2198 4172 2146 
f 2146 707 2198 
f 2146 3205 2195 
f 2195 707 2146 
f 2198 4189 2203 
f 2203 708 2198 
f 2203 4190 2202 
f 2202 708 2203 
f 2202 4165 2147 
f 2147 708 2202 
f 2147 4172 2198 
f 2198 708 2147 
f 2202 4190 2200 
f 2200 709 2202 
f 2200 2869 1008 
f 1008 709 2200 
f 1008 3116 2128 
f 2128 709 1008 
f 2128 4165 2202 
f 2202 709 2128 
f 1009 3116 1008 
f 1008 710 1009 
f 1008 2869 963 
f 963 710 1008 
f 963 2797 987 
f 987 710 963 
f 987 2882 1009 
f 1009 710 987 
f 1496 3225 1107 
f 1107 711 1496 
f 1107 3238 1489 
f 1489 711 1107 
f 1489 3465 1498 
f 1498 711 1489 
f 1498 3468 1496 
f 1496 711 1498 
f 2204 3230 1097 
f 1097 712 2204 
f 1097 3223 2163 
f 2163 712 1097 
f 2163 4177 2206 
f 2206 712 2163 
f 2206 4191 2204 
f 2204 712 2206 
f 2207 3368 1319 
f 1319 713 2207 
f 1319 3230 2204 
f 2204 713 1319 
f 2204 4191 2209 
f 2209 713 2204 
f 2209 4192 2207 
f 2207 713 2209 
f 2210 3379 1334 
f 1334 714 2210 
f 1334 3368 2207 
f 2207 714 1334 
f 2207 4192 2212 
f 2212 714 2207 
f 2212 4193 2210 
f 2210 714 2212 
f 2369 4254 2365 
f 2365 715 2369 
f 2365 4193 2211 
f 2211 715 2365 
f 2211 3380 2367 
f 2367 715 2211 
f 2367 4255 2369 
f 2369 715 2367 
f 2367 3380 1417 
f 1417 716 2367 
f 1417 3438 2370 
f 2370 716 1417 
f 2370 4256 2372 
f 2372 716 2370 
f 2372 4255 2367 
f 2367 716 2372 
f 2215 3358 1349 
f 1349 717 2215 
f 1349 3391 2213 
f 2213 717 1349 
f 2213 4194 2217 
f 2217 717 2213 
f 2217 4195 2215 
f 2215 717 2217 
f 2218 3347 1306 
f 1306 718 2218 
f 1306 3358 2215 
f 2215 718 1306 
f 2215 4195 2220 
f 2220 718 2215 
f 2220 4196 2218 
f 2218 718 2220 
f 2222 3089 1292 
f 1292 719 2222 
f 1292 3347 2218 
f 2218 719 1292 
f 2218 4196 2223 
f 2223 719 2218 
f 2223 4197 2222 
f 2222 719 2223 
f 2224 3413 1368 
f 1368 720 2224 
f 1368 3089 2222 
f 2222 720 1368 
f 2222 4197 2226 
f 2226 720 2222 
f 2226 4198 2224 
f 2224 720 2226 
f 1351 3393 1460 
f 1460 721 1351 
f 1460 3454 2229 
f 2229 721 1460 
f 2229 4199 2227 
f 2227 721 2229 
f 2227 3360 1351 
f 1351 721 2227 
f 1444 3351 1310 
f 1310 722 1444 
f 1310 3362 2231 
f 2231 722 1310 
f 2231 4200 2234 
f 2234 722 2231 
f 2234 3448 1444 
f 1444 722 2234 
f 2237 3359 1350 
f 1350 723 2237 
f 1350 3392 2235 
f 2235 723 1350 
f 2235 4201 2239 
f 2239 723 2235 
f 2239 4202 2237 
f 2237 723 2239 
f 2240 3348 1307 
f 1307 724 2240 
f 1307 3359 2237 
f 2237 724 1307 
f 2237 4202 2242 
f 2242 724 2237 
f 2242 4203 2240 
f 2240 724 2242 
f 2243 3088 1293 
f 1293 725 2243 
f 1293 3348 2240 
f 2240 725 1293 
f 2240 4203 2245 
f 2245 725 2240 
f 2245 4204 2243 
f 2243 725 2245 
f 2246 3414 1370 
f 1370 726 2246 
f 1370 3088 2243 
f 2243 726 1370 
f 2243 4204 2248 
f 2248 726 2243 
f 2248 4205 2246 
f 2246 726 2248 
f 2251 3366 1360 
f 1360 727 2251 
f 1360 3399 2249 
f 2249 727 1360 
f 2249 4206 2252 
f 2252 727 2249 
f 2252 4207 2251 
f 2251 727 2252 
f 2253 3355 1317 
f 1317 728 2253 
f 1317 3366 2251 
f 2251 728 1317 
f 2251 4207 2255 
f 2255 728 2251 
f 2255 4208 2253 
f 2253 728 2255 
f 2256 3108 1303 
f 1303 729 2256 
f 1303 3355 2253 
f 2253 729 1303 
f 2253 4208 2258 
f 2258 729 2253 
f 2258 4209 2256 
f 2256 729 2258 
f 2260 3421 1387 
f 1387 730 2260 
f 1387 3108 2256 
f 2256 730 1387 
f 2256 4209 2262 
f 2262 730 2256 
f 2262 4210 2260 
f 2260 730 2262 
f 2400 3387 1493 
f 1493 731 2400 
f 1493 3467 2403 
f 2403 731 1493 
f 2403 4267 2405 
f 2405 731 2403 
f 2405 4266 2400 
f 2400 731 2405 
f 2265 3365 1358 
f 1358 732 2265 
f 1358 3398 2263 
f 2263 732 1358 
f 2263 4211 2267 
f 2267 732 2263 
f 2267 4212 2265 
f 2265 732 2267 
f 2268 3354 1315 
f 1315 733 2268 
f 1315 3365 2265 
f 2265 733 1315 
f 2265 4212 2270 
f 2270 733 2265 
f 2270 4213 2268 
f 2268 733 2270 
f 2272 3109 1301 
f 1301 734 2272 
f 1301 3354 2268 
f 2268 734 1301 
f 2268 4213 2273 
f 2273 734 2268 
f 2273 4214 2272 
f 2272 734 2273 
f 2274 3420 1384 
f 1384 735 2274 
f 1384 3109 2272 
f 2272 735 1384 
f 2272 4214 2276 
f 2276 735 2272 
f 2276 4215 2274 
f 2274 735 2276 
f 1305 3346 1291 
f 1291 736 1305 
f 1291 3087 1078 
f 1078 736 1291 
f 1078 3208 1304 
f 1304 736 1078 
f 1304 3356 1305 
f 1305 736 1304 
f 2280 3412 1366 
f 1366 737 2280 
f 1366 3087 2277 
f 2277 737 1366 
f 2277 4216 2282 
f 2282 737 2277 
f 2282 4217 2280 
f 2280 737 2282 
f 2415 3379 2210 
f 2210 738 2415 
f 2210 4193 2365 
f 2365 738 2210 
f 2365 4254 2417 
f 2417 738 2365 
f 2417 4271 2415 
f 2415 738 2417 
f 1921 4074 2287 
f 2287 739 1921 
f 2287 4219 2290 
f 2290 739 2287 
f 2290 4220 2289 
f 2289 739 2290 
f 2289 4077 1921 
f 1921 739 2289 
f 1030 3150 1920 
f 1920 740 1030 
f 1920 4077 2289 
f 2289 740 1920 
f 2289 4220 2288 
f 2288 740 2289 
f 2288 3101 1030 
f 1030 740 2288 
f 2292 741 2291 
f 2292 4219 2286 
f 2286 741 2292 
f 2286 3102 1000 
f 1000 741 2286 
f 1000 3091 2291 
f 2291 741 1000 
f 2293 3071 999 
f 999 742 2293 
f 999 3101 2288 
f 2288 742 999 
f 2288 4220 2294 
f 2294 742 2288 
f 2293 742 2294 
f 2294 4220 2290 
f 2290 743 2294 
f 2290 4219 2292 
f 2292 743 2290 
f 2295 743 2292 
f 2294 743 2295 
f 1365 3408 1388 
f 1388 744 1365 
f 1388 3421 2260 
f 2260 744 1388 
f 2260 4210 2259 
f 2259 744 2260 
f 2259 3409 1365 
f 1365 744 2259 
f 2259 4210 2261 
f 2261 745 2259 
f 2261 3422 2298 
f 2298 745 2261 
f 2298 4221 2296 
f 2296 745 2298 
f 2296 3409 2259 
f 2259 745 2296 
f 2300 3433 1404 
f 1404 746 2300 
f 1404 3409 2296 
f 2296 746 1404 
f 2296 4221 2301 
f 2301 746 2296 
f 2301 4222 2300 
f 2300 746 2301 
f 4223 3999 1714 
f 1714 747 4223 
f 1714 3433 2300 
f 2300 747 1714 
f 2300 4222 2302 
f 2302 747 2300 
f 2302 4223 747 
f 2303 3410 1367 
f 1367 748 2303 
f 1367 3412 2280 
f 2280 748 1367 
f 2280 4217 2305 
f 2305 748 2280 
f 2305 4224 2303 
f 2303 748 2305 
f 2306 3423 1391 
f 1391 749 2306 
f 1391 3410 2303 
f 2303 749 1391 
f 2303 4224 2308 
f 2308 749 2303 
f 2308 4225 2306 
f 2306 749 2308 
f 4226 3989 1704 
f 1704 750 4226 
f 1704 3423 2306 
f 2306 750 1704 
f 2306 4225 2309 
f 2309 750 2306 
f 2309 4226 750 
f 4227 3042 3989 
f 3989 4226 4227 
f 4228 3035 3999 
f 3999 4223 4228 
f 2311 3411 1369 
f 1369 751 2311 
f 1369 3413 2224 
f 2224 751 1369 
f 2224 4198 2312 
f 2312 751 2224 
f 2312 4229 2311 
f 2311 751 2312 
f 2313 3424 1392 
f 1392 752 2313 
f 1392 3411 2311 
f 2311 752 1392 
f 2311 4229 2315 
f 2315 752 2311 
f 2315 4230 2313 
f 2313 752 2315 
f 4231 3990 1705 
f 1705 753 4231 
f 1705 3424 2313 
f 2313 753 1705 
f 2313 4230 2316 
f 2316 753 2313 
f 2316 4231 753 
f 4232 3037 3990 
f 3990 4231 4232 
f 3992 3040 4233 
f 4233 4234 3992 
f 1707 3992 754 
f 3992 4234 2319 
f 2319 754 3992 
f 2319 4235 2318 
f 2318 754 2319 
f 2318 3426 1707 
f 1707 754 2318 
f 1394 3426 2318 
f 2318 755 1394 
f 2318 4235 2323 
f 2323 755 2318 
f 2323 4236 2321 
f 2321 755 2323 
f 2321 3402 1394 
f 1394 755 2321 
f 1373 3402 2321 
f 2321 756 1373 
f 2321 4236 2322 
f 2322 756 2321 
f 2322 4205 2247 
f 2247 756 2322 
f 2247 3415 1373 
f 1373 756 2247 
f 3995 3996 3041 
f 3041 3039 3995 
f 2324 3407 1385 
f 1385 757 2324 
f 1385 3420 2274 
f 2274 757 1385 
f 2274 4215 2326 
f 2326 757 2274 
f 2326 4237 2324 
f 2324 757 2326 
f 2327 3431 1401 
f 1401 758 2327 
f 1401 3407 2324 
f 2324 758 1401 
f 2324 4237 2329 
f 2329 758 2324 
f 2329 4238 2327 
f 2327 758 2329 
f 4239 3997 1712 
f 1712 759 4239 
f 1712 3431 2327 
f 2327 759 1712 
f 2327 4238 2330 
f 2330 759 2327 
f 2330 4239 759 
f 3996 3997 4240 
f 4240 3041 3996 
f 3997 4239 3036 
f 3036 4240 3997 
f 3998 3999 3035 
f 3035 4241 3998 
f 1394 3402 1470 
f 1470 760 1394 
f 1470 3458 2333 
f 2333 760 1470 
f 2333 4242 2331 
f 2331 760 2333 
f 2331 3426 1394 
f 1394 760 2331 
f 4243 3992 1707 
f 1707 761 4243 
f 1707 3426 2331 
f 2331 761 1707 
f 2331 4242 2334 
f 2334 761 2331 
f 2334 4243 761 
f 3034 3040 3992 
f 3992 4243 3034 
f 4245 3994 1709 
f 1709 762 4245 
f 1709 3428 2335 
f 2335 762 1709 
f 2335 4244 2338 
f 2338 762 2335 
f 2338 4245 762 
f 4245 3995 3039 
f 3039 4247 4245 
f 4246 3993 3994 
f 3994 3033 4246 
f 3034 4243 3993 
f 3993 4246 3034 
f 3994 4245 4247 
f 4247 3033 3994 
f 2355 4249 2342 
f 2342 763 2355 
f 2342 4207 2252 
f 2252 763 2342 
f 2252 4206 2353 
f 2353 763 2252 
f 2355 763 2353 
f 2343 3356 2254 
f 2254 764 2343 
f 2254 4208 2356 
f 2356 764 2254 
f 2358 764 2356 
f 2358 4250 2343 
f 2343 764 2358 
f 2343 4250 2347 
f 2347 765 2343 
f 2347 4251 2345 
f 2345 765 2347 
f 2345 3346 1305 
f 1305 765 2345 
f 1305 3356 2343 
f 2343 765 1305 
f 2361 766 2359 
f 2361 4252 2349 
f 2349 766 2361 
f 2349 3461 1479 
f 1479 766 2349 
f 1479 3460 2359 
f 2359 766 1479 
f 2283 4218 2362 
f 2362 767 2283 
f 2364 767 2362 
f 2364 4253 2351 
f 2351 767 2364 
f 2351 3390 2283 
f 2283 767 2351 
f 2340 3400 1361 
f 1361 768 2340 
f 1361 3390 2351 
f 2351 768 1361 
f 2351 4253 2352 
f 2352 768 2351 
f 2352 4248 2340 
f 2340 768 2352 
f 2340 4248 2354 
f 2354 769 2340 
f 2353 769 2354 
f 2353 4206 2250 
f 2250 769 2353 
f 2250 3400 2340 
f 2340 769 2250 
f 2356 4208 2255 
f 2255 770 2356 
f 2255 4207 2342 
f 2342 770 2255 
f 2342 4249 2357 
f 2357 770 2342 
f 2356 770 2357 
f 1476 3346 2345 
f 2345 771 1476 
f 2345 4251 2360 
f 2360 771 2345 
f 2359 771 2360 
f 2359 3460 1476 
f 1476 771 2359 
f 2285 3461 2349 
f 2349 772 2285 
f 2349 4252 2363 
f 2363 772 2349 
f 2362 772 2363 
f 2362 4218 2285 
f 2285 772 2362 
f 2284 4218 2366 
f 2366 773 2284 
f 2366 4254 2369 
f 2369 773 2366 
f 2369 4255 2368 
f 2368 773 2369 
f 2368 3391 2284 
f 2284 773 2368 
f 2368 4255 2372 
f 2372 774 2368 
f 2372 4256 2371 
f 2371 774 2372 
f 2371 4194 2213 
f 2213 774 2371 
f 2213 3391 2368 
f 2368 774 2213 
f 2214 4194 2371 
f 2371 775 2214 
f 2371 4256 2375 
f 2375 775 2371 
f 2375 4257 2374 
f 2374 775 2375 
f 2374 3392 2214 
f 2214 775 2374 
f 2377 4201 2235 
f 2235 776 2377 
f 2235 3392 2374 
f 2374 776 2235 
f 2374 4257 2378 
f 2378 776 2374 
f 2378 4258 2377 
f 2377 776 2378 
f 2236 4201 2377 
f 2377 777 2236 
f 2377 4258 2381 
f 2381 777 2377 
f 2381 4259 2380 
f 2380 777 2381 
f 2380 3393 2236 
f 2236 777 2380 
f 1460 3393 2380 
f 2380 778 1460 
f 2380 4259 2384 
f 2384 778 2380 
f 2384 4260 2383 
f 2383 778 2384 
f 2383 3454 1460 
f 1460 778 2383 
f 2386 3394 1461 
f 1461 779 2386 
f 1461 3454 2383 
f 2383 779 1461 
f 2383 4260 2387 
f 2387 779 2383 
f 2387 4261 2386 
f 2386 779 2387 
f 2389 3395 1354 
f 1354 780 2389 
f 1354 3394 2386 
f 2386 780 1354 
f 2386 4261 2390 
f 2390 780 2386 
f 2390 4262 2389 
f 2389 780 2390 
f 1442 3395 2389 
f 2389 781 1442 
f 2389 4262 2393 
f 2393 781 2389 
f 2393 4263 2392 
f 2392 781 2393 
f 2392 3447 1442 
f 1442 781 2392 
f 2395 3396 1443 
f 1443 782 2395 
f 1443 3447 2392 
f 2392 782 1443 
f 2392 4263 2396 
f 2396 782 2392 
f 2396 4264 2395 
f 2395 782 2396 
f 2398 3397 1357 
f 1357 783 2398 
f 1357 3396 2395 
f 2395 783 1357 
f 2395 4264 2399 
f 2399 783 2395 
f 2399 4265 2398 
f 2398 783 2399 
f 2401 3398 1359 
f 1359 784 2401 
f 1359 3397 2398 
f 2398 784 1359 
f 2398 4265 2402 
f 2402 784 2398 
f 2402 4266 2401 
f 2401 784 2402 
f 2401 4266 2405 
f 2405 785 2401 
f 2405 4267 2404 
f 2404 785 2405 
f 2404 4211 2263 
f 2263 785 2404 
f 2263 3398 2401 
f 2401 785 2263 
f 2407 3399 2264 
f 2264 786 2407 
f 2264 4211 2404 
f 2404 786 2264 
f 2404 4267 2408 
f 2408 786 2404 
f 2408 4268 2407 
f 2407 786 2408 
f 2410 4206 2249 
f 2249 787 2410 
f 2249 3399 2407 
f 2407 787 2249 
f 2407 4268 2411 
f 2411 787 2407 
f 2411 4269 2410 
f 2410 787 2411 
f 2250 4206 2410 
f 2410 788 2250 
f 2410 4269 2414 
f 2414 788 2410 
f 2414 4270 2413 
f 2413 788 2414 
f 2413 3400 2250 
f 2250 788 2413 
f 2416 3390 1361 
f 1361 789 2416 
f 1361 3400 2413 
f 2413 789 1361 
f 2413 4270 2418 
f 2418 789 2413 
f 2418 4271 2416 
f 2416 789 2418 
f 2283 3390 2416 
f 2416 790 2283 
f 2416 4271 2417 
f 2417 790 2416 
f 2417 4254 2366 
f 2366 790 2417 
f 2366 4218 2283 
f 2283 790 2366 
f 4273 3049 3048 
f 1703 3987 791 
f 3987 4277 791 
f 4277 4275 2419 
f 2419 791 4277 
f 2419 3988 1703 
f 1703 791 2419 
f 3970 3972 4278 
f 4278 4272 3970 
f 3048 3970 4272 
f 3050 3049 4273 
f 4273 4276 3050 
f 3987 3969 4274 
f 4274 4277 3987 
f 1702 3988 2419 
f 2419 792 1702 
f 2419 4275 792 
f 4275 4278 792 
f 4278 3972 1702 
f 1702 792 4278 
f 1563 3907 2422 
f 2422 793 1563 
f 2422 4279 2420 
f 2420 793 2422 
f 2420 2785 936 
f 936 793 2420 
f 936 2851 1563 
f 1563 793 936 
f 2423 4280 2759 
f 2759 794 2423 
f 2759 4402 2758 
f 2758 794 2759 
f 2758 2859 947 
f 947 794 2758 
f 947 2777 2423 
f 2423 794 947 
f 2731 2774 943 
f 943 795 2731 
f 943 2857 2734 
f 2734 795 943 
f 2734 4393 2735 
f 2735 795 2734 
f 2735 4392 2731 
f 2731 795 2735 
f 973 2874 2729 
f 2729 796 973 
f 2729 4391 2730 
f 2730 796 2729 
f 2730 4281 2425 
f 2425 796 2730 
f 2425 2856 973 
f 973 796 2425 
f 942 2856 2425 
f 2425 797 942 
f 2425 4281 2426 
f 2426 797 2425 
f 2426 3119 1012 
f 1012 797 2426 
f 1012 2775 942 
f 942 797 1012 
f 3572 3484 4282 
f 4282 3553 3572 
f 4282 3485 3554 
f 3554 3553 4282 
f 3019 3479 3478 
f 3478 2996 3019 
f 3020 3480 3479 
f 3479 3019 3020 
f 3480 3020 3021 
f 3021 3481 3480 
f 3481 3021 3022 
f 3022 3482 3481 
f 3482 3022 3023 
f 3023 3483 3482 
f 3483 3023 3024 
f 3024 3484 3483 
f 3025 4282 3484 
f 3484 3024 3025 
f 2998 3485 4282 
f 4282 3025 2998 
f 2999 3486 3485 
f 3485 2998 2999 
f 3000 3487 3486 
f 3486 2999 3000 
f 3001 3488 3487 
f 3487 3000 3001 
f 2996 3478 3488 
f 3488 3001 2996 
f 3654 4283 4284 
f 4284 3687 3654 
f 3855 3852 3833 
f 3833 4283 3855 
f 3819 3851 3855 
f 3855 4283 3819 
f 4286 3851 3854 
f 3854 3850 4286 
f 3851 4286 3852 
f 3852 3855 3851 
f 4286 3849 3856 
f 3856 3852 4286 
f 3849 4286 3850 
f 3850 3853 3849 
f 3719 3716 3714 
f 3714 3718 3719 
f 3715 3717 3718 
f 3718 3714 3715 
f 3723 3720 3717 
f 3717 3715 3723 
f 3722 3721 3720 
f 3720 3723 3722 
f 3761 3797 3796 
f 3796 4287 3761 
f 3764 3761 4287 
f 4287 3766 3764 
f 2018 2772 964 
f 964 798 2018 
f 964 2870 2427 
f 2427 798 964 
f 2427 4288 2428 
f 2428 798 2427 
f 2428 4124 2018 
f 2018 798 2428 
f 2430 3172 2019 
f 2019 799 2430 
f 2019 4124 2428 
f 2428 799 2019 
f 2428 4288 2432 
f 2432 799 2428 
f 2432 4289 2430 
f 2430 799 2432 
f 2434 4128 2027 
f 2027 800 2434 
f 2027 3172 2430 
f 2430 800 2027 
f 2430 4289 2435 
f 2435 800 2430 
f 2435 4290 2434 
f 2434 800 2435 
f 2436 3063 2026 
f 2026 801 2436 
f 2026 4128 2434 
f 2434 801 2026 
f 2434 4290 2438 
f 2438 801 2434 
f 2438 4291 2436 
f 2436 801 2438 
f 2439 4105 1989 
f 1989 802 2439 
f 1989 3063 2436 
f 2436 802 1989 
f 2436 4291 2441 
f 2441 802 2436 
f 2441 4292 2439 
f 2439 802 2441 
f 2442 3084 1990 
f 1990 803 2442 
f 1990 4105 2439 
f 2439 803 1990 
f 2439 4292 2444 
f 2444 803 2439 
f 2444 4293 2442 
f 2442 803 2444 
f 2445 4101 1979 
f 1979 804 2445 
f 1979 3084 2442 
f 2442 804 1979 
f 2442 4293 2447 
f 2447 804 2442 
f 2447 4294 2445 
f 2445 804 2447 
f 2448 3080 1978 
f 1978 805 2448 
f 1978 4101 2445 
f 2445 805 1978 
f 2445 4294 2450 
f 2450 805 2445 
f 2450 4295 2448 
f 2448 805 2450 
f 2451 4097 1968 
f 1968 806 2451 
f 1968 3080 2448 
f 2448 806 1968 
f 2448 4295 2453 
f 2453 806 2448 
f 2453 4296 2451 
f 2451 806 2453 
f 2454 3067 1967 
f 1967 807 2454 
f 1967 4097 2451 
f 2451 807 1967 
f 2451 4296 2456 
f 2456 807 2451 
f 2456 4297 2454 
f 2454 807 2456 
f 2454 4297 2600 
f 2600 808 2454 
f 2600 4349 2602 
f 2602 808 2600 
f 2602 4348 2597 
f 2597 808 2602 
f 2597 3067 2454 
f 2454 808 2597 
f 2460 3118 2614 
f 2614 809 2460 
f 2614 4354 2616 
f 2616 809 2614 
f 2616 4353 2612 
f 2612 809 2616 
f 2612 4299 2460 
f 2460 809 2612 
f 966 2773 1011 
f 1011 810 966 
f 1011 3118 2460 
f 2460 810 1011 
f 2460 4299 2459 
f 2459 810 2460 
f 2459 2871 966 
f 966 810 2459 
f 1011 2773 968 
f 968 811 1011 
f 968 2872 2462 
f 2462 811 968 
f 2462 4300 2463 
f 2463 811 2462 
f 2463 3118 1011 
f 1011 811 2463 
f 2614 3118 2463 
f 2463 812 2614 
f 2463 4300 2617 
f 2617 812 2463 
f 2617 4355 2619 
f 2619 812 2617 
f 2619 4354 2614 
f 2614 812 2619 
f 2599 4347 2595 
f 2595 813 2599 
f 2595 4302 2467 
f 2467 813 2595 
f 2467 3067 2597 
f 2597 813 2467 
f 2597 4348 2599 
f 2599 813 2597 
f 2547 4330 2548 
f 2548 814 2547 
f 2548 4329 2544 
f 2544 814 2548 
f 2544 4303 2469 
f 2469 814 2544 
f 2469 3182 2547 
f 2547 814 2469 
f 2471 3146 1051 
f 1051 815 2471 
f 1051 3182 2469 
f 2469 815 1051 
f 2469 4303 2473 
f 2473 815 2469 
f 2473 4304 2471 
f 2471 815 2473 
f 2474 3099 1027 
f 1027 816 2474 
f 1027 3146 2471 
f 2471 816 1027 
f 2471 4304 2476 
f 2476 816 2471 
f 2476 4305 2474 
f 2474 816 2476 
f 970 2873 2477 
f 2477 817 970 
f 2477 4306 2478 
f 2478 817 2477 
f 2478 3106 1006 
f 1006 817 2478 
f 1006 2780 970 
f 970 817 1006 
f 1045 3106 2478 
f 2478 818 1045 
f 2478 4306 2482 
f 2482 818 2478 
f 2482 4307 2480 
f 2480 818 2482 
f 2480 3177 1045 
f 1045 818 2480 
f 1046 3177 2480 
f 2480 819 1046 
f 2480 4307 2485 
f 2485 819 2480 
f 2485 4308 2483 
f 2483 819 2485 
f 2483 3141 1046 
f 1046 819 2483 
f 2486 4039 1822 
f 1822 820 2486 
f 1822 3141 2483 
f 2483 820 1822 
f 2483 4308 2488 
f 2488 820 2483 
f 2488 4309 2486 
f 2486 820 2488 
f 2489 3161 1823 
f 1823 821 2489 
f 1823 4039 2486 
f 2486 821 1823 
f 2486 4309 2491 
f 2491 821 2486 
f 2491 4310 2489 
f 2489 821 2491 
f 2492 4029 1798 
f 1798 822 2492 
f 1798 3161 2489 
f 2489 822 1798 
f 2489 4310 2494 
f 2494 822 2489 
f 2494 4311 2492 
f 2492 822 2494 
f 2495 3142 1797 
f 1797 823 2495 
f 1797 4029 2492 
f 2492 823 1797 
f 2492 4311 2497 
f 2497 823 2492 
f 2497 4312 2495 
f 2495 823 2497 
f 2498 4025 1789 
f 1789 824 2498 
f 1789 3142 2495 
f 2495 824 1789 
f 2495 4312 2500 
f 2500 824 2495 
f 2500 4313 2498 
f 2498 824 2500 
f 2501 3155 1790 
f 1790 825 2501 
f 1790 4025 2498 
f 2498 825 1790 
f 2498 4313 2503 
f 2503 825 2498 
f 2503 4314 2501 
f 2501 825 2503 
f 2504 4033 1808 
f 1808 826 2504 
f 1808 3155 2501 
f 2501 826 1808 
f 2501 4314 2506 
f 2506 826 2501 
f 2506 4315 2504 
f 2504 826 2506 
f 2504 4315 2509 
f 2509 827 2504 
f 2509 4316 2507 
f 2507 827 2509 
f 2507 3143 1807 
f 1807 827 2507 
f 1807 4033 2504 
f 2504 827 1807 
f 1025 3143 2507 
f 2507 828 1025 
f 2507 4316 2512 
f 2512 828 2507 
f 2512 4317 2510 
f 2510 828 2512 
f 2510 3144 1025 
f 1025 828 2510 
f 1029 3144 2510 
f 2510 829 1029 
f 2510 4317 2515 
f 2515 829 2510 
f 2515 4318 2513 
f 2513 829 2515 
f 2513 3148 1029 
f 1029 829 2513 
f 1053 3148 2513 
f 2513 830 1053 
f 2513 4318 2518 
f 2518 830 2513 
f 2518 4319 2516 
f 2516 830 2518 
f 2516 3184 1053 
f 1053 830 2516 
f 2532 3184 2516 
f 2516 831 2532 
f 2516 4319 2534 
f 2534 831 2516 
f 2534 4326 2536 
f 2536 831 2534 
f 2536 4325 2532 
f 2532 831 2536 
f 2582 3072 2519 
f 2519 832 2582 
f 2519 4320 2585 
f 2585 832 2519 
f 2585 4344 2587 
f 2587 832 2585 
f 2587 4343 2582 
f 2582 832 2587 
f 2732 4392 2740 
f 2740 833 2732 
f 2740 4395 2741 
f 2741 833 2740 
f 2741 4394 2738 
f 2738 833 2741 
f 2738 4391 2732 
f 2732 833 2738 
f 972 2774 2731 
f 2731 834 972 
f 2731 4392 2732 
f 2732 834 2731 
f 2732 4391 2729 
f 2729 834 2732 
f 2729 2874 972 
f 972 834 2729 
f 1916 4075 2523 
f 2523 835 1916 
f 2523 4322 2527 
f 2527 835 2523 
f 2527 4323 2525 
f 2525 835 2527 
f 2525 3149 1916 
f 1916 835 2525 
f 1869 3149 2525 
f 2525 836 1869 
f 2525 4323 2530 
f 2530 836 2525 
f 2530 4324 2528 
f 2528 836 2530 
f 2528 4057 1869 
f 1869 836 2528 
f 1868 4057 2528 
f 2528 837 1868 
f 2528 4324 2533 
f 2533 837 2528 
f 2533 4325 2531 
f 2531 837 2533 
f 2531 3072 1868 
f 1868 837 2531 
f 2531 4325 2536 
f 2536 838 2531 
f 2536 4326 2535 
f 2535 838 2536 
f 2535 4320 2519 
f 2519 838 2535 
f 2519 3072 2531 
f 2531 838 2519 
f 2535 4326 2539 
f 2539 839 2535 
f 2539 4327 2537 
f 2537 839 2539 
f 2537 4054 2520 
f 2520 839 2537 
f 2520 4320 2535 
f 2535 839 2520 
f 2540 3073 1864 
f 1864 840 2540 
f 1864 4054 2537 
f 2537 840 1864 
f 2537 4327 2542 
f 2542 840 2537 
f 2542 4328 2540 
f 2540 840 2542 
f 2543 4302 2468 
f 2468 841 2543 
f 2468 3073 2540 
f 2540 841 2468 
f 2540 4328 2545 
f 2545 841 2540 
f 2545 4329 2543 
f 2543 841 2545 
f 2546 3067 2467 
f 2467 842 2546 
f 2467 4302 2543 
f 2543 842 2467 
f 2543 4329 2548 
f 2548 842 2543 
f 2548 4330 2546 
f 2546 842 2548 
f 2550 4097 1967 
f 1967 843 2550 
f 1967 3067 2546 
f 2546 843 1967 
f 2546 4330 2551 
f 2551 843 2546 
f 2551 4331 2550 
f 2550 843 2551 
f 1968 4097 2550 
f 2550 844 1968 
f 2550 4331 2554 
f 2554 844 2550 
f 2554 4332 2552 
f 2552 844 2554 
f 2552 3080 1968 
f 1968 844 2552 
f 2556 4101 1978 
f 1978 845 2556 
f 1978 3080 2552 
f 2552 845 1978 
f 2552 4332 2557 
f 2557 845 2552 
f 2557 4333 2556 
f 2556 845 2557 
f 1979 4101 2556 
f 2556 846 1979 
f 2556 4333 2560 
f 2560 846 2556 
f 2560 4334 2558 
f 2558 846 2560 
f 2558 3084 1979 
f 1979 846 2558 
f 2562 4105 1990 
f 1990 847 2562 
f 1990 3084 2558 
f 2558 847 1990 
f 2558 4334 2563 
f 2563 847 2558 
f 2563 4335 2562 
f 2562 847 2563 
f 2564 3063 1989 
f 1989 848 2564 
f 1989 4105 2562 
f 2562 848 1989 
f 2562 4335 2566 
f 2566 848 2562 
f 2566 4336 2564 
f 2564 848 2566 
f 2568 4128 2026 
f 2026 849 2568 
f 2026 3063 2564 
f 2564 849 2026 
f 2564 4336 2569 
f 2569 849 2564 
f 2569 4337 2568 
f 2568 849 2569 
f 2570 3172 2027 
f 2027 850 2570 
f 2027 4128 2568 
f 2568 850 2027 
f 2568 4337 2572 
f 2572 850 2568 
f 2572 4338 2570 
f 2570 850 2572 
f 2575 4124 2019 
f 2019 851 2575 
f 2019 3172 2570 
f 2570 851 2019 
f 2570 4338 2576 
f 2576 851 2570 
f 2576 4339 2575 
f 2575 851 2576 
f 2018 4124 2575 
f 2575 852 2018 
f 2575 4339 2573 
f 2573 852 2575 
f 2573 2875 974 
f 974 852 2573 
f 974 2772 2018 
f 2018 852 974 
f 2583 4343 2587 
f 2587 853 2583 
f 2587 4344 2586 
f 2586 853 2587 
f 2586 4321 2521 
f 2521 853 2586 
f 2521 3120 2583 
f 2583 853 2521 
f 2586 4344 2590 
f 2590 854 2586 
f 2590 4345 2588 
f 2588 854 2590 
f 2588 4053 2522 
f 2522 854 2588 
f 2522 4321 2586 
f 2586 854 2522 
f 2003 4053 2588 
f 2588 855 2003 
f 2588 4345 2593 
f 2593 855 2588 
f 2593 4346 2592 
f 2592 855 2593 
f 2592 4112 2003 
f 2003 855 2592 
f 2465 4112 2592 
f 2592 856 2465 
f 2592 4346 2596 
f 2596 856 2592 
f 2596 4347 2594 
f 2594 856 2596 
f 2594 4301 2465 
f 2465 856 2594 
f 2466 4301 2594 
f 2594 857 2466 
f 2594 4347 2599 
f 2599 857 2594 
f 2599 4348 2598 
f 2598 857 2599 
f 2598 4113 2466 
f 2466 857 2598 
f 2601 4298 2458 
f 2458 858 2601 
f 2458 4113 2598 
f 2598 858 2458 
f 2598 4348 2602 
f 2602 858 2598 
f 2602 4349 2601 
f 2601 858 2602 
f 2603 3217 2457 
f 2457 859 2603 
f 2457 4298 2601 
f 2601 859 2457 
f 2601 4349 2605 
f 2605 859 2601 
f 2605 4350 2603 
f 2603 859 2605 
f 2631 4358 2628 
f 2628 860 2631 
f 2628 3217 2603 
f 2603 860 2628 
f 2603 4350 2629 
f 2629 860 2603 
f 2629 4359 2631 
f 2631 860 2629 
f 2628 4358 2626 
f 2626 861 2628 
f 2626 3138 2608 
f 2608 861 2626 
f 2608 4352 2609 
f 2609 861 2608 
f 2609 3217 2628 
f 2628 861 2609 
f 2611 4298 2457 
f 2457 862 2611 
f 2457 3217 2609 
f 2609 862 2457 
f 2609 4352 2613 
f 2613 862 2609 
f 2613 4353 2611 
f 2611 862 2613 
f 2615 4113 2458 
f 2458 863 2615 
f 2458 4298 2611 
f 2611 863 2458 
f 2611 4353 2616 
f 2616 863 2611 
f 2616 4354 2615 
f 2615 863 2616 
f 2615 4354 2619 
f 2619 864 2615 
f 2619 4355 2618 
f 2618 864 2619 
f 2618 4301 2466 
f 2466 864 2618 
f 2466 4113 2615 
f 2615 864 2466 
f 2618 4355 2622 
f 2622 865 2618 
f 2622 4356 2621 
f 2621 865 2622 
f 2621 4112 2465 
f 2465 865 2621 
f 2465 4301 2618 
f 2618 865 2465 
f 2003 4112 2621 
f 2621 866 2003 
f 2621 4356 2625 
f 2625 866 2621 
f 2625 4357 2623 
f 2623 866 2625 
f 2623 4053 2003 
f 2003 866 2623 
f 2627 3216 1090 
f 1090 867 2627 
f 1090 3134 1023 
f 1023 867 1090 
f 1023 3138 2626 
f 2626 867 1023 
f 2626 4358 2627 
f 2627 867 2626 
f 2607 3216 2627 
f 2627 868 2607 
f 2627 4358 2631 
f 2631 868 2627 
f 2631 4359 2630 
f 2630 868 2631 
f 2630 4351 2607 
f 2607 868 2630 
f 2632 3131 2606 
f 2606 869 2632 
f 2606 4351 2630 
f 2630 869 2606 
f 2630 4359 2634 
f 2634 869 2630 
f 2634 4360 2632 
f 2632 869 2634 
f 2632 4360 2637 
f 2637 870 2632 
f 2637 4361 2635 
f 2635 870 2637 
f 2635 4106 1992 
f 1992 870 2635 
f 1992 3131 2632 
f 2632 870 1992 
f 2635 4361 2640 
f 2640 871 2635 
f 2640 4362 2638 
f 2638 871 2640 
f 2638 3130 1991 
f 1991 871 2638 
f 1991 4106 2635 
f 2635 871 1991 
f 2638 4362 2643 
f 2643 872 2638 
f 2643 4363 2641 
f 2641 872 2643 
f 2641 4108 1996 
f 1996 872 2641 
f 1996 3130 2638 
f 2638 872 1996 
f 2641 4363 2646 
f 2646 873 2641 
f 2646 4364 2644 
f 2644 873 2646 
f 2644 3129 1995 
f 1995 873 2644 
f 1995 4108 2641 
f 2641 873 1995 
f 2644 4364 2649 
f 2649 874 2644 
f 2649 4365 2647 
f 2647 874 2649 
f 2647 4110 2000 
f 2000 874 2647 
f 2000 3129 2644 
f 2644 874 2000 
f 2647 4365 2652 
f 2652 875 2647 
f 2652 4366 2650 
f 2650 875 2652 
f 2650 3128 1999 
f 1999 875 2650 
f 1999 4110 2647 
f 2647 875 1999 
f 1038 3128 2650 
f 2650 876 1038 
f 2650 4366 2655 
f 2655 876 2650 
f 2655 4367 2653 
f 2653 876 2655 
f 2653 3173 1038 
f 1038 876 2653 
f 2656 3203 1073 
f 1073 877 2656 
f 1073 3173 2653 
f 2653 877 1073 
f 2653 4367 2658 
f 2658 877 2653 
f 2658 4368 2656 
f 2656 877 2658 
f 2023 3203 2656 
f 2656 878 2023 
f 2656 4368 2662 
f 2662 878 2656 
f 2662 4369 2661 
f 2661 878 2662 
f 2661 4126 2023 
f 2023 878 2661 
f 2022 4126 2661 
f 2661 879 2022 
f 2661 4369 2659 
f 2659 879 2661 
f 2659 2876 976 
f 976 879 2659 
f 976 2786 2022 
f 2022 879 976 
f 979 2877 2663 
f 2663 880 979 
f 2663 4370 2665 
f 2665 880 2663 
f 2665 4089 1944 
f 1944 880 2665 
f 1944 2861 979 
f 979 880 1944 
f 2665 4370 2668 
f 2668 881 2665 
f 2668 4371 2667 
f 2667 881 2668 
f 2667 4088 1945 
f 1945 881 2667 
f 1945 4089 2665 
f 2665 881 1945 
f 2667 4371 2671 
f 2671 882 2667 
f 2671 4372 2670 
f 2670 882 2671 
f 2670 4087 1943 
f 1943 882 2670 
f 1943 4088 2667 
f 2667 882 1943 
f 1941 4087 2670 
f 2670 883 1941 
f 2670 4372 2675 
f 2675 883 2670 
f 2675 4373 2673 
f 2673 883 2675 
f 1941 883 2673 
f 2677 4040 1824 
f 1824 884 2677 
f 2673 884 1824 
f 2673 4373 2678 
f 2678 884 2673 
f 2678 4374 2677 
f 2677 884 2678 
f 2679 3162 1825 
f 1825 885 2679 
f 1825 4040 2677 
f 2677 885 1825 
f 2677 4374 2681 
f 2681 885 2677 
f 2681 4375 2679 
f 2679 885 2681 
f 2683 4030 1800 
f 1800 886 2683 
f 1800 3162 2679 
f 2679 886 1800 
f 2679 4375 2684 
f 2684 886 2679 
f 2684 4376 2683 
f 2683 886 2684 
f 2686 3096 1799 
f 1799 887 2686 
f 1799 4030 2683 
f 2683 887 1799 
f 2683 4376 2687 
f 2687 887 2683 
f 2687 4377 2686 
f 2686 887 2687 
f 2689 4024 1787 
f 1787 888 2689 
f 1787 3096 2686 
f 2686 888 1787 
f 2686 4377 2690 
f 2690 888 2686 
f 2690 4378 2689 
f 2689 888 2690 
f 2691 3156 1788 
f 1788 889 2691 
f 1788 4024 2689 
f 2689 889 1788 
f 2689 4378 2693 
f 2693 889 2689 
f 2693 4379 2691 
f 2691 889 2693 
f 2695 4041 1827 
f 1827 890 2695 
f 1827 3156 2691 
f 2691 890 1827 
f 2691 4379 2696 
f 2696 890 2691 
f 2696 4380 2695 
f 2695 890 2696 
f 1826 4041 2695 
f 2695 891 1826 
f 2695 4380 2700 
f 2700 891 2695 
f 2700 4381 2698 
f 2698 891 2700 
f 2698 3074 1826 
f 1826 891 2698 
f 998 3074 2698 
f 2698 892 998 
f 2698 4381 2699 
f 2699 892 2698 
f 2699 4305 2475 
f 2475 892 2699 
f 2475 3100 998 
f 998 892 2475 
f 2085 3216 2607 
f 2607 893 2085 
f 2607 4351 2703 
f 2703 893 2607 
f 2703 4382 2702 
f 2702 893 2703 
f 2702 4149 2085 
f 2085 893 2702 
f 2705 3215 2084 
f 2084 894 2705 
f 2084 4149 2702 
f 2702 894 2084 
f 2702 4382 2706 
f 2706 894 2702 
f 2706 4383 2705 
f 2705 894 2706 
f 2705 4383 2709 
f 2709 895 2705 
f 2709 4384 2708 
f 2708 895 2709 
f 2708 4161 2119 
f 2119 895 2708 
f 2119 3215 2705 
f 2705 895 2119 
f 2708 4384 2712 
f 2712 896 2708 
f 2712 4385 2711 
f 2711 896 2712 
f 2711 3214 2118 
f 2118 896 2711 
f 2118 4161 2708 
f 2708 896 2118 
f 2711 4385 2715 
f 2715 897 2711 
f 2715 4386 2713 
f 2713 897 2715 
f 2713 4180 2172 
f 2172 897 2713 
f 2172 3214 2711 
f 2711 897 2172 
f 2717 3213 2171 
f 2171 898 2717 
f 2171 4180 2713 
f 2713 898 2171 
f 2713 4386 2718 
f 2718 898 2713 
f 2718 4387 2717 
f 2717 898 2718 
f 2720 3212 1087 
f 1087 899 2720 
f 1087 3213 2717 
f 2717 899 1087 
f 2717 4387 2721 
f 2721 899 2717 
f 2721 4388 2720 
f 2720 899 2721 
f 2723 3476 1522 
f 1522 900 2723 
f 1522 3212 2720 
f 2720 900 1522 
f 2720 4388 2724 
f 2724 900 2720 
f 2724 4389 2723 
f 2723 900 2724 
f 2727 3211 1521 
f 1521 901 2727 
f 1521 3476 2723 
f 2723 901 1521 
f 2723 4389 2728 
f 2728 901 2723 
f 2728 4390 2727 
f 2727 901 2728 
f 981 2795 1084 
f 1084 902 981 
f 1084 3211 2727 
f 2727 902 1084 
f 2727 4390 2725 
f 2725 902 2727 
f 2725 2878 981 
f 981 902 2725 
f 2522 4053 2623 
f 2623 903 2522 
f 2623 4357 2737 
f 2737 903 2623 
f 2737 4394 2736 
f 2736 903 2737 
f 2736 4321 2522 
f 2522 903 2736 
f 2521 4321 2736 
f 2736 904 2521 
f 2736 4394 2741 
f 2741 904 2736 
f 2741 4395 2739 
f 2739 904 2741 
f 2739 3120 2521 
f 2521 904 2739 
f 2749 3120 2739 
f 2739 905 2749 
f 2739 4395 2743 
f 2743 905 2739 
f 2743 4396 2751 
f 2751 905 2743 
f 2751 4399 2749 
f 2749 905 2751 
f 2753 4400 2754 
f 2754 906 2753 
f 2754 4399 2751 
f 2751 906 2754 
f 2751 4396 2745 
f 2745 906 2751 
f 2745 4397 2753 
f 2753 906 2745 
f 2756 4401 2757 
f 2757 907 2756 
f 2757 4400 2753 
f 2753 907 2757 
f 2753 4397 2748 
f 2748 907 2753 
f 2748 4398 2756 
f 2756 907 2748 
f 2584 4343 2583 
f 2583 908 2584 
f 2583 3120 2749 
f 2749 908 2583 
f 2749 4399 2750 
f 2750 908 2749 
f 2750 4342 2584 
f 2584 908 2750 
f 2581 4342 2750 
f 2750 909 2581 
f 2750 4399 2754 
f 2754 909 2750 
f 2754 4400 2752 
f 2752 909 2754 
f 2752 4341 2581 
f 2581 909 2752 
f 2579 4341 2752 
f 2752 910 2579 
f 2752 4400 2757 
f 2757 910 2752 
f 2757 4401 2755 
f 2755 910 2757 
f 2755 4340 2579 
f 2579 910 2755 
f 1917 4075 2577 
f 2577 911 1917 
f 2577 4340 2765 
f 2765 911 2577 
f 2765 4404 2764 
f 2764 911 2765 
f 2764 4072 1917 
f 1917 911 2764 
f 2768 4405 2769 
f 2769 912 2768 
f 2769 4072 1912 
f 1912 912 2769 
f 1912 3121 1013 
f 1013 912 1912 
f 1013 3092 2768 
f 2768 912 1013 
f 2760 4401 2756 
f 2756 913 2760 
f 2756 4398 2746 
f 2746 913 2756 
f 2746 2859 2758 
f 2758 913 2746 
f 2758 4402 2760 
f 2760 913 2758 
f 2762 4279 2421 
f 2421 914 2762 
f 2421 3127 1015 
f 1015 914 2421 
f 1015 3121 2761 
f 2761 914 1015 
f 2761 4403 2762 
f 2762 914 2761 
f 2424 2785 2420 
f 2420 915 2424 
f 2420 4279 2762 
f 2762 915 2420 
f 2762 4403 2763 
f 2763 915 2762 
f 2763 4280 2424 
f 2424 915 2763 
f 2766 4402 2759 
f 2759 916 2766 
f 2759 4280 2763 
f 2763 916 2759 
f 2763 4403 2767 
f 2767 916 2763 
f 2767 4404 2766 
f 2766 916 2767 
f 2755 4401 2760 
f 2760 917 2755 
f 2760 4402 2766 
f 2766 917 2760 
f 2766 4404 2765 
f 2765 917 2766 
f 2765 4340 2755 
f 2755 917 2765 
f 1912 4072 2764 
f 2764 918 1912 
f 2764 4404 2767 
f 2767 918 2764 
f 2767 4403 2761 
f 2761 918 2767 
f 2761 3121 1912 
f 1912 918 2761 
f 2523 4075 1917 
f 1917 919 2523 
f 1917 4072 2769 
f 2769 919 1917 
f 2769 4405 2771 
f 2771 919 2769 
f 2771 4322 2523 
f 2523 919 2771 
f 4408 4406 4407 
f 4407 4409 4408 
f 4409 4407 4410 
f 4410 4411 4409 
f 4412 4413 4414 
f 4414 4415 4412 
f 4415 4414 4417 
f 4417 4418 4415 
f 4411 4410 4420 
f 4420 4419 4411 
f 4418 4417 4419 
f 4419 4420 4418 
f 4408 4832 4416 
f 4416 4406 4408 
f 4417 4414 4411 
f 4411 4419 4417 
f 4423 4424 4407 
f 4407 4406 4423 
f 4424 4425 4410 
f 4410 4407 4424 
f 4429 4416 4422 
f 4422 4432 4429 
f 4412 4415 4428 
f 4428 4426 4412 
f 4428 4425 4424 
f 4424 4427 4428 
f 4418 4420 4431 
f 4431 4430 4418 
f 4429 4423 4406 
f 4406 4416 4429 
f 4427 4424 4423 
f 4423 4429 4427 
f 4415 4418 4430 
f 4430 4428 4415 
f 4430 4431 4425 
f 4425 4428 4430 
f 4425 4431 4420 
f 4420 4410 4425 
f 4433 4584 4574 
f 4574 4413 4433 
f 4412 4434 4433 
f 4433 4413 4412 
f 4421 4435 4436 
f 4436 4422 4421 
f 4426 4437 4434 
f 4434 4412 4426 
f 4422 4436 4438 
f 4438 4432 4422 
f 4434 4440 4439 
f 4439 4433 4434 
f 4435 4441 4442 
f 4442 4436 4435 
f 4437 4443 4440 
f 4440 4434 4437 
f 4436 4442 4444 
f 4444 4438 4436 
f 4447 4445 4446 
f 4446 4448 4447 
f 4448 4446 4449 
f 4449 4450 4448 
f 4467 4468 4455 
f 4455 4456 4467 
f 4451 4452 4453 
f 4453 4454 4451 
f 4458 4457 4461 
f 4461 4462 4458 
f 4456 4455 4463 
f 4463 4464 4456 
f 4454 4453 4457 
f 4457 4458 4454 
f 4453 4466 4461 
f 4461 4457 4453 
f 4450 4449 4460 
f 4460 4459 4450 
f 4462 4461 4459 
f 4459 4460 4462 
f 4464 4463 4445 
f 4445 4447 4464 
f 4465 4464 4447 
f 4447 4448 4465 
f 4466 4465 4448 
f 4448 4450 4466 
f 4461 4466 4450 
f 4450 4459 4461 
f 4469 4470 4446 
f 4446 4445 4469 
f 4470 4471 4449 
f 4449 4446 4470 
f 4476 4455 4468 
f 4468 4483 4476 
f 4472 4474 4476 
f 4476 4483 4472 
f 4473 4475 4474 
f 4474 4472 4473 
f 4451 4454 4475 
f 4475 4473 4451 
f 4475 4482 4481 
f 4481 4474 4475 
f 4458 4462 4479 
f 4479 4477 4458 
f 4476 4480 4463 
f 4463 4455 4476 
f 4474 4481 4480 
f 4480 4476 4474 
f 4454 4458 4477 
f 4477 4475 4454 
f 4475 4477 4479 
f 4479 4482 4475 
f 4471 4478 4460 
f 4460 4449 4471 
f 4462 4460 4478 
f 4478 4479 4462 
f 4480 4469 4445 
f 4445 4463 4480 
f 4481 4470 4469 
f 4469 4480 4481 
f 4482 4471 4470 
f 4470 4481 4482 
f 4479 4478 4471 
f 4471 4482 4479 
f 4451 4485 4484 
f 4484 4452 4451 
f 4467 4486 4487 
f 4487 4468 4467 
f 4472 4488 4489 
f 4489 4473 4472 
f 4473 4489 4485 
f 4485 4451 4473 
f 4483 4490 4488 
f 4488 4472 4483 
f 4468 4487 4490 
f 4490 4483 4468 
f 4676 4504 4505 
f 4505 4677 4676 
f 4677 4505 4506 
f 4506 4678 4677 
f 4678 4506 4507 
f 4507 4679 4678 
f 4679 4507 4508 
f 4508 4680 4679 
f 4680 4508 4509 
f 4509 4681 4680 
f 4681 4509 4510 
f 4510 4682 4681 
f 4682 4510 4511 
f 4511 4683 4682 
f 4683 4511 4512 
f 4512 4684 4683 
f 4684 4512 4513 
f 4513 4685 4684 
f 4685 4513 4514 
f 4514 4686 4685 
f 4686 4514 4515 
f 4515 4687 4686 
f 4504 4724 4723 
f 4723 4505 4504 
f 4505 4723 4722 
f 4722 4506 4505 
f 4506 4722 4747 
f 4747 4507 4506 
f 4812 4811 4720 
f 4720 4519 4812 
f 4512 4742 4741 
f 4741 4513 4512 
f 4513 4741 4740 
f 4740 4514 4513 
f 4514 4740 4739 
f 4739 4515 4514 
f 4516 4703 4702 
f 4702 4517 4516 
f 4517 4702 4701 
f 4701 4518 4517 
f 4520 4718 4717 
f 4717 4521 4520 
f 4521 4717 4716 
f 4716 4522 4521 
f 4522 4716 4715 
f 4715 4523 4522 
f 4524 4796 4795 
f 4795 4763 4524 
f 4524 4763 4818 
f 4818 4817 4524 
f 4762 4815 4814 
f 4814 4525 4762 
f 4760 4769 4526 
f 4526 4761 4760 
f 4774 4779 4778 
f 4778 4527 4774 
f 4786 4766 4794 
f 4794 4793 4786 
f 4726 4538 4539 
f 4539 4727 4726 
f 4727 4539 4540 
f 4540 4728 4727 
f 4728 4540 4541 
f 4541 4729 4728 
f 4729 4541 4542 
f 4542 4730 4729 
f 4730 4542 4543 
f 4543 4731 4730 
f 4731 4543 4544 
f 4544 4732 4731 
f 4732 4544 4545 
f 4545 4733 4732 
f 4733 4545 4546 
f 4546 4734 4733 
f 4734 4546 4547 
f 4547 4735 4734 
f 4735 4547 4548 
f 4548 4736 4735 
f 4736 4548 4549 
f 4549 4737 4736 
f 4538 4700 4699 
f 4699 4539 4538 
f 4539 4699 4698 
f 4698 4540 4539 
f 4540 4698 4697 
f 4697 4541 4540 
f 4541 4697 4696 
f 4696 4542 4541 
f 4542 4696 4695 
f 4695 4543 4542 
f 4543 4695 4694 
f 4694 4544 4543 
f 4544 4694 4693 
f 4693 4545 4544 
f 4545 4693 4692 
f 4692 4546 4545 
f 4546 4692 4691 
f 4691 4547 4546 
f 4547 4691 4690 
f 4690 4548 4547 
f 4548 4690 4689 
f 4689 4549 4548 
f 4537 4550 4714 
f 4714 4713 4537 
f 4549 4551 4738 
f 4738 4737 4549 
f 4689 4688 4551 
f 4551 4549 4689 
f 4550 4523 4715 
f 4715 4714 4550 
f 4551 4515 4739 
f 4739 4738 4551 
f 4688 4687 4515 
f 4515 4551 4688 
f 4705 4704 4552 
f 4552 4536 4705 
f 4726 4725 4553 
f 4553 4538 4726 
f 4538 4553 4675 
f 4675 4700 4538 
f 4704 4703 4516 
f 4516 4552 4704 
f 4725 4724 4504 
f 4504 4553 4725 
f 4553 4504 4676 
f 4676 4675 4553 
f 4556 4554 4555 
f 4555 4557 4556 
f 4557 4555 4558 
f 4558 4559 4557 
f 4565 4570 4571 
f 4571 4564 4565 
f 4560 4561 4562 
f 4562 4563 4560 
f 4563 4562 4566 
f 4566 4567 4563 
f 4559 4558 4569 
f 4569 4568 4559 
f 4567 4566 4568 
f 4568 4569 4567 
f 4565 4564 4554 
f 4554 4556 4565 
f 4566 4562 4559 
f 4559 4568 4566 
f 4831 4572 4555 
f 4555 4554 4831 
f 4576 4564 4571 
f 4571 4579 4576 
f 4414 4413 4574 
f 4574 4575 4414 
f 4560 4563 4575 
f 4575 4574 4560 
f 4573 4411 4414 
f 4414 4575 4573 
f 4567 4569 4578 
f 4578 4577 4567 
f 4576 4831 4554 
f 4554 4564 4576 
f 4563 4567 4577 
f 4577 4575 4563 
f 4577 4578 4573 
f 4573 4575 4577 
f 4573 4578 4569 
f 4569 4558 4573 
f 4560 4581 4580 
f 4580 4561 4560 
f 4570 4582 4583 
f 4583 4571 4570 
f 4574 4584 4581 
f 4581 4560 4574 
f 4571 4583 4585 
f 4585 4579 4571 
f 4581 4498 4499 
f 4499 4580 4581 
f 4582 4492 4491 
f 4491 4583 4582 
f 4584 4439 4498 
f 4498 4581 4584 
f 4583 4491 4441 
f 4441 4585 4583 
f 4588 4586 4587 
f 4587 4589 4588 
f 4589 4587 4590 
f 4590 4591 4589 
f 4598 4603 4604 
f 4604 4597 4598 
f 4592 4593 4595 
f 4595 4596 4592 
f 4596 4595 4599 
f 4599 4600 4596 
f 4591 4590 4602 
f 4602 4601 4591 
f 4600 4599 4601 
f 4601 4602 4600 
f 4598 4597 4586 
f 4586 4588 4598 
f 4594 4598 4588 
f 4588 4589 4594 
f 4595 4594 4589 
f 4589 4591 4595 
f 4599 4595 4591 
f 4591 4601 4599 
f 4605 4606 4587 
f 4587 4586 4605 
f 4606 4607 4590 
f 4590 4587 4606 
f 4610 4597 4604 
f 4604 4613 4610 
f 4592 4596 4609 
f 4609 4608 4592 
f 4600 4602 4612 
f 4612 4611 4600 
f 4610 4605 4586 
f 4586 4597 4610 
f 4596 4600 4611 
f 4611 4609 4596 
f 4611 4612 4607 
f 4607 4609 4611 
f 4607 4612 4602 
f 4602 4590 4607 
f 4592 4615 4614 
f 4614 4593 4592 
f 4603 4616 4617 
f 4617 4604 4603 
f 4608 4618 4615 
f 4615 4592 4608 
f 4604 4617 4619 
f 4619 4613 4604 
f 4615 4500 4501 
f 4501 4614 4615 
f 4616 4494 4493 
f 4493 4617 4616 
f 4618 4499 4500 
f 4500 4615 4618 
f 4617 4493 4492 
f 4492 4619 4617 
f 4622 4620 4621 
f 4621 4623 4622 
f 4623 4621 4624 
f 4624 4625 4623 
f 4633 4638 4639 
f 4639 4632 4633 
f 4627 4638 4633 
f 4633 4629 4627 
f 4628 4627 4629 
f 4629 4630 4628 
f 4626 4628 4630 
f 4630 4631 4626 
f 4631 4630 4634 
f 4634 4635 4631 
f 4625 4624 4637 
f 4637 4636 4625 
f 4635 4634 4636 
f 4636 4637 4635 
f 4633 4632 4620 
f 4620 4622 4633 
f 4629 4633 4622 
f 4622 4623 4629 
f 4630 4629 4623 
f 4623 4625 4630 
f 4634 4630 4625 
f 4625 4636 4634 
f 4640 4641 4621 
f 4621 4620 4640 
f 4641 4642 4624 
f 4624 4621 4641 
f 4645 4632 4639 
f 4639 4648 4645 
f 4626 4631 4644 
f 4644 4643 4626 
f 4635 4637 4647 
f 4647 4646 4635 
f 4645 4640 4620 
f 4620 4632 4645 
f 4631 4635 4646 
f 4646 4644 4631 
f 4646 4647 4642 
f 4642 4644 4646 
f 4642 4647 4637 
f 4637 4624 4642 
f 4628 4503 4497 
f 4497 4627 4628 
f 4626 4502 4503 
f 4503 4628 4626 
f 4627 4497 4496 
f 4496 4638 4627 
f 4638 4496 4495 
f 4495 4639 4638 
f 4643 4501 4502 
f 4502 4626 4643 
f 4639 4495 4494 
f 4494 4648 4639 
f 4649 4650 4489 
f 4489 4488 4649 
f 4489 4650 4651 
f 4651 4485 4489 
f 4485 4651 4652 
f 4652 4484 4485 
f 4484 4652 4653 
f 4653 4443 4484 
f 4443 4653 4654 
f 4654 4440 4443 
f 4440 4654 4655 
f 4655 4439 4440 
f 4439 4655 4656 
f 4656 4498 4439 
f 4498 4656 4657 
f 4657 4499 4498 
f 4500 4658 4659 
f 4659 4501 4500 
f 4501 4659 4660 
f 4660 4502 4501 
f 4502 4660 4661 
f 4661 4503 4502 
f 4497 4503 4661 
f 4661 4662 4497 
f 4496 4497 4662 
f 4662 4663 4496 
f 4664 4495 4496 
f 4496 4663 4664 
f 4665 4494 4495 
f 4495 4664 4665 
f 4666 4493 4494 
f 4494 4665 4666 
f 4667 4492 4493 
f 4493 4666 4667 
f 4668 4491 4492 
f 4492 4667 4668 
f 4669 4441 4491 
f 4491 4668 4669 
f 4670 4442 4441 
f 4441 4669 4670 
f 4671 4444 4442 
f 4442 4670 4671 
f 4672 4486 4444 
f 4444 4671 4672 
f 4673 4487 4486 
f 4486 4672 4673 
f 4674 4490 4487 
f 4487 4673 4674 
f 4649 4488 4490 
f 4490 4674 4649 
f 4675 4676 4650 
f 4650 4649 4675 
f 4650 4676 4677 
f 4677 4651 4650 
f 4651 4677 4678 
f 4678 4652 4651 
f 4652 4678 4679 
f 4679 4653 4652 
f 4653 4679 4680 
f 4680 4654 4653 
f 4654 4680 4681 
f 4681 4655 4654 
f 4655 4681 4682 
f 4682 4656 4655 
f 4656 4682 4683 
f 4683 4657 4656 
f 4657 4683 4684 
f 4684 4658 4657 
f 4658 4684 4685 
f 4685 4659 4658 
f 4659 4685 4686 
f 4686 4660 4659 
f 4660 4686 4687 
f 4687 4661 4660 
f 4662 4661 4687 
f 4687 4688 4662 
f 4663 4662 4688 
f 4688 4689 4663 
f 4690 4664 4663 
f 4663 4689 4690 
f 4691 4665 4664 
f 4664 4690 4691 
f 4692 4666 4665 
f 4665 4691 4692 
f 4693 4667 4666 
f 4666 4692 4693 
f 4694 4668 4667 
f 4667 4693 4694 
f 4695 4669 4668 
f 4668 4694 4695 
f 4696 4670 4669 
f 4669 4695 4696 
f 4697 4671 4670 
f 4670 4696 4697 
f 4698 4672 4671 
f 4671 4697 4698 
f 4699 4673 4672 
f 4672 4698 4699 
f 4700 4674 4673 
f 4673 4699 4700 
f 4675 4649 4674 
f 4674 4700 4675 
f 4533 4528 4704 
f 4704 4705 4533 
f 4790 4706 4534 
f 4534 4791 4790 
f 4751 4530 4821 
f 4821 4825 4751 
f 4535 4531 4823 
f 4823 4824 4535 
f 4787 4532 4531 
f 4531 4535 4787 
f 4781 4780 4532 
f 4532 4787 4781 
f 4771 4776 4775 
f 4775 4807 4771 
f 4507 4747 4746 
f 4746 4508 4507 
f 4744 4745 4720 
f 4720 4811 4744 
f 4809 4808 4719 
f 4719 4518 4809 
f 4511 4743 4742 
f 4742 4512 4511 
f 4508 4746 4745 
f 4745 4509 4508 
f 4509 4745 4744 
f 4744 4510 4509 
f 4510 4744 4743 
f 4743 4511 4510 
f 4723 4517 4518 
f 4518 4722 4723 
f 4724 4516 4517 
f 4517 4723 4724 
f 4552 4516 4724 
f 4724 4725 4552 
f 4536 4552 4725 
f 4725 4726 4536 
f 4727 4728 4754 
f 4754 4789 4727 
f 4759 4707 4706 
f 4706 4754 4759 
f 4758 4708 4707 
f 4707 4759 4758 
f 4757 4709 4708 
f 4708 4758 4757 
f 4756 4710 4709 
f 4709 4757 4756 
f 4755 4711 4710 
f 4710 4756 4755 
f 4753 4712 4711 
f 4711 4755 4753 
f 4736 4737 4537 
f 4537 4798 4736 
f 4738 4550 4537 
f 4537 4737 4738 
f 4739 4523 4550 
f 4550 4738 4739 
f 4740 4522 4523 
f 4523 4739 4740 
f 4741 4521 4522 
f 4522 4740 4741 
f 4742 4520 4521 
f 4521 4741 4742 
f 4743 4721 4520 
f 4520 4742 4743 
f 4719 4808 4746 
f 4746 4747 4719 
f 4722 4518 4719 
f 4719 4747 4722 
f 4749 4709 4710 
f 4710 4748 4749 
f 4750 4708 4709 
f 4709 4749 4750 
f 4752 4534 4706 
f 4706 4707 4752 
f 4750 4752 4707 
f 4707 4708 4750 
f 4754 4706 4790 
f 4790 4789 4754 
f 4755 4733 4734 
f 4734 4753 4755 
f 4756 4732 4733 
f 4733 4755 4756 
f 4757 4731 4732 
f 4732 4756 4757 
f 4758 4730 4731 
f 4731 4757 4758 
f 4759 4729 4730 
f 4730 4758 4759 
f 4754 4728 4729 
f 4729 4759 4754 
f 4537 4713 4712 
f 4712 4753 4537 
f 4760 4527 4772 
f 4772 4771 4760 
f 4784 4774 4527 
f 4527 4768 4784 
f 4767 4785 4822 
f 4822 4816 4767 
f 4528 4765 4703 
f 4703 4704 4528 
f 4765 4764 4702 
f 4702 4703 4765 
f 4766 4763 4795 
f 4795 4794 4766 
f 4763 4766 4819 
f 4819 4818 4763 
f 4816 4815 4762 
f 4762 4767 4816 
f 4527 4760 4761 
f 4761 4768 4527 
f 4718 4806 4770 
f 4770 4717 4718 
f 4772 4777 4776 
f 4776 4771 4772 
f 4716 4717 4770 
f 4778 4777 4772 
f 4772 4527 4778 
f 4773 4803 4804 
f 4804 4802 4773 
f 4786 4820 4819 
f 4819 4766 4786 
f 4532 4780 4779 
f 4779 4774 4532 
f 4775 4776 4770 
f 4770 4806 4775 
f 4770 4776 4777 
f 4777 4778 4716 
f 4779 4715 4716 
f 4716 4778 4779 
f 4780 4714 4715 
f 4715 4779 4780 
f 4713 4714 4780 
f 4780 4781 4713 
f 4781 4782 4712 
f 4712 4713 4781 
f 4783 4711 4712 
f 4712 4782 4783 
f 4748 4710 4711 
f 4711 4783 4748 
f 4529 4792 4797 
f 4797 4788 4529 
f 4531 4532 4774 
f 4774 4784 4531 
f 4785 4530 4823 
f 4823 4822 4785 
f 4529 4821 4820 
f 4820 4786 4529 
f 4529 4786 4793 
f 4793 4792 4529 
f 4781 4787 4535 
f 4535 4782 4781 
f 4824 4826 4829 
f 4829 4535 4824 
f 4828 4827 4751 
f 4751 4825 4828 
f 4536 4726 4727 
f 4727 4789 4536 
f 4790 4705 4536 
f 4536 4789 4790 
f 4705 4790 4791 
f 4791 4533 4705 
f 4792 4533 4791 
f 4791 4797 4792 
f 4793 4528 4533 
f 4533 4792 4793 
f 4794 4765 4528 
f 4528 4793 4794 
f 4795 4764 4765 
f 4765 4794 4795 
f 4801 4773 4802 
f 4802 4805 4801 
f 4797 4791 4534 
f 4534 4788 4797 
f 4735 4736 4798 
f 4798 4799 4735 
f 4753 4734 4735 
f 4735 4799 4753 
f 4537 4753 4799 
f 4799 4798 4537 
f 4701 4810 4809 
f 4809 4518 4701 
f 4519 4800 4813 
f 4813 4812 4519 
f 4814 4246 3033 
f 3033 4525 4814 
f 4773 3036 4241 
f 4241 4803 4773 
f 4806 4232 3038 
f 3038 4775 4806 
f 4817 4247 3039 
f 3039 4524 4817 
f 4769 3040 3034 
f 3034 4526 4769 
f 4801 4240 3036 
f 3036 4773 4801 
f 4775 3038 4233 
f 4233 4807 4775 
f 4524 3039 3041 
f 3041 4796 4524 
f 4800 3042 4227 
f 4227 4813 4800 
f 4701 3035 4228 
f 4228 4810 4701 
f 3041 4240 4801 
f 4801 4796 3041 
f 4805 4802 4764 
f 4764 4795 4805 
f 4803 4701 4702 
f 4702 4804 4803 
f 4804 4702 4764 
f 4764 4802 4804 
f 4796 4801 4805 
f 4805 4795 4796 
f 4718 3037 4232 
f 4232 4806 4718 
f 4769 4760 4771 
f 4771 4807 4769 
f 4233 3040 4769 
f 4769 4807 4233 
f 4720 4745 4746 
f 4746 4808 4720 
f 4519 4720 4808 
f 4808 4809 4519 
f 4810 4800 4519 
f 4519 4809 4810 
f 4228 3042 4800 
f 4800 4810 4228 
f 4721 4743 4744 
f 4744 4811 4721 
f 4520 4721 4811 
f 4811 4812 4520 
f 4813 4718 4520 
f 4520 4812 4813 
f 4227 3037 4718 
f 4718 4813 4227 
f 3035 4701 4803 
f 4803 4241 3035 
f 4526 3034 4246 
f 4246 4814 4526 
f 4815 4761 4526 
f 4526 4814 4815 
f 4768 4761 4815 
f 4815 4816 4768 
f 4525 3033 4247 
f 4247 4817 4525 
f 4818 4762 4525 
f 4525 4817 4818 
f 4819 4767 4762 
f 4762 4818 4819 
f 4820 4785 4767 
f 4767 4819 4820 
f 4821 4530 4785 
f 4785 4820 4821 
f 4822 4784 4768 
f 4768 4816 4822 
f 4823 4531 4784 
f 4784 4822 4823 
f 4751 4827 4826 
f 4826 4824 4751 
f 4823 4530 4751 
f 4751 4824 4823 
f 4830 4828 4825 
f 4825 4788 4830 
f 4821 4529 4788 
f 4788 4825 4821 
f 4826 4748 4783 
f 4783 4829 4826 
f 4827 4749 4748 
f 4748 4826 4827 
f 4750 4749 4827 
f 4827 4828 4750 
f 4752 4750 4828 
f 4828 4830 4752 
f 4829 4783 4782 
f 4782 4535 4829 
f 4752 4830 4788 
f 4788 4534 4752 
f 4409 4572 4831 
f 4831 4408 4409 
f 4573 4572 4409 
f 4409 4411 4573 
f 4573 4558 4555 
f 4555 4572 4573 
f 4579 4585 4435 
f 4435 4421 4579 
f 4831 4576 4832 
f 4832 4408 4831 
f 4832 4421 4422 
f 4422 4416 4832 
f 4832 4576 4579 
f 4579 4421 4832 
f 4561 4580 4618 
f 4618 4608 4561 
f 4562 4561 4608 
f 4608 4609 4562 
f 4559 4562 4609 
f 4609 4607 4559 
f 4557 4559 4607 
f 4607 4606 4557 
f 4556 4557 4606 
f 4606 4605 4556 
f 4565 4556 4605 
f 4605 4610 4565 
f 4570 4565 4610 
f 4610 4613 4570 
f 4582 4570 4613 
f 4613 4619 4582 
f 4593 4614 4643 
f 4643 4644 4593 
f 4595 4593 4644 
f 4644 4642 4595 
f 4594 4595 4642 
f 4642 4641 4594 
f 4598 4594 4641 
f 4641 4640 4598 
f 4603 4598 4640 
f 4640 4645 4603 
f 4616 4603 4645 
f 4645 4648 4616 
f 4484 4443 4437 
f 4437 4452 4484 
f 4467 4438 4444 
f 4444 4486 4467 
f 4452 4437 4426 
f 4426 4453 4452 
f 4453 4426 4428 
f 4428 4466 4453 
f 4466 4428 4427 
f 4427 4465 4466 
f 4465 4427 4429 
f 4429 4464 4465 
f 4464 4429 4432 
f 4432 4456 4464 
f 4456 4432 4438 
f 4438 4467 4456 
f 4658 4500 4499 
f 4499 4657 4658 
f 983 2879 985 
f 985 920 983 
f 985 2881 988 
f 988 920 985 
f 988 2882 987 
f 987 920 988 
f 987 2797 983 
f 983 920 987 
f 982 2783 984 
f 984 921 982 
f 984 2880 986 
f 986 921 984 
f 986 2881 985 
f 985 921 986 
f 985 2879 982 
f 982 921 985 
f 3969 3968 3050 
f 3050 4276 3969 
f 3969 4276 4274 
f 2424 2423 923 
f 949 2746 2747 
f 944 2733 2734 
f 3012 2949 2927 
f 3010 2948 2932 
f 993 1570 1861 
f 1824 1941 2673 
f 1526 1527 1528 
f 3744 3730 3719 
f 1853 1854 1855 
f 1858 1857 1856 
f 2017 2016 2015 
f 2295 2292 2291 
f 2293 2294 2295 
f 2353 2354 2355 
f 2356 2357 2358 
f 2359 2360 2361 
f 2362 2363 2364 
f 3048 4272 4273 
f 4716 4770 4777 
f 923 2777 7194 
f 7195 2785 923 
f 7194 8943 7195 
f 949 2860 7518 
f 7517 2859 949 
f 7518 9061 7517 
f 944 2857 7505 
f 7504 2791 944 
f 7505 9056 7504 
f 8948 8319 4833 
f 9096 9247 9102 
f 9104 9248 9098 
f 9162 9243 9281 
f 9155 9282 9245 
f 9277 9306 9164 
f 9157 9311 9279 
f 7547 7569 7568 
f 7568 7546 7547 
f 7549 7559 7558 
f 7558 7548 7549 
f 7571 7555 7554 
f 7554 7570 7571 
f 7553 7586 7587 
f 7587 7552 7553 
f 7555 7553 7552 
f 7552 7554 7555 
f 7573 7551 7550 
f 7550 7572 7573 
f 7559 7678 7679 
f 7679 7558 7559 
f 7561 7565 7564 
f 7564 7560 7561 
f 7563 7549 7548 
f 7548 7562 7563 
f 7565 7563 7562 
f 7562 7564 7565 
f 7567 7561 7560 
f 7560 7566 7567 
f 7569 7567 7566 
f 7566 7568 7569 
f 7557 7573 7572 
f 7572 7556 7557 
f 7570 7554 7670 
f 7670 7671 7570 
f 7574 7575 7571 
f 7571 7570 7574 
f 7636 7637 7620 
f 7620 7621 7636 
f 7578 7579 7614 
f 7614 7615 7578 
f 7633 7636 7621 
f 7621 7632 7633 
f 7612 7674 7675 
f 7590 7676 7681 
f 7681 7593 7590 
f 7580 7581 7617 
f 7617 7618 7580 
f 7582 7578 7615 
f 7615 7616 7582 
f 7581 7582 7616 
f 7616 7617 7581 
f 7638 7635 7618 
f 7618 7619 7638 
f 7637 7638 7619 
f 7619 7620 7637 
f 7613 7673 7674 
f 7674 7612 7613 
f 7591 7597 7596 
f 7596 7594 7591 
f 7590 7593 7598 
f 7598 7591 7590 
f 7598 7599 7597 
f 7597 7591 7598 
f 7599 7601 7600 
f 7600 7597 7599 
f 7586 7547 7546 
f 7546 7587 7586 
f 7585 7584 7575 
f 7575 7574 7585 
f 7600 7604 7602 
f 7602 7603 7600 
f 7601 7605 7604 
f 7604 7600 7601 
f 7602 7607 7606 
f 7606 7603 7602 
f 7608 7609 7606 
f 7606 7607 7608 
f 7588 7589 7573 
f 7573 7557 7588 
f 7592 7677 7678 
f 7678 7559 7592 
f 7593 7592 7614 
f 7614 7579 7593 
f 7672 7594 7570 
f 7570 7671 7672 
f 7589 7595 7551 
f 7551 7573 7589 
f 7594 7596 7574 
f 7574 7570 7594 
f 7596 7597 7585 
f 7585 7574 7596 
f 7598 7593 7579 
f 7579 7578 7598 
f 7599 7598 7578 
f 7578 7582 7599 
f 7597 7600 7584 
f 7584 7585 7597 
f 7601 7599 7582 
f 7582 7581 7601 
f 7600 7603 7575 
f 7575 7584 7600 
f 7602 7604 7583 
f 7583 7577 7602 
f 7605 7601 7581 
f 7581 7580 7605 
f 7604 7605 7580 
f 7580 7583 7604 
f 7603 7606 7571 
f 7571 7575 7603 
f 7607 7602 7577 
f 7577 7576 7607 
f 7608 7607 7576 
f 7576 7622 7608 
f 7609 7608 7553 
f 7553 7555 7609 
f 7606 7609 7555 
f 7555 7571 7606 
f 7610 7611 7589 
f 7589 7588 7610 
f 7675 7676 7590 
f 7590 7591 7612 
f 7613 7612 7591 
f 7591 7594 7613 
f 7673 7613 7594 
f 7594 7672 7673 
f 7595 7589 7611 
f 7614 7592 7559 
f 7559 7630 7614 
f 7629 7630 7559 
f 7559 7549 7629 
f 7628 7629 7549 
f 7549 7563 7628 
f 7627 7628 7563 
f 7563 7565 7627 
f 7626 7627 7565 
f 7565 7561 7626 
f 7625 7626 7561 
f 7561 7567 7625 
f 7624 7625 7567 
f 7567 7569 7624 
f 7623 7624 7569 
f 7569 7547 7623 
f 7631 7623 7547 
f 7547 7586 7631 
f 7632 7621 7623 
f 7623 7631 7632 
f 7621 7620 7624 
f 7624 7623 7621 
f 7620 7619 7625 
f 7625 7624 7620 
f 7619 7618 7626 
f 7626 7625 7619 
f 7618 7617 7627 
f 7627 7626 7618 
f 7617 7616 7628 
f 7628 7627 7617 
f 7616 7615 7629 
f 7629 7628 7616 
f 7615 7614 7630 
f 7630 7629 7615 
f 7553 7608 7631 
f 7631 7586 7553 
f 7608 7622 7632 
f 7632 7631 7608 
f 7622 7639 7633 
f 7633 7632 7622 
f 7639 7640 7634 
f 7634 7633 7639 
f 7640 7583 7635 
f 7635 7634 7640 
f 7583 7580 7618 
f 7618 7635 7583 
f 7633 7634 7637 
f 7637 7636 7633 
f 7634 7635 7638 
f 7638 7637 7634 
f 7576 7641 7639 
f 7639 7622 7576 
f 7641 7642 7640 
f 7640 7639 7641 
f 7642 7577 7583 
f 7583 7640 7642 
f 7576 7577 7642 
f 7642 7641 7576 
f 7643 7644 7546 
f 7546 7568 7643 
f 7645 7646 7548 
f 7548 7558 7645 
f 7644 7647 7587 
f 7587 7546 7644 
f 7648 7649 7554 
f 7554 7552 7648 
f 7650 7651 7572 
f 7572 7550 7650 
f 7680 7645 7558 
f 7558 7679 7680 
f 7653 7654 7560 
f 7560 7564 7653 
f 7646 7655 7562 
f 7562 7548 7646 
f 7655 7653 7564 
f 7564 7562 7655 
f 7654 7656 7566 
f 7566 7560 7654 
f 7656 7643 7568 
f 7568 7566 7656 
f 7651 7652 7556 
f 7556 7572 7651 
f 7649 7669 7670 
f 7670 7554 7649 
f 7647 7648 7552 
f 7552 7587 7647 
f 7657 7658 7644 
f 7644 7643 7657 
f 7659 7660 7646 
f 7646 7645 7659 
f 7658 7661 7647 
f 7647 7644 7658 
f 7662 7663 7649 
f 7649 7648 7662 
f 7663 7664 7651 
f 7651 7650 7663 
f 7652 7659 7645 
f 7645 7680 7652 
f 7665 7666 7654 
f 7654 7653 7665 
f 7660 7667 7655 
f 7655 7646 7660 
f 7667 7665 7653 
f 7653 7655 7667 
f 7666 7668 7656 
f 7656 7654 7666 
f 7668 7657 7643 
f 7643 7656 7668 
f 7664 7659 7652 
f 7652 7651 7664 
f 7649 7663 7650 
f 7650 7669 7649 
f 7661 7662 7648 
f 7648 7647 7661 
f 7669 7650 7550 
f 7550 7670 7669 
f 7671 7670 7550 
f 7550 7551 7671 
f 7551 7595 7672 
f 7672 7671 7551 
f 7673 7672 7595 
f 7611 7674 7673 
f 7674 7611 7610 
f 7610 7675 7674 
f 7610 7588 7676 
f 7676 7675 7610 
f 7681 7676 7588 
f 7588 7677 7681 
f 7677 7588 7557 
f 7557 7678 7677 
f 7678 7557 7556 
f 7556 7679 7678 
f 7556 7652 7680 
f 7680 7679 7556 
f 7593 7681 7677 
f 7677 7592 7593 
f 7687 7688 7689 
f 7689 7690 7687 
f 7689 7688 7661 
f 7661 7658 7689 
f 7684 7685 7692 
f 7692 7693 7684 
f 7682 7683 7694 
f 7694 7695 7682 
f 7683 7684 7693 
f 7693 7694 7683 
f 7685 7686 7691 
f 7691 7692 7685 
f 7686 7687 7690 
f 7690 7691 7686 
f 7682 7695 7660 
f 7660 7659 7682 
f 7690 7689 7658 
f 7658 7657 7690 
f 7691 7690 7657 
f 7657 7668 7691 
f 7692 7691 7668 
f 7668 7666 7692 
f 7693 7692 7666 
f 7666 7665 7693 
f 7694 7693 7665 
f 7665 7667 7694 
f 7695 7694 7667 
f 7667 7660 7695 
f 7707 7706 7719 
f 7719 7715 7707 
f 7722 8603 8604 
f 8604 7714 7722 
f 7708 8590 7716 
f 7716 8634 7708 
f 7714 7707 7715 
f 7715 7722 7714 
f 7724 7723 8628 
f 8628 8629 7724 
f 7326 8996 7331 
f 7331 4834 7326 
f 6746 8763 7326 
f 7326 4834 6746 
f 7330 7843 6746 
f 6746 4834 7330 
f 7331 8997 7330 
f 7330 4834 7331 
f 7320 8994 7325 
f 7325 4835 7320 
f 6735 8759 7320 
f 7320 4835 6735 
f 7324 7844 6735 
f 6735 4835 7324 
f 7325 8995 7324 
f 7324 4835 7325 
f 5958 7953 5960 
f 5960 4836 5958 
f 5833 7738 5958 
f 5958 4836 5833 
f 5959 7852 5833 
f 5833 4836 5959 
f 5960 7954 5959 
f 5959 4836 5960 
f 6552 8685 6554 
f 6554 4837 6552 
f 5905 7727 6552 
f 6552 4837 5905 
f 6024 7919 5905 
f 5905 4837 6024 
f 6554 7993 6024 
f 6024 4837 6554 
f 6499 7820 5899 
f 5899 4838 6499 
f 6500 8667 6499 
f 6499 4838 6500 
f 6495 8666 6500 
f 6500 4838 6495 
f 5899 7916 6495 
f 6495 4838 5899 
f 7297 8986 7301 
f 7301 4839 7297 
f 6642 7848 7297 
f 7297 4839 6642 
f 7300 8721 6642 
f 6642 4839 7300 
f 7301 8987 7300 
f 7300 4839 7301 
f 7273 8744 6703 
f 6703 4840 7273 
f 7274 8977 7273 
f 7273 4840 7274 
f 7270 8976 7274 
f 7274 4840 7270 
f 6703 8745 7270 
f 7270 4840 6703 
f 7258 8749 6713 
f 6713 4841 7258 
f 7259 8972 7258 
f 7258 4841 7259 
f 7255 8971 7259 
f 7259 4841 7255 
f 6713 8750 7255 
f 7255 4841 6713 
f 7509 9054 7501 
f 7501 4842 7509 
f 7508 9057 7509 
f 7509 4842 7508 
f 7395 9020 7508 
f 7508 4842 7395 
f 7501 8944 7395 
f 7395 4842 7501 
f 6486 8663 6488 
f 6488 4843 6486 
f 5956 7739 6486 
f 6486 4843 5956 
f 5984 7951 5956 
f 5956 4843 5984 
f 6488 7967 5984 
f 5984 4843 6488 
f 6387 7949 5954 
f 5954 4844 6387 
f 6389 8598 6387 
f 6387 4844 6389 
f 6384 8597 6389 
f 6389 4844 6384 
f 5954 7740 6384 
f 6384 4844 5954 
f 5962 7956 6015 
f 6015 4845 5962 
f 6517 7834 5962 
f 5962 4845 6517 
f 6518 8673 6517 
f 6517 4845 6518 
f 6015 7990 6518 
f 6518 4845 6015 
f 6408 7953 5958 
f 5958 4846 6408 
f 6409 8607 6408 
f 6408 4846 6409 
f 6404 8606 6409 
f 6409 4846 6404 
f 5958 7738 6404 
f 6404 4846 5958 
f 6820 7904 5882 
f 5882 4847 6820 
f 6821 8800 6820 
f 6820 4847 6821 
f 6818 8799 6821 
f 6821 4847 6818 
f 5882 7742 6818 
f 6818 4847 5882 
f 6799 8792 6804 
f 6804 4848 6799 
f 5882 7904 6799 
f 6799 4848 5882 
f 6802 7742 5882 
f 5882 4848 6802 
f 6804 8793 6802 
f 6802 4848 6804 
f 6845 8808 6844 
f 6844 4849 6845 
f 6840 8807 6845 
f 6845 4849 6840 
f 6769 7777 6840 
f 6840 4849 6769 
f 6844 8772 6769 
f 6769 4849 6844 
f 6850 8770 6765 
f 6765 4850 6850 
f 6851 8810 6850 
f 6850 4850 6851 
f 6846 8809 6851 
f 6851 4850 6846 
f 6765 7776 6846 
f 6846 4850 6765 
f 6860 2865 954 
f 954 4851 6860 
f 6861 8814 6860 
f 6860 4851 6861 
f 5781 7780 6861 
f 6861 4851 5781 
f 954 2782 5781 
f 5781 4851 954 
f 945 2778 5761 
f 5761 4852 945 
f 6679 2858 945 
f 945 4852 6679 
f 6680 8734 6679 
f 6679 4852 6680 
f 5761 7731 6680 
f 6680 4852 5761 
f 6827 8790 6795 
f 6795 4853 6827 
f 6825 8802 6827 
f 6827 4853 6825 
f 953 2864 6825 
f 6825 4853 953 
f 6795 2790 953 
f 953 4853 6795 
f 6900 7907 5885 
f 5885 4854 6900 
f 6901 8829 6900 
f 6900 4854 6901 
f 6899 8828 6901 
f 6901 4854 6899 
f 5885 7779 6899 
f 6899 4854 5885 
f 6626 8699 6587 
f 6587 4855 6626 
f 6626 4855 6625 
f 6572 8694 6625 
f 6625 4855 6572 
f 6587 7829 6572 
f 6572 4855 6587 
f 6345 8580 6341 
f 6341 4856 6345 
f 6633 8581 6345 
f 6345 4856 6633 
f 6632 8715 6633 
f 6633 4856 6632 
f 6632 4856 6341 
f 5826 7849 5830 
f 5830 4857 5826 
f 5765 7755 5826 
f 5826 4857 5765 
f 5828 7757 5765 
f 5765 4857 5828 
f 5830 7850 5828 
f 5828 4857 5830 
f 6631 8715 6632 
f 6632 4858 6631 
f 5763 7754 6631 
f 6631 4858 5763 
f 5764 7756 5763 
f 5763 4858 5764 
f 5764 4858 6632 
f 7504 9056 7513 
f 7513 4859 7504 
f 7515 2791 7504 
f 7504 4859 7515 
f 7516 9060 7515 
f 7515 4859 7516 
f 7513 9059 7516 
f 7516 4859 7513 
f 969 2872 7233 
f 7233 4860 969 
f 5783 2775 969 
f 969 4860 5783 
f 7235 7782 5783 
f 5783 4860 7235 
f 7233 8963 7235 
f 7235 4860 7233 
f 6529 7832 5912 
f 5912 4861 6529 
f 6530 8677 6529 
f 6529 4861 6530 
f 6525 8676 6530 
f 6530 4861 6525 
f 5912 7922 6525 
f 6525 4861 5912 
f 5908 7854 5835 
f 5835 4862 5908 
f 5909 7920 5908 
f 5908 4862 5909 
f 5905 7919 5909 
f 5909 4862 5905 
f 5835 7727 5905 
f 5905 4862 5835 
f 7463 7820 6499 
f 6499 4863 7463 
f 7464 9042 7463 
f 7463 4863 7464 
f 7459 9041 7464 
f 7464 4863 7459 
f 6499 8667 7459 
f 7459 4863 6499 
f 7447 8685 6552 
f 6552 4864 7447 
f 7449 9037 7447 
f 7447 4864 7449 
f 7443 9036 7449 
f 7449 4864 7443 
f 6552 7727 7443 
f 7443 4864 6552 
f 7445 9036 7443 
f 7443 4865 7445 
f 5836 7855 7445 
f 7445 4865 5836 
f 5835 7854 5836 
f 5836 4865 5835 
f 7443 7727 5835 
f 5835 4865 7443 
f 6529 8677 6742 
f 6742 4866 6529 
f 5808 7832 6529 
f 6529 4866 5808 
f 6741 7831 5808 
f 5808 4866 6741 
f 6742 8761 6741 
f 6741 4866 6742 
f 6547 8683 6731 
f 6731 4867 6547 
f 5767 7744 6547 
f 6547 4867 5767 
f 6729 7761 5767 
f 5767 4867 6729 
f 6731 8757 6729 
f 6729 4867 6731 
f 5768 7729 7468 
f 7468 4868 5768 
f 7245 7762 5768 
f 5768 4868 7245 
f 7470 8968 7245 
f 7245 4868 7470 
f 7468 9044 7470 
f 7470 4868 7468 
f 7279 8979 7283 
f 7283 4869 7279 
f 6697 8742 7279 
f 7279 4869 6697 
f 7282 8741 6697 
f 6697 4869 7282 
f 7283 8980 7282 
f 7282 4869 7283 
f 7064 7734 5762 
f 5762 4870 7064 
f 7064 4870 7066 
f 7066 4870 7062 
f 5762 7754 7062 
f 7062 4870 5762 
f 5771 7754 5763 
f 5763 4871 5771 
f 5773 7765 5771 
f 5771 4871 5773 
f 5772 7766 5773 
f 5773 4871 5772 
f 5763 7756 5772 
f 5772 4871 5763 
f 6607 8708 6605 
f 6605 4872 6607 
f 6603 8707 6607 
f 6607 4872 6603 
f 6586 8699 6603 
f 6603 4872 6586 
f 6605 7753 6586 
f 6586 4872 6605 
f 5813 7731 5776 
f 5776 4873 5813 
f 5815 7839 5813 
f 5813 4873 5815 
f 5812 7838 5815 
f 5815 4873 5812 
f 5776 7768 5812 
f 5812 4873 5776 
f 5761 2778 922 
f 922 4874 5761 
f 5776 7731 5761 
f 5761 4874 5776 
f 5775 7768 5776 
f 5776 4874 5775 
f 922 2779 5775 
f 5775 4874 922 
f 6715 2861 971 
f 971 4875 6715 
f 7250 8752 6715 
f 6715 4875 7250 
f 7248 8969 7250 
f 7250 4875 7248 
f 971 2873 7248 
f 7248 4875 971 
f 5891 7903 5881 
f 5881 4876 5891 
f 5890 7911 5891 
f 5891 4876 5890 
f 5848 7870 5890 
f 5890 4876 5848 
f 5881 7741 5848 
f 5848 4876 5881 
f 6277 7543 5887 
f 5887 4877 6277 
f 6279 8134 6277 
f 6277 4877 6279 
f 6273 8133 6279 
f 6279 4877 6273 
f 5887 7909 6273 
f 6273 4877 5887 
f 6838 8774 6773 
f 6773 4878 6838 
f 6839 8806 6838 
f 6838 4878 6839 
f 6834 8805 6839 
f 6839 4878 6834 
f 6773 7778 6834 
f 6834 4878 6773 
f 6807 8795 6812 
f 6812 4879 6807 
f 5883 7905 6807 
f 6807 4879 5883 
f 6810 7746 5883 
f 5883 4879 6810 
f 6812 8796 6810 
f 6810 4879 6812 
f 930 2795 5855 
f 5855 4880 930 
f 6294 2799 930 
f 930 4880 6294 
f 6296 8140 6294 
f 6294 4880 6296 
f 5855 7874 6296 
f 6296 4880 5855 
f 6884 8798 6816 
f 6816 4881 6884 
f 6885 8822 6884 
f 6884 4881 6885 
f 6881 8821 6885 
f 6885 4881 6881 
f 6816 7862 6881 
f 6881 4881 6816 
f 6882 8821 6881 
f 6881 4882 6882 
f 6878 8820 6882 
f 6882 4882 6878 
f 6805 8794 6878 
f 6878 4882 6805 
f 6881 7862 6805 
f 6805 4882 6881 
f 6875 7863 6813 
f 6813 4883 6875 
f 6876 8819 6875 
f 6875 4883 6876 
f 6872 8818 6876 
f 6876 4883 6872 
f 6813 8797 6872 
f 6872 4883 6813 
f 927 2783 5755 
f 5755 4884 927 
f 6276 2798 927 
f 927 4884 6276 
f 6277 8134 6276 
f 6276 4884 6277 
f 5755 7543 6277 
f 6277 4884 5755 
f 5888 7909 5887 
f 5887 4885 5888 
f 5886 7908 5888 
f 5888 4885 5886 
f 5757 7544 5886 
f 5886 4885 5757 
f 5887 7543 5757 
f 5757 4885 5887 
f 6296 7874 6292 
f 6292 4886 6296 
f 6299 8140 6296 
f 6296 4886 6299 
f 6299 4886 6298 
f 6292 8139 6298 
f 6298 4886 6292 
f 6858 7798 5860 
f 5860 4887 6858 
f 6859 8813 6858 
f 6858 4887 6859 
f 6855 8812 6859 
f 6859 4887 6855 
f 5860 7878 6855 
f 6855 4887 5860 
f 7362 9009 7367 
f 7367 4888 7362 
f 7239 7736 7362 
f 7362 4888 7239 
f 7366 8965 7239 
f 7239 4888 7366 
f 7367 9010 7366 
f 7366 4888 7367 
f 7291 8983 7356 
f 7356 4889 7291 
f 7360 8717 7291 
f 7291 4889 7360 
f 7361 9008 7360 
f 7360 4889 7361 
f 7356 9007 7361 
f 7361 4889 7356 
f 7351 8720 6640 
f 6640 4890 7351 
f 7352 9005 7351 
f 7351 4890 7352 
f 7349 9004 7352 
f 7352 4890 7349 
f 6640 7812 7349 
f 7349 4890 6640 
f 6493 7821 5920 
f 5920 4891 6493 
f 6494 8665 6493 
f 6493 4891 6494 
f 6489 8664 6494 
f 6494 4891 6489 
f 5920 7926 6489 
f 6489 4891 5920 
f 6029 7929 5927 
f 5927 4892 6029 
f 6030 7995 6029 
f 6029 4892 6030 
f 6025 7994 6030 
f 6030 4892 6025 
f 5927 7787 6025 
f 6025 4892 5927 
f 5929 7853 5834 
f 5834 4893 5929 
f 5930 7930 5929 
f 5929 4893 5930 
f 5927 7929 5930 
f 5930 4893 5927 
f 5834 7787 5927 
f 5927 4893 5834 
f 6523 7833 5933 
f 5933 4894 6523 
f 6524 8675 6523 
f 6523 4894 6524 
f 6519 8674 6524 
f 6524 4894 6519 
f 5933 7932 6519 
f 6519 4894 5933 
f 5941 7936 5946 
f 5946 4895 5941 
f 5919 7785 5941 
f 5941 4895 5919 
f 5944 7925 5919 
f 5919 4895 5944 
f 5946 7937 5944 
f 5944 4895 5946 
f 5765 7757 5785 
f 5785 4896 5765 
f 5784 7755 5765 
f 5765 4896 5784 
f 5786 7784 5784 
f 5784 4896 5786 
f 5785 7790 5786 
f 5786 4896 5785 
f 965 2870 7198 
f 7198 4897 965 
f 6791 2863 965 
f 965 4897 6791 
f 7200 8788 6791 
f 6791 4897 7200 
f 7198 8951 7200 
f 7200 4897 7198 
f 7212 8955 7211 
f 7211 4898 7212 
f 7208 8954 7212 
f 7212 4898 7208 
f 6780 8783 7208 
f 7208 4898 6780 
f 7211 8782 6780 
f 6780 4898 7211 
f 7218 8957 7217 
f 7217 4899 7218 
f 7214 8956 7218 
f 7218 4899 7214 
f 6778 8781 7214 
f 7214 4899 6778 
f 7217 8780 6778 
f 6778 4899 7217 
f 7224 8959 7223 
f 7223 4900 7224 
f 7220 8958 7224 
f 7224 4900 7220 
f 6776 8779 7220 
f 7220 4900 6776 
f 7223 8778 6776 
f 6776 4900 7223 
f 5793 7801 7379 
f 7379 4901 5793 
f 5863 7796 5793 
f 5793 4901 5863 
f 7381 7881 5863 
f 5863 4901 7381 
f 7379 9015 7381 
f 7381 4901 7379 
f 5862 2796 926 
f 926 4902 5862 
f 5863 7881 5862 
f 5862 4902 5863 
f 5788 7796 5863 
f 5863 4902 5788 
f 926 2788 5788 
f 5788 4902 926 
f 5788 2788 924 
f 924 4903 5788 
f 5789 7796 5788 
f 5788 4903 5789 
f 5787 7795 5789 
f 5789 4903 5787 
f 924 2787 5787 
f 5787 4903 924 
f 5793 7796 5789 
f 5789 4904 5793 
f 5794 7801 5793 
f 5793 4904 5794 
f 5790 7797 5794 
f 5794 4904 5790 
f 5789 7795 5790 
f 5790 4904 5789 
f 6861 7780 5791 
f 5791 4905 6861 
f 6863 8814 6861 
f 6861 4905 6863 
f 6858 8813 6863 
f 6863 4905 6858 
f 5791 7798 6858 
f 6858 4905 5791 
f 6897 8826 6896 
f 6896 4906 6897 
f 6892 8825 6897 
f 6897 4906 6892 
f 5842 7860 6892 
f 6892 4906 5842 
f 6896 7859 5842 
f 5842 4906 6896 
f 6894 2866 957 
f 957 4907 6894 
f 6896 8826 6894 
f 6894 4907 6896 
f 5841 7859 6896 
f 6896 4907 5841 
f 957 2793 5841 
f 5841 4907 957 
f 6893 8825 6892 
f 6892 4908 6893 
f 6889 8824 6893 
f 6893 4908 6889 
f 5859 7877 6889 
f 6889 4908 5859 
f 6892 7860 5859 
f 5859 4908 6892 
f 6903 8830 6902 
f 6902 4909 6903 
f 6795 8790 6903 
f 6903 4909 6795 
f 959 2790 6795 
f 6795 4909 959 
f 6902 2867 959 
f 959 4909 6902 
f 7337 8999 7336 
f 7336 4910 7337 
f 7332 8998 7337 
f 7337 4910 7332 
f 6757 8767 7332 
f 7332 4910 6757 
f 7336 7842 6757 
f 6757 4910 7336 
f 7250 8969 7253 
f 7253 4911 7250 
f 6716 8752 7250 
f 7250 4911 6716 
f 7252 8751 6716 
f 6716 4911 7252 
f 7253 8970 7252 
f 7252 4911 7253 
f 5813 7839 6676 
f 6676 4912 5813 
f 6680 7731 5813 
f 5813 4912 6680 
f 6682 8734 6680 
f 6680 4912 6682 
f 6676 8733 6682 
f 6682 4912 6676 
f 6590 8701 6670 
f 6670 4913 6590 
f 6673 7732 6590 
f 6590 4913 6673 
f 6675 8732 6673 
f 6673 4913 6675 
f 6670 8731 6675 
f 6675 4913 6670 
f 6563 7817 6655 
f 6655 4914 6563 
f 6659 8689 6563 
f 6563 4914 6659 
f 6660 8727 6659 
f 6659 4914 6660 
f 6655 8726 6660 
f 6660 4914 6655 
f 6649 7734 5770 
f 5770 4915 6649 
f 6651 8724 6649 
f 6649 4915 6651 
f 6646 8723 6651 
f 6651 4915 6646 
f 5770 7764 6646 
f 6646 4915 5770 
f 6743 7803 5807 
f 5807 4916 6743 
f 6745 8762 6743 
f 6743 4916 6745 
f 6741 8761 6745 
f 6745 4916 6741 
f 5807 7831 6741 
f 6741 4916 5807 
f 6729 8757 6734 
f 6734 4917 6729 
f 5797 7761 6729 
f 6729 4917 5797 
f 6732 7808 5797 
f 5797 4917 6732 
f 6734 8758 6732 
f 6732 4917 6734 
f 7246 7763 5799 
f 5799 4918 7246 
f 7247 8968 7246 
f 7246 4918 7247 
f 7243 8967 7247 
f 7247 4918 7243 
f 5799 7810 7243 
f 7243 4918 5799 
f 7288 8982 7305 
f 7305 4919 7288 
f 7309 8718 7288 
f 7288 4919 7309 
f 7310 8990 7309 
f 7309 4919 7310 
f 7305 8989 7310 
f 7310 4919 7305 
f 7282 8980 7286 
f 7286 4920 7282 
f 6695 8741 7282 
f 7282 4920 6695 
f 7285 8719 6695 
f 6695 4920 7285 
f 7286 8981 7285 
f 7285 4920 7286 
f 5826 7755 7539 
f 7539 4921 5826 
f 6684 7849 5826 
f 5826 4921 6684 
f 7541 8736 6684 
f 6684 4921 7541 
f 7539 9068 7541 
f 7541 4921 7539 
f 6646 7764 5801 
f 5801 4922 6646 
f 6648 8723 6646 
f 6646 4922 6648 
f 6644 8722 6648 
f 6648 4922 6644 
f 5801 7813 6644 
f 6644 4922 5801 
f 5802 7814 6685 
f 6685 4923 5802 
f 7057 7765 5802 
f 5802 4923 7057 
f 7058 8882 7057 
f 7057 4923 7058 
f 6685 8737 7058 
f 7058 4923 6685 
f 5802 7765 5773 
f 5773 4924 5802 
f 5804 7814 5802 
f 5802 4924 5804 
f 5803 7815 5804 
f 5804 4924 5803 
f 5773 7766 5803 
f 5803 4924 5773 
f 6580 7734 6649 
f 6649 4925 6580 
f 6653 8697 6580 
f 6580 4925 6653 
f 6654 8725 6653 
f 6653 4925 6654 
f 6649 8724 6654 
f 6654 4925 6649 
f 6699 8743 7276 
f 7276 4926 6699 
f 7279 8742 6699 
f 6699 4926 7279 
f 7280 8979 7279 
f 7279 4926 7280 
f 7276 8978 7280 
f 7280 4926 7276 
f 7465 9043 7471 
f 7471 4927 7465 
f 6549 8684 7465 
f 7465 4927 6549 
f 7468 7729 6549 
f 6549 4927 7468 
f 7471 9044 7468 
f 7468 4927 7471 
f 6551 8684 6549 
f 6549 4928 6551 
f 5938 7934 6551 
f 6551 4928 5938 
f 5916 7924 5938 
f 5938 4928 5916 
f 6549 7729 5916 
f 5916 4928 6549 
f 5949 7785 5919 
f 5919 4929 5949 
f 5952 7939 5949 
f 5949 4929 5952 
f 5947 7938 5952 
f 5952 4929 5947 
f 5919 7925 5947 
f 5947 4929 5919 
f 6370 7950 5955 
f 5955 4930 6370 
f 6371 8592 6370 
f 6370 4930 6371 
f 6367 8591 6371 
f 6371 4930 6367 
f 5955 7822 6367 
f 6367 4930 5955 
f 6577 8691 6567 
f 6567 4931 6577 
f 6575 8695 6577 
f 6577 4931 6575 
f 5806 7830 6575 
f 6575 4931 5806 
f 6567 7823 5806 
f 5806 4931 6567 
f 6567 8691 6664 
f 6664 4932 6567 
f 6667 7823 6567 
f 6567 4932 6667 
f 6669 8730 6667 
f 6667 4932 6669 
f 6664 8729 6669 
f 6669 4932 6664 
f 7264 8747 6709 
f 6709 4933 7264 
f 7265 8974 7264 
f 7264 4933 7265 
f 7261 8973 7265 
f 7265 4933 7261 
f 6709 8748 7261 
f 7261 4933 6709 
f 7453 8672 6514 
f 6514 4934 7453 
f 7455 9039 7453 
f 7453 4934 7455 
f 7451 9038 7455 
f 7455 4934 7451 
f 6514 7826 7451 
f 7451 4934 6514 
f 6515 8672 6513 
f 6513 4935 6515 
f 6510 8671 6515 
f 6515 4935 6510 
f 5901 7917 6510 
f 6510 4935 5901 
f 6513 7728 5901 
f 5901 4935 6513 
f 5923 7927 6504 
f 6504 4936 5923 
f 6507 7786 5923 
f 5923 4936 6507 
f 6509 8670 6507 
f 6507 4936 6509 
f 6504 8669 6509 
f 6509 4936 6504 
f 6503 8668 6501 
f 6501 4937 6503 
f 5990 7970 6503 
f 6503 4937 5990 
f 5956 7951 5990 
f 5990 4937 5956 
f 6501 7739 5956 
f 5956 4937 6501 
f 6580 8697 6585 
f 6585 4938 6580 
f 5762 7734 6580 
f 6580 4938 5762 
f 6583 7754 5762 
f 5762 4938 6583 
f 6585 8698 6583 
f 6583 4938 6585 
f 6590 7732 5774 
f 5774 4939 6590 
f 6592 8701 6590 
f 6590 4939 6592 
f 6588 8700 6592 
f 6592 4939 6588 
f 5774 7767 6588 
f 6588 4939 5774 
f 6754 7802 5795 
f 5795 4940 6754 
f 6756 8766 6754 
f 6754 4940 6756 
f 6751 8765 6756 
f 6756 4940 6751 
f 5795 7760 6751 
f 6751 4940 5795 
f 5766 7748 6543 
f 6543 4941 5766 
f 6751 7760 5766 
f 5766 4941 6751 
f 6753 8765 6751 
f 6751 4941 6753 
f 6543 8682 6753 
f 6753 4941 6543 
f 6543 7748 5910 
f 5910 4942 6543 
f 6545 8682 6543 
f 6543 4942 6545 
f 6540 8681 6545 
f 6545 4942 6540 
f 5910 7921 6540 
f 6540 4942 5910 
f 6537 7788 5932 
f 5932 4943 6537 
f 6539 8680 6537 
f 6537 4943 6539 
f 6534 8679 6539 
f 6539 4943 6534 
f 5932 7931 6534 
f 6534 4943 5932 
f 5961 7955 6013 
f 6013 4944 5961 
f 6531 7758 5961 
f 5961 4944 6531 
f 6533 8678 6531 
f 6531 4944 6533 
f 6013 7989 6533 
f 6533 4944 6013 
f 7345 9002 7344 
f 7344 4945 7345 
f 5778 7770 7345 
f 7345 4945 5778 
f 975 2781 5778 
f 5778 4945 975 
f 7344 2875 975 
f 975 4945 7344 
f 6836 8805 6834 
f 6834 4946 6836 
f 6832 8804 6836 
f 6836 4946 6832 
f 5810 7837 6832 
f 6832 4946 5810 
f 6834 7778 5810 
f 5810 4946 6834 
f 5774 7732 5814 
f 5814 4947 5774 
f 5811 7767 5774 
f 5774 4947 5811 
f 5815 7838 5811 
f 5811 4947 5815 
f 5814 7839 5815 
f 5815 4947 5814 
f 5814 7732 6673 
f 6673 4948 5814 
f 6676 7839 5814 
f 5814 4948 6676 
f 6678 8733 6676 
f 6676 4948 6678 
f 6673 8732 6678 
f 6678 4948 6673 
f 7252 8970 7256 
f 7256 4949 7252 
f 6714 8751 7252 
f 7252 4949 6714 
f 7255 8750 6714 
f 6714 4949 7255 
f 7256 8971 7255 
f 7255 4949 7256 
f 6754 8766 6759 
f 6759 4950 6754 
f 5819 7802 6754 
f 6754 4950 5819 
f 6757 7842 5819 
f 5819 4950 6757 
f 6759 8767 6757 
f 6757 4950 6759 
f 6743 8762 6748 
f 6748 4951 6743 
f 5820 7803 6743 
f 6743 4951 5820 
f 6746 7843 5820 
f 5820 4951 6746 
f 6748 8763 6746 
f 6746 4951 6748 
f 6732 8758 6737 
f 6737 4952 6732 
f 5821 7808 6732 
f 6732 4952 5821 
f 6735 7844 5821 
f 5821 4952 6735 
f 6737 8759 6735 
f 6735 4952 6737 
f 7243 7810 5823 
f 5823 4953 7243 
f 7244 8967 7243 
f 7243 4953 7244 
f 7241 8966 7244 
f 7244 4953 7241 
f 5823 7846 7241 
f 7241 4953 5823 
f 7285 8981 7289 
f 7289 4954 7285 
f 6638 8719 7285 
f 7285 4954 6638 
f 7288 8718 6638 
f 6638 4954 7288 
f 7289 8982 7288 
f 7288 4954 7289 
f 6644 7813 5825 
f 5825 4955 6644 
f 6645 8722 6644 
f 6644 4955 6645 
f 6642 8721 6645 
f 6645 4955 6642 
f 5825 7848 6642 
f 6642 4955 5825 
f 6685 7814 5827 
f 5827 4956 6685 
f 6686 8737 6685 
f 6685 4956 6686 
f 6684 8736 6686 
f 6686 4956 6684 
f 5827 7849 6684 
f 6684 4956 5827 
f 5827 7814 5804 
f 5804 4957 5827 
f 5830 7849 5827 
f 5827 4957 5830 
f 5829 7850 5830 
f 5830 4957 5829 
f 5804 7815 5829 
f 5829 4957 5804 
f 7340 9000 7338 
f 7338 4958 7340 
f 7336 8999 7340 
f 7340 4958 7336 
f 5832 7842 7336 
f 7336 4958 5832 
f 7338 7851 5832 
f 5832 4958 7338 
f 6424 7955 5961 
f 5961 4959 6424 
f 6425 8612 6424 
f 6424 4959 6425 
f 6420 8611 6425 
f 6425 4959 6420 
f 5961 7758 6420 
f 6420 4959 5961 
f 6031 7996 6035 
f 6035 4960 6031 
f 5929 7930 6031 
f 6031 4960 5929 
f 6034 7853 5929 
f 5929 4960 6034 
f 6035 7997 6034 
f 6034 4960 6035 
f 6556 7854 5908 
f 5908 4961 6556 
f 6557 8686 6556 
f 6556 4961 6557 
f 6036 7998 6557 
f 6557 4961 6036 
f 5908 7920 6036 
f 6036 4961 5908 
f 6719 8753 6718 
f 6718 4962 6719 
f 6556 8686 6719 
f 6719 4962 6556 
f 5836 7854 6556 
f 6556 4962 5836 
f 6718 7855 5836 
f 5836 4962 6718 
f 6721 8754 6720 
f 6720 4963 6721 
f 6718 8753 6721 
f 6721 4963 6718 
f 5837 7855 6718 
f 6718 4963 5837 
f 6720 7856 5837 
f 5837 4963 6720 
f 6724 8755 6723 
f 6723 4964 6724 
f 6720 8754 6724 
f 6724 4964 6720 
f 5838 7856 6720 
f 6720 4964 5838 
f 6723 7857 5838 
f 5838 4964 6723 
f 6728 8756 6727 
f 6727 4965 6728 
f 6723 8755 6728 
f 6728 4965 6723 
f 5840 7857 6723 
f 6723 4965 5840 
f 6727 7858 5840 
f 5840 4965 6727 
f 6725 2862 951 
f 951 4966 6725 
f 6727 8756 6725 
f 6725 4966 6727 
f 5839 7858 6727 
f 6727 4966 5839 
f 951 2792 5839 
f 5839 4966 951 
f 5851 7872 5850 
f 5850 4967 5851 
f 5792 7799 5851 
f 5851 4967 5792 
f 925 2789 5792 
f 5792 4967 925 
f 5850 2794 925 
f 925 4967 5850 
f 5852 7872 5851 
f 5851 4968 5852 
f 5854 7800 5852 
f 5852 4968 5854 
f 5853 7873 5854 
f 5854 4968 5853 
f 5851 7799 5853 
f 5853 4968 5851 
f 5859 7860 6940 
f 6940 4969 5859 
f 6943 7877 5859 
f 5859 4969 6943 
f 6944 8843 6943 
f 6943 4969 6944 
f 6940 8842 6944 
f 6944 4969 6940 
f 6947 8845 6952 
f 6952 4970 6947 
f 6816 8798 6947 
f 6947 4970 6816 
f 6951 7862 6816 
f 6816 4970 6951 
f 6952 8846 6951 
f 6951 4970 6952 
f 6805 7862 6951 
f 6951 4971 6805 
f 6954 8794 6805 
f 6805 4971 6954 
f 6955 8847 6954 
f 6954 4971 6955 
f 6951 8846 6955 
f 6955 4971 6951 
f 6957 8848 6961 
f 6961 4972 6957 
f 6813 7863 6957 
f 6957 4972 6813 
f 6960 8797 6813 
f 6813 4972 6960 
f 6961 8849 6960 
f 6960 4972 6961 
f 6898 8827 6972 
f 6972 4973 6898 
f 962 2776 6898 
f 6898 4973 962 
f 6971 2869 962 
f 962 4973 6971 
f 6972 8853 6971 
f 6971 4973 6972 
f 6869 7864 5843 
f 5843 4974 6869 
f 6870 8817 6869 
f 6869 4974 6870 
f 6866 8816 6870 
f 6870 4974 6866 
f 5843 7865 6866 
f 6866 4974 5843 
f 6832 7837 5845 
f 5845 4975 6832 
f 6833 8804 6832 
f 6832 4975 6833 
f 6829 8803 6833 
f 6833 4975 6829 
f 5845 7867 6829 
f 6829 4975 5845 
f 6914 8834 6915 
f 6915 4976 6914 
f 6866 7865 6914 
f 6914 4976 6866 
f 6867 8816 6866 
f 6866 4976 6867 
f 6915 8815 6867 
f 6867 4976 6915 
f 5843 7864 6963 
f 6963 4977 5843 
f 6965 7865 5843 
f 5843 4977 6965 
f 6967 8851 6965 
f 6965 4977 6967 
f 6963 8850 6967 
f 6967 4977 6963 
f 6912 8833 6911 
f 6911 4978 6912 
f 5884 7906 6912 
f 6912 4978 5884 
f 5846 7773 5884 
f 5884 4978 5846 
f 6911 7868 5846 
f 5846 4978 6911 
f 6286 8137 6291 
f 6291 4979 6286 
f 5889 7910 6286 
f 6286 4979 5889 
f 6289 7725 5889 
f 5889 4979 6289 
f 6291 8138 6289 
f 6289 4979 6291 
f 5842 7859 6937 
f 6937 4980 5842 
f 6940 7860 5842 
f 5842 4980 6940 
f 6941 8842 6940 
f 6940 4980 6941 
f 6937 8841 6941 
f 6941 4980 6937 
f 6937 7859 5841 
f 5841 4981 6937 
f 6936 8841 6937 
f 6937 4981 6936 
f 960 2868 6936 
f 6936 4981 960 
f 5841 2793 960 
f 960 4981 5841 
f 5854 7873 5856 
f 5856 4982 5854 
f 5857 7800 5854 
f 5854 4982 5857 
f 5858 7876 5857 
f 5857 4982 5858 
f 5856 7875 5858 
f 5858 4982 5856 
f 980 2784 5760 
f 5760 4983 980 
f 7496 2878 980 
f 980 4983 7496 
f 7497 9053 7496 
f 7496 4983 7497 
f 5760 7725 7497 
f 7497 4983 5760 
f 7497 7725 6289 
f 6289 4984 7497 
f 7499 9053 7497 
f 7497 4984 7499 
f 7493 9052 7499 
f 7499 4984 7493 
f 6289 8138 7493 
f 7493 4984 6289 
f 7492 9051 7490 
f 7490 4985 7492 
f 7487 9050 7492 
f 7492 4985 7487 
f 5848 7741 7487 
f 7487 4985 5848 
f 7490 7870 5848 
f 5848 4985 7490 
f 6946 7861 7481 
f 7481 4986 6946 
f 7485 8844 6946 
f 6946 4986 7485 
f 7486 9049 7485 
f 7485 4986 7486 
f 7481 9048 7486 
f 7486 4986 7481 
f 6887 8823 7478 
f 7478 4987 6887 
f 7481 7861 6887 
f 6887 4987 7481 
f 7483 9048 7481 
f 7481 4987 7483 
f 7478 9047 7483 
f 7483 4987 7478 
f 7477 9046 7475 
f 7475 4988 7477 
f 7472 9045 7477 
f 7477 4988 7472 
f 6852 8811 7472 
f 7472 4988 6852 
f 7475 7775 6852 
f 6852 4988 7475 
f 7375 8777 7226 
f 7226 4989 7375 
f 7376 9013 7375 
f 7375 4989 7376 
f 7371 9012 7376 
f 7376 4989 7371 
f 7226 8960 7371 
f 7371 4989 7226 
f 7230 2871 967 
f 967 4990 7230 
f 7232 8962 7230 
f 7230 4990 7232 
f 5862 7881 7232 
f 7232 4990 5862 
f 967 2796 5862 
f 5862 4990 967 
f 5894 7908 5886 
f 5886 4991 5894 
f 5892 7912 5894 
f 5894 4991 5892 
f 5759 7545 5892 
f 5892 4991 5759 
f 5886 7544 5759 
f 5759 4991 5886 
f 6977 8854 6976 
f 6976 4992 6977 
f 6933 8840 6977 
f 6977 4992 6933 
f 5869 7885 6933 
f 6933 4992 5869 
f 6976 7894 5869 
f 5869 4992 6976 
f 6179 8098 6184 
f 6184 4993 6179 
f 5870 7883 6179 
f 6179 4993 5870 
f 6183 7895 5870 
f 5870 4993 6183 
f 6184 8099 6183 
f 6183 4993 6184 
f 5874 7898 5873 
f 5873 4994 5874 
f 5872 7897 5874 
f 5874 4994 5872 
f 5867 7892 5872 
f 5872 4994 5867 
f 5873 7891 5867 
f 5867 4994 5873 
f 5896 7899 5875 
f 5875 4995 5896 
f 5897 7914 5896 
f 5896 4995 5897 
f 5895 7913 5897 
f 5897 4995 5895 
f 5875 7890 5895 
f 5895 4995 5875 
f 5875 7899 5877 
f 5877 4996 5875 
f 5866 7890 5875 
f 5875 4996 5866 
f 5876 7889 5866 
f 5866 4996 5876 
f 5877 7900 5876 
f 5876 4996 5877 
f 6259 8128 6269 
f 6269 4997 6259 
f 5876 7900 6259 
f 6259 4997 5876 
f 6268 7889 5876 
f 5876 4997 6268 
f 6269 8131 6268 
f 6268 4997 6269 
f 6282 8135 6281 
f 6281 4998 6282 
f 6256 8127 6282 
f 6282 4998 6256 
f 5878 7901 6256 
f 6256 4998 5878 
f 6281 7888 5878 
f 5878 4998 6281 
f 5880 7893 5868 
f 5868 4999 5880 
f 5879 7902 5880 
f 5880 4999 5879 
f 5865 7887 5879 
f 5879 4999 5865 
f 5868 7886 5865 
f 5865 4999 5868 
f 6196 8104 6201 
f 6201 5000 6196 
f 5870 7895 6196 
f 6196 5000 5870 
f 6199 7883 5870 
f 5870 5000 6199 
f 6201 8105 6199 
f 6199 5000 6201 
f 6979 8032 6091 
f 6091 5001 6979 
f 6980 8855 6979 
f 6979 5001 6980 
f 6976 8854 6980 
f 6980 5001 6976 
f 6091 7894 6976 
f 6976 5001 6091 
f 6186 8033 6092 
f 6092 5002 6186 
f 6187 8100 6186 
f 6186 5002 6187 
f 6183 8099 6187 
f 6187 5002 6183 
f 6092 7895 6183 
f 6183 5002 6092 
f 6193 8103 6198 
f 6198 5003 6193 
f 6092 8033 6193 
f 6193 5003 6092 
f 6196 7895 6092 
f 6092 5003 6196 
f 6198 8104 6196 
f 6196 5003 6198 
f 6226 8035 6094 
f 6094 5004 6226 
f 6227 8115 6226 
f 6226 5004 6227 
f 6224 8114 6227 
f 6227 5004 6224 
f 6094 7897 6224 
f 6224 5004 6094 
f 6096 8036 6095 
f 6095 5005 6096 
f 6094 8035 6096 
f 6096 5005 6094 
f 5874 7897 6094 
f 6094 5005 5874 
f 6095 7898 5874 
f 5874 5005 6095 
f 6099 8038 6098 
f 6098 5006 6099 
f 6097 8037 6099 
f 6099 5006 6097 
f 5896 7914 6097 
f 6097 5006 5896 
f 6098 7899 5896 
f 5896 5006 6098 
f 6101 8039 6100 
f 6100 5007 6101 
f 6098 8038 6101 
f 6101 5007 6098 
f 5877 7899 6098 
f 6098 5007 5877 
f 6100 7900 5877 
f 5877 5007 6100 
f 6262 8040 6102 
f 6102 5008 6262 
f 6263 8129 6262 
f 6262 5008 6263 
f 6260 8128 6263 
f 6263 5008 6260 
f 6102 7901 6260 
f 6260 5008 6102 
f 6253 8126 6258 
f 6258 5009 6253 
f 6102 8040 6253 
f 6253 5009 6102 
f 6256 7901 6102 
f 6102 5009 6256 
f 6258 8127 6256 
f 6256 5009 6258 
f 6104 8031 6090 
f 6090 5010 6104 
f 6103 8041 6104 
f 6104 5010 6103 
f 5880 7902 6103 
f 6103 5010 5880 
f 6090 7893 5880 
f 5880 5010 6090 
f 6824 8801 6823 
f 6823 5011 6824 
f 6820 8800 6824 
f 6824 5011 6820 
f 6057 7904 6820 
f 6820 5011 6057 
f 6823 8006 6057 
f 6057 5011 6823 
f 6800 8792 6801 
f 6801 5012 6800 
f 6059 7905 6800 
f 6800 5012 6059 
f 6178 8007 6059 
f 6059 5012 6178 
f 6801 8097 6178 
f 6178 5012 6801 
f 6807 7905 6059 
f 6059 5013 6807 
f 6809 8795 6807 
f 6807 5013 6809 
f 6202 8106 6809 
f 6809 5013 6202 
f 6059 8007 6202 
f 6202 5013 6059 
f 6913 8833 6912 
f 6912 5014 6913 
f 6909 8832 6913 
f 6913 5014 6909 
f 6061 8008 6909 
f 6909 5014 6061 
f 6912 7906 6061 
f 6061 5014 6912 
f 6039 7907 6900 
f 6900 5015 6039 
f 6926 7999 6039 
f 6039 5015 6926 
f 6927 8838 6926 
f 6926 5015 6927 
f 6900 8829 6927 
f 6927 5015 6900 
f 6040 8000 6045 
f 6045 5016 6040 
f 5894 7912 6040 
f 6040 5016 5894 
f 6044 7908 5894 
f 5894 5016 6044 
f 6045 8001 6044 
f 6044 5016 6045 
f 6044 8001 6048 
f 6048 5017 6044 
f 5888 7908 6044 
f 6044 5017 5888 
f 6047 7909 5888 
f 5888 5017 6047 
f 6048 8002 6047 
f 6047 5017 6048 
f 6047 8002 6270 
f 6270 5018 6047 
f 6273 7909 6047 
f 6047 5018 6273 
f 6275 8133 6273 
f 6273 5018 6275 
f 6270 8132 6275 
f 6275 5018 6270 
f 6050 8003 6283 
f 6283 5019 6050 
f 6286 7910 6050 
f 6050 5019 6286 
f 6288 8137 6286 
f 6286 5019 6288 
f 6283 8136 6288 
f 6288 5019 6283 
f 6052 8004 6055 
f 6055 5020 6052 
f 5891 7911 6052 
f 6052 5020 5891 
f 6054 7903 5891 
f 5891 5020 6054 
f 6055 8005 6054 
f 6054 5020 6055 
f 5893 7912 5892 
f 5892 5021 5893 
f 5885 7907 5893 
f 5893 5021 5885 
f 5780 7779 5885 
f 5885 5021 5780 
f 5892 7545 5780 
f 5780 5021 5892 
f 6042 8000 6040 
f 6040 5022 6042 
f 6039 7999 6042 
f 6042 5022 6039 
f 5893 7907 6039 
f 6039 5022 5893 
f 6040 7912 5893 
f 5893 5022 6040 
f 5873 7898 6205 
f 6205 5023 5873 
f 6929 7891 5873 
f 5873 5023 6929 
f 6932 8839 6929 
f 6929 5023 6932 
f 6205 8107 6932 
f 6932 5023 6205 
f 6208 8037 6097 
f 6097 5024 6208 
f 6209 8108 6208 
f 6208 5024 6209 
f 6206 8107 6209 
f 6209 5024 6206 
f 6097 7914 6206 
f 6206 5024 6097 
f 6495 7916 5900 
f 5900 5025 6495 
f 6497 8666 6495 
f 6495 5025 6497 
f 6493 8665 6497 
f 6497 5025 6493 
f 5900 7821 6493 
f 6493 5025 5900 
f 6507 8670 6512 
f 6512 5026 6507 
f 5902 7786 6507 
f 6507 5026 5902 
f 6510 7917 5902 
f 5902 5026 6510 
f 6512 8671 6510 
f 6510 5026 6512 
f 6025 7787 5906 
f 5906 5027 6025 
f 6027 7994 6025 
f 6025 5027 6027 
f 6024 7993 6027 
f 6027 5027 6024 
f 5906 7919 6024 
f 6024 5027 5906 
f 5907 7920 5909 
f 5909 5028 5907 
f 5834 7853 5907 
f 5907 5028 5834 
f 5906 7787 5834 
f 5834 5028 5906 
f 5909 7919 5906 
f 5906 5028 5909 
f 6034 7997 6038 
f 6038 5029 6034 
f 5907 7853 6034 
f 6034 5029 5907 
f 6036 7920 5907 
f 5907 5029 6036 
f 6038 7998 6036 
f 6036 5029 6038 
f 6540 7921 5911 
f 5911 5030 6540 
f 6542 8681 6540 
f 6540 5030 6542 
f 6537 8680 6542 
f 6542 5030 6537 
f 5911 7788 6537 
f 6537 5030 5911 
f 6525 7922 5913 
f 5913 5031 6525 
f 6527 8676 6525 
f 6525 5031 6527 
f 6523 8675 6527 
f 6527 5031 6523 
f 5913 7833 6523 
f 6523 5031 5913 
f 5940 7935 5943 
f 5943 5032 5940 
f 5917 7924 5940 
f 5940 5032 5917 
f 5941 7785 5917 
f 5917 5032 5941 
f 5943 7936 5941 
f 5941 5032 5943 
f 5938 7924 5917 
f 5917 5033 5938 
f 5951 7934 5938 
f 5938 5033 5951 
f 5949 7939 5951 
f 5951 5033 5949 
f 5917 7785 5949 
f 5949 5033 5917 
f 6366 8591 6368 
f 6368 5034 6366 
f 5918 7740 6366 
f 6366 5034 5918 
f 5947 7925 5918 
f 5918 5034 5947 
f 6368 7938 5947 
f 5947 5034 6368 
f 6489 7926 5921 
f 5921 5035 6489 
f 6491 8664 6489 
f 6489 5035 6491 
f 6487 8663 6491 
f 6491 5035 6487 
f 5921 7822 6487 
f 6487 5035 5921 
f 5922 7739 6501 
f 6501 5036 5922 
f 6504 7927 5922 
f 5922 5036 6504 
f 6506 8669 6504 
f 6504 5036 6506 
f 6501 8668 6506 
f 6506 5036 6501 
f 6404 7738 5926 
f 5926 5037 6404 
f 6406 8606 6404 
f 6404 5037 6406 
f 6029 7995 6406 
f 6406 5037 6029 
f 5926 7929 6029 
f 6029 5037 5926 
f 5926 7738 5833 
f 5833 5038 5926 
f 5930 7929 5926 
f 5926 5038 5930 
f 5928 7930 5930 
f 5930 5038 5928 
f 5833 7852 5928 
f 5928 5038 5833 
f 6421 8611 6422 
f 6422 5039 6421 
f 5928 7852 6421 
f 6421 5039 5928 
f 6031 7930 5928 
f 5928 5039 6031 
f 6422 7996 6031 
f 6031 5039 6422 
f 6534 7931 5931 
f 5931 5040 6534 
f 6536 8679 6534 
f 6534 5040 6536 
f 6531 8678 6536 
f 6536 5040 6531 
f 5931 7758 6531 
f 6531 5040 5931 
f 6519 7932 5934 
f 5934 5041 6519 
f 6521 8674 6519 
f 6519 5041 6521 
f 6517 8673 6521 
f 6521 5041 6517 
f 5934 7834 6517 
f 6517 5041 5934 
f 6384 7740 5918 
f 5918 5042 6384 
f 6386 8597 6384 
f 6384 5042 6386 
f 5944 7937 6386 
f 6386 5042 5944 
f 5918 7925 5944 
f 5944 5042 5918 
f 6550 8684 6551 
f 6551 5043 6550 
f 5899 7820 6550 
f 6550 5043 5899 
f 5937 7916 5899 
f 5899 5043 5937 
f 6551 7934 5937 
f 5937 5043 6551 
f 5914 7923 5939 
f 5939 5044 5914 
f 6547 7744 5914 
f 5914 5044 6547 
f 6548 8683 6547 
f 6547 5044 6548 
f 5939 7935 6548 
f 6548 5044 5939 
f 5939 7923 5915 
f 5915 5045 5939 
f 5943 7935 5939 
f 5939 5045 5943 
f 5942 7936 5943 
f 5943 5045 5942 
f 5915 7789 5942 
f 5942 5045 5915 
f 5942 7789 5936 
f 5936 5046 5942 
f 5946 7936 5942 
f 5942 5046 5946 
f 5945 7937 5946 
f 5946 5046 5945 
f 5936 7933 5945 
f 5945 5046 5936 
f 6368 8591 6367 
f 6367 5047 6368 
f 5948 7938 6368 
f 6368 5047 5948 
f 5921 7926 5948 
f 5948 5047 5921 
f 6367 7822 5921 
f 5921 5047 6367 
f 5920 7821 5950 
f 5950 5048 5920 
f 5948 7926 5920 
f 5920 5048 5948 
f 5952 7938 5948 
f 5948 5048 5952 
f 5950 7939 5952 
f 5952 5048 5950 
f 5900 7916 5937 
f 5937 5049 5900 
f 5950 7821 5900 
f 5900 5049 5950 
f 5951 7939 5950 
f 5950 5049 5951 
f 5937 7934 5951 
f 5951 5049 5937 
f 6352 7972 5994 
f 5994 5050 6352 
f 6353 8584 6352 
f 6352 5050 6353 
f 6349 8583 6353 
f 6353 5050 6349 
f 5994 7941 6349 
f 6349 5050 5994 
f 6361 7973 5995 
f 5995 5051 6361 
f 6362 8587 6361 
f 6361 5051 6362 
f 6358 8586 6362 
f 6362 5051 6358 
f 5995 7942 6358 
f 6358 5051 5995 
f 6417 7974 5996 
f 5996 5052 6417 
f 6419 8610 6417 
f 6417 5052 6419 
f 6414 8609 6419 
f 6419 5052 6414 
f 5996 7943 6414 
f 6414 5052 5996 
f 5996 7974 5998 
f 5998 5053 5996 
f 5953 7943 5996 
f 5996 5053 5953 
f 5997 7944 5953 
f 5953 5053 5997 
f 5998 7975 5997 
f 5997 5053 5998 
f 6433 7976 5999 
f 5999 5054 6433 
f 6434 8615 6433 
f 6433 5054 6434 
f 6430 8614 6434 
f 6434 5054 6430 
f 5999 7945 6430 
f 6430 5054 5999 
f 6442 7977 6000 
f 6000 5055 6442 
f 6443 8618 6442 
f 6442 5055 6443 
f 6439 8617 6443 
f 6443 5055 6439 
f 6000 7946 6439 
f 6439 5055 6000 
f 6451 7978 6001 
f 6001 5056 6451 
f 6452 8622 6451 
f 6451 5056 6452 
f 6448 8621 6452 
f 6452 5056 6448 
f 6001 7947 6448 
f 6448 5056 6001 
f 6397 7979 6002 
f 6002 5057 6397 
f 6398 8601 6397 
f 6397 5057 6398 
f 6394 8600 6398 
f 6398 5057 6394 
f 6002 7948 6394 
f 6394 5057 6002 
f 6378 7971 5993 
f 5993 5058 6378 
f 6380 8595 6378 
f 6378 5058 6380 
f 6375 8594 6380 
f 6380 5058 6375 
f 5993 7940 6375 
f 6375 5058 5993 
f 6373 7959 5967 
f 5967 5059 6373 
f 6374 8593 6373 
f 6373 5059 6374 
f 6370 8592 6374 
f 6374 5059 6370 
f 5967 7950 6370 
f 6370 5059 5967 
f 5986 7960 5969 
f 5969 5060 5986 
f 5987 7968 5986 
f 5986 5060 5987 
f 5984 7967 5987 
f 5987 5060 5984 
f 5969 7951 5984 
f 5984 5060 5969 
f 5988 7969 5992 
f 5992 5061 5988 
f 5969 7960 5988 
f 5988 5061 5969 
f 5990 7951 5969 
f 5969 5061 5990 
f 5992 7970 5990 
f 5990 5061 5992 
f 6411 7962 5973 
f 5973 5062 6411 
f 6412 8608 6411 
f 6411 5062 6412 
f 6408 8607 6412 
f 6412 5062 6408 
f 5973 7953 6408 
f 6408 5062 5973 
f 5973 7962 5976 
f 5976 5063 5973 
f 5960 7953 5973 
f 5973 5063 5960 
f 5975 7954 5960 
f 5960 5063 5975 
f 5976 7963 5975 
f 5975 5063 5976 
f 6427 7964 5978 
f 5978 5064 6427 
f 6428 8613 6427 
f 6427 5064 6428 
f 6424 8612 6428 
f 6428 5064 6424 
f 5978 7955 6424 
f 6424 5064 5978 
f 5978 7964 6020 
f 6020 5065 5978 
f 6013 7955 5978 
f 5978 5065 6013 
f 6022 7989 6013 
f 6013 5065 6022 
f 6020 7992 6022 
f 6022 5065 6020 
f 6018 7966 5982 
f 5982 5066 6018 
f 6019 7991 6018 
f 6018 5066 6019 
f 6016 7990 6019 
f 6019 5066 6016 
f 5982 7957 6016 
f 6016 5066 5982 
f 6390 7958 5965 
f 5965 5067 6390 
f 6392 8599 6390 
f 6390 5067 6392 
f 6387 8598 6392 
f 6392 5067 6387 
f 5965 7949 6387 
f 6387 5067 5965 
f 6375 7940 5966 
f 5966 5068 6375 
f 6377 8594 6375 
f 6375 5068 6377 
f 6373 8593 6377 
f 6377 5068 6373 
f 5966 7959 6373 
f 6373 5068 5966 
f 6349 7941 5968 
f 5968 5069 6349 
f 6350 8583 6349 
f 6349 5069 6350 
f 5986 7968 6350 
f 6350 5069 5986 
f 5968 7960 5986 
f 5986 5069 5968 
f 6357 8586 6359 
f 6359 5070 6357 
f 5968 7941 6357 
f 6357 5070 5968 
f 5988 7960 5968 
f 5968 5070 5988 
f 6359 7969 5988 
f 5988 5070 6359 
f 6414 7943 5972 
f 5972 5071 6414 
f 6415 8609 6414 
f 6414 5071 6415 
f 6411 8608 6415 
f 6415 5071 6411 
f 5972 7962 6411 
f 6411 5071 5972 
f 5972 7943 5953 
f 5953 5072 5972 
f 5976 7962 5972 
f 5972 5072 5976 
f 5974 7963 5976 
f 5976 5072 5974 
f 5953 7944 5974 
f 5974 5072 5953 
f 6430 7945 5977 
f 5977 5073 6430 
f 6431 8614 6430 
f 6430 5073 6431 
f 6427 8613 6431 
f 6431 5073 6427 
f 5977 7964 6427 
f 6427 5073 5977 
f 5979 7965 6021 
f 6021 5074 5979 
f 6439 7946 5979 
f 5979 5074 6439 
f 6440 8617 6439 
f 6439 5074 6440 
f 6021 7992 6440 
f 6440 5074 6021 
f 5981 7966 6018 
f 6018 5075 5981 
f 6448 7947 5981 
f 5981 5075 6448 
f 6449 8621 6448 
f 6448 5075 6449 
f 6018 7991 6449 
f 6449 5075 6018 
f 6394 7948 5964 
f 5964 5076 6394 
f 6395 8600 6394 
f 6394 5076 6395 
f 6390 8599 6395 
f 6395 5076 6390 
f 5964 7958 6390 
f 6390 5076 5964 
f 6488 8663 6487 
f 6487 5077 6488 
f 5983 7967 6488 
f 6488 5077 5983 
f 5955 7950 5983 
f 5983 5077 5955 
f 6487 7822 5955 
f 5955 5077 6487 
f 5967 7959 5985 
f 5985 5078 5967 
f 5983 7950 5967 
f 5967 5078 5983 
f 5987 7967 5983 
f 5983 5078 5987 
f 5985 7968 5987 
f 5987 5078 5985 
f 6359 8586 6358 
f 6358 5079 6359 
f 5989 7969 6359 
f 6359 5079 5989 
f 5970 7961 5989 
f 5989 5079 5970 
f 6358 7942 5970 
f 5970 5079 6358 
f 5989 7961 5971 
f 5971 5080 5989 
f 5992 7969 5989 
f 5989 5080 5992 
f 5991 7970 5992 
f 5992 5080 5991 
f 5971 7952 5991 
f 5991 5080 5971 
f 6355 7981 6004 
f 6004 5081 6355 
f 6356 8585 6355 
f 6355 5081 6356 
f 6352 8584 6356 
f 6356 5081 6352 
f 6004 7972 6352 
f 6352 5081 6004 
f 6364 7982 6005 
f 6005 5082 6364 
f 6365 8588 6364 
f 6364 5082 6365 
f 6361 8587 6365 
f 6365 5082 6361 
f 6005 7973 6361 
f 6361 5082 6005 
f 6403 7983 6006 
f 6006 5083 6403 
f 6418 8605 6403 
f 6403 5083 6418 
f 6417 8610 6418 
f 6418 5083 6417 
f 6006 7974 6417 
f 6417 5083 6006 
f 6006 7983 6008 
f 6008 5084 6006 
f 5998 7974 6006 
f 6006 5084 5998 
f 6007 7975 5998 
f 5998 5084 6007 
f 6008 7984 6007 
f 6007 5084 6008 
f 6436 7985 6009 
f 6009 5085 6436 
f 6437 8616 6436 
f 6436 5085 6437 
f 6433 8615 6437 
f 6437 5085 6433 
f 6009 7976 6433 
f 6433 5085 6009 
f 6445 7986 6010 
f 6010 5086 6445 
f 6446 8619 6445 
f 6445 5086 6446 
f 6442 8618 6446 
f 6446 5086 6442 
f 6010 7977 6442 
f 6442 5086 6010 
f 6454 7987 6011 
f 6011 5087 6454 
f 6455 8623 6454 
f 6454 5087 6455 
f 6451 8622 6455 
f 6455 5087 6451 
f 6011 7978 6451 
f 6451 5087 6011 
f 6400 7988 6012 
f 6012 5088 6400 
f 6401 8602 6400 
f 6400 5088 6401 
f 6397 8601 6401 
f 6401 5088 6397 
f 6012 7979 6397 
f 6397 5088 6012 
f 6381 7980 6003 
f 6003 5089 6381 
f 6383 8596 6381 
f 6381 5089 6383 
f 6378 8595 6383 
f 6383 5089 6378 
f 6003 7971 6378 
f 6378 5089 6003 
f 8589 7717 8636 
f 8636 8637 8589 
f 8636 7717 8633 
f 8633 8635 8636 
f 8937 8940 8938 
f 8938 7718 8937 
f 8603 7722 8642 
f 8642 8643 8603 
f 7715 7719 8640 
f 8640 8641 7715 
f 5980 7965 6017 
f 6017 5090 5980 
f 6015 7956 5980 
f 5980 5090 6015 
f 6019 7990 6015 
f 6015 5090 6019 
f 6017 7991 6019 
f 6019 5090 6017 
f 6021 7965 5980 
f 5980 5091 6021 
f 6022 7992 6021 
f 6021 5091 6022 
f 6014 7989 6022 
f 6022 5091 6014 
f 5980 7956 6014 
f 6014 5091 5980 
f 5903 7918 6023 
f 6023 5092 5903 
f 6553 7826 5903 
f 5903 5092 6553 
f 6554 8685 6553 
f 6553 5092 6554 
f 6023 7993 6554 
f 6554 5092 6023 
f 5904 7827 6026 
f 6026 5093 5904 
f 6023 7918 5904 
f 5904 5093 6023 
f 6027 7993 6023 
f 6023 5093 6027 
f 6026 7994 6027 
f 6027 5093 6026 
f 5924 7928 6028 
f 6028 5094 5924 
f 6026 7827 5924 
f 5924 5094 6026 
f 6030 7994 6026 
f 6026 5094 6030 
f 6028 7995 6030 
f 6030 5094 6028 
f 6422 8611 6420 
f 6420 5095 6422 
f 6032 7996 6422 
f 6422 5095 6032 
f 5931 7931 6032 
f 6032 5095 5931 
f 6420 7758 5931 
f 5931 5095 6420 
f 6032 7931 5932 
f 5932 5096 6032 
f 6035 7996 6032 
f 6032 5096 6035 
f 6033 7997 6035 
f 6035 5096 6033 
f 5932 7788 6033 
f 6033 5096 5932 
f 6033 7788 5911 
f 5911 5097 6033 
f 6038 7997 6033 
f 6033 5097 6038 
f 6037 7998 6038 
f 6038 5097 6037 
f 5911 7921 6037 
f 6037 5097 5911 
f 7052 8076 6139 
f 6139 5098 7052 
f 7053 8880 7052 
f 7052 5098 7053 
f 7049 8879 7053 
f 7053 5098 7049 
f 6139 7752 7049 
f 7049 5098 6139 
f 6996 8077 6141 
f 6141 5099 6996 
f 6997 8861 6996 
f 6996 5099 6997 
f 6992 8860 6997 
f 6997 5099 6992 
f 6141 7751 6992 
f 6992 5099 6141 
f 6149 8080 6147 
f 6147 5100 6149 
f 6145 8079 6149 
f 6149 5100 6145 
f 5847 7869 6145 
f 6145 5100 5847 
f 6147 7749 5847 
f 5847 5100 6147 
f 5849 7871 6160 
f 6160 5101 5849 
f 6137 7750 5849 
f 5849 5101 6137 
f 6161 8075 6137 
f 6137 5101 6161 
f 6160 8085 6161 
f 6161 5101 6160 
f 7046 8084 6158 
f 6158 5102 7046 
f 7047 8878 7046 
f 7046 5102 7047 
f 7042 8877 7047 
f 7047 5102 7042 
f 6158 7771 7042 
f 7042 5102 6158 
f 6157 8083 6155 
f 6155 5103 6157 
f 6152 8082 6157 
f 6157 5103 6152 
f 5864 7882 6152 
f 6152 5103 5864 
f 6155 7772 5864 
f 5864 5103 6155 
f 7018 8078 6143 
f 6143 5104 7018 
f 7019 8868 7018 
f 7018 5104 7019 
f 7015 8867 7019 
f 7019 5104 7015 
f 6143 7774 7015 
f 7015 5104 6143 
f 6239 8079 6145 
f 6145 5105 6239 
f 6240 8120 6239 
f 6239 5105 6240 
f 6236 8119 6240 
f 6240 5105 6236 
f 6145 7869 6236 
f 6236 5105 6145 
f 7032 8085 6160 
f 6160 5106 7032 
f 7033 8873 7032 
f 7032 5106 7033 
f 7028 8872 7033 
f 7033 5106 7028 
f 6160 7871 7028 
f 7028 5106 6160 
f 6154 8082 6152 
f 6152 5107 6154 
f 6150 8081 6154 
f 6154 5107 6150 
f 5898 7915 6150 
f 6150 5107 5898 
f 6152 7882 5898 
f 5898 5107 6152 
f 6221 8081 6150 
f 6150 5108 6221 
f 6222 8113 6221 
f 6221 5108 6222 
f 6218 8112 6222 
f 6222 5108 6218 
f 6150 7915 6218 
f 6218 5108 6150 
f 6926 8838 6925 
f 6925 5109 6926 
f 6931 7999 6926 
f 6926 5109 6931 
f 6929 8839 6931 
f 6931 5109 6929 
f 6925 7891 6929 
f 6929 5109 6925 
f 6041 7913 5895 
f 5895 5110 6041 
f 6045 8000 6041 
f 6041 5110 6045 
f 6043 8001 6045 
f 6045 5110 6043 
f 5895 7890 6043 
f 6043 5110 5895 
f 6043 7890 5866 
f 5866 5111 6043 
f 6048 8001 6043 
f 6043 5111 6048 
f 6046 8002 6048 
f 6048 5111 6046 
f 5866 7889 6046 
f 6046 5111 5866 
f 6046 7889 6268 
f 6268 5112 6046 
f 6270 8002 6046 
f 6046 5112 6270 
f 6272 8132 6270 
f 6270 5112 6272 
f 6268 8131 6272 
f 6272 5112 6268 
f 6049 7888 6281 
f 6281 5113 6049 
f 6283 8003 6049 
f 6049 5113 6283 
f 6285 8136 6283 
f 6283 5113 6285 
f 6281 8135 6285 
f 6285 5113 6281 
f 6051 7887 5865 
f 5865 5114 6051 
f 6055 8004 6051 
f 6051 5114 6055 
f 6053 8005 6055 
f 6055 5114 6053 
f 5865 7886 6053 
f 6053 5114 5865 
f 6935 8840 6933 
f 6933 5115 6935 
f 6823 8801 6935 
f 6935 5115 6823 
f 6056 8006 6823 
f 6823 5115 6056 
f 6933 7885 6056 
f 6056 5115 6933 
f 6181 8098 6179 
f 6179 5116 6181 
f 6178 8097 6181 
f 6181 5116 6178 
f 6058 8007 6178 
f 6178 5116 6058 
f 6179 7883 6058 
f 6058 5116 6179 
f 6202 8007 6058 
f 6058 5117 6202 
f 6204 8106 6202 
f 6202 5117 6204 
f 6199 8105 6204 
f 6204 5117 6199 
f 6058 7883 6199 
f 6199 5117 6058 
f 6906 8831 6910 
f 6910 5118 6906 
f 6060 7884 6906 
f 6906 5118 6060 
f 6909 8008 6060 
f 6060 5118 6909 
f 6910 8832 6909 
f 6909 5118 6910 
f 6248 8123 7050 
f 7050 5119 6248 
f 6063 8010 6248 
f 6248 5119 6063 
f 7049 7752 6063 
f 6063 5119 7049 
f 7050 8879 7049 
f 7049 5119 7050 
f 6992 7751 6064 
f 6064 5120 6992 
f 6994 8860 6992 
f 6992 5120 6994 
f 6990 8859 6994 
f 6994 5120 6990 
f 6064 8011 6990 
f 6990 5120 6064 
f 7015 7774 6065 
f 6065 5121 7015 
f 7016 8867 7015 
f 7015 5121 7016 
f 7012 8866 7016 
f 7016 5121 7012 
f 6065 8012 7012 
f 7012 5121 6065 
f 6236 7869 6066 
f 6066 5122 6236 
f 6237 8119 6236 
f 6236 5122 6237 
f 6234 8118 6237 
f 6237 5122 6234 
f 6066 8013 6234 
f 6234 5122 6066 
f 5847 7749 6067 
f 6067 5123 5847 
f 6066 7869 5847 
f 5847 5123 6066 
f 6068 8013 6066 
f 6066 5123 6068 
f 6067 8014 6068 
f 6068 5123 6067 
f 6218 7915 6069 
f 6069 5124 6218 
f 6219 8112 6218 
f 6218 5124 6219 
f 6216 8111 6219 
f 6219 5124 6216 
f 6069 8015 6216 
f 6216 5124 6069 
f 5898 7882 6070 
f 6070 5125 5898 
f 6069 7915 5898 
f 5898 5125 6069 
f 6071 8015 6069 
f 6069 5125 6071 
f 6070 8016 6071 
f 6071 5125 6070 
f 5864 7772 6072 
f 6072 5126 5864 
f 6070 7882 5864 
f 5864 5126 6070 
f 6073 8016 6070 
f 6070 5126 6073 
f 6072 8017 6073 
f 6073 5126 6072 
f 7042 7771 6074 
f 6074 5127 7042 
f 7044 8877 7042 
f 7042 5127 7044 
f 7040 8876 7044 
f 7044 5127 7040 
f 6074 8018 7040 
f 7040 5127 6074 
f 7028 7871 6075 
f 6075 5128 7028 
f 7029 8872 7028 
f 7028 5128 7029 
f 7025 8871 7029 
f 7029 5128 7025 
f 6075 8019 7025 
f 7025 5128 6075 
f 6250 8123 6248 
f 6248 5129 6250 
f 6249 8124 6250 
f 6250 5129 6249 
f 6077 8021 6249 
f 6249 5129 6077 
f 6248 8010 6077 
f 6077 5129 6248 
f 6990 8011 6078 
f 6078 5130 6990 
f 6991 8859 6990 
f 6990 5130 6991 
f 6987 8858 6991 
f 6991 5130 6987 
f 6078 8022 6987 
f 6987 5130 6078 
f 7012 8012 6079 
f 6079 5131 7012 
f 7013 8866 7012 
f 7012 5131 7013 
f 7009 8865 7013 
f 7013 5131 7009 
f 6079 8023 7009 
f 7009 5131 6079 
f 7001 8862 6998 
f 6998 5132 7001 
f 6233 8118 7001 
f 7001 5132 6233 
f 6079 8012 6233 
f 6233 5132 6079 
f 6998 8023 6079 
f 6079 5132 6998 
f 6068 8014 6081 
f 6081 5133 6068 
f 6080 8013 6068 
f 6068 5133 6080 
f 6082 8024 6080 
f 6080 5133 6082 
f 6081 8025 6082 
f 6082 5133 6081 
f 6216 8015 6083 
f 6083 5134 6216 
f 7005 8111 6216 
f 6216 5134 7005 
f 7003 8863 7005 
f 7005 5134 7003 
f 6083 8026 7003 
f 7003 5134 6083 
f 6071 8016 6084 
f 6084 5135 6071 
f 6083 8015 6071 
f 6071 5135 6083 
f 6085 8026 6083 
f 6083 5135 6085 
f 6084 8027 6085 
f 6085 5135 6084 
f 6073 8017 6086 
f 6086 5136 6073 
f 6084 8016 6073 
f 6073 5136 6084 
f 6087 8027 6084 
f 6084 5136 6087 
f 6086 8028 6087 
f 6087 5136 6086 
f 7040 8018 6088 
f 6088 5137 7040 
f 7041 8876 7040 
f 7040 5137 7041 
f 7037 8875 7041 
f 7041 5137 7037 
f 6088 8029 7037 
f 7037 5137 6088 
f 7129 8913 7115 
f 7115 5138 7129 
f 7129 5138 7128 
f 7112 8912 7128 
f 7128 5138 7112 
f 7115 8030 7112 
f 7112 5138 7115 
f 6982 8043 6106 
f 6106 5139 6982 
f 6983 8856 6982 
f 6982 5139 6983 
f 6979 8855 6983 
f 6983 5139 6979 
f 6106 8032 6979 
f 6979 5139 6106 
f 6189 8044 6107 
f 6107 5140 6189 
f 6190 8101 6189 
f 6189 5140 6190 
f 6186 8100 6190 
f 6190 5140 6186 
f 6107 8033 6186 
f 6186 5140 6107 
f 6191 8102 6195 
f 6195 5141 6191 
f 6107 8044 6191 
f 6191 5141 6107 
f 6193 8033 6107 
f 6107 5141 6193 
f 6195 8103 6193 
f 6193 5141 6195 
f 6229 8046 6109 
f 6109 5142 6229 
f 6230 8116 6229 
f 6229 5142 6230 
f 6226 8115 6230 
f 6230 5142 6226 
f 6109 8035 6226 
f 6226 5142 6109 
f 6111 8047 6110 
f 6110 5143 6111 
f 6109 8046 6111 
f 6111 5143 6109 
f 6096 8035 6109 
f 6109 5143 6096 
f 6110 8036 6096 
f 6096 5143 6110 
f 6211 8048 6112 
f 6112 5144 6211 
f 6212 8109 6211 
f 6211 5144 6212 
f 6208 8108 6212 
f 6212 5144 6208 
f 6112 8037 6208 
f 6208 5144 6112 
f 6114 8049 6113 
f 6113 5145 6114 
f 6112 8048 6114 
f 6114 5145 6112 
f 6099 8037 6112 
f 6112 5145 6099 
f 6113 8038 6099 
f 6099 5145 6113 
f 6116 8050 6115 
f 6115 5146 6116 
f 6113 8049 6116 
f 6116 5146 6113 
f 6101 8038 6113 
f 6113 5146 6101 
f 6115 8039 6101 
f 6101 5146 6115 
f 6265 8051 6117 
f 6117 5147 6265 
f 6266 8130 6265 
f 6265 5147 6266 
f 6262 8129 6266 
f 6266 5147 6262 
f 6117 8040 6262 
f 6262 5147 6117 
f 6251 8125 6255 
f 6255 5148 6251 
f 6117 8051 6251 
f 6251 5148 6117 
f 6253 8040 6117 
f 6117 5148 6253 
f 6255 8126 6253 
f 6253 5148 6255 
f 6119 8042 6105 
f 6105 5149 6119 
f 6118 8052 6119 
f 6119 5149 6118 
f 6104 8041 6118 
f 6118 5149 6104 
f 6105 8031 6104 
f 6104 5149 6105 
f 6249 8021 6120 
f 6120 5150 6249 
f 7056 8124 6249 
f 6249 5150 7056 
f 7055 8881 7056 
f 7056 5150 7055 
f 6120 8054 7055 
f 7055 5150 6120 
f 7141 8919 7146 
f 7146 5151 7141 
f 6189 8101 7141 
f 7141 5151 6189 
f 7144 8044 6189 
f 6189 5151 7144 
f 7146 8920 7144 
f 7144 5151 7146 
f 7149 8921 7147 
f 7147 5152 7149 
f 7144 8920 7149 
f 7149 5152 7144 
f 6191 8044 7144 
f 7144 5152 6191 
f 7147 8102 6191 
f 6191 5152 7147 
f 7158 8924 7156 
f 7156 5153 7158 
f 7153 8923 7158 
f 7158 5153 7153 
f 6229 8116 7153 
f 7153 5153 6229 
f 7156 8046 6229 
f 6229 5153 7156 
f 7161 8925 7159 
f 7159 5154 7161 
f 7156 8924 7161 
f 7161 5154 7156 
f 6111 8046 7156 
f 7156 5154 6111 
f 7159 8047 6111 
f 6111 5154 7159 
f 7167 8927 7165 
f 7165 5155 7167 
f 7162 8926 7167 
f 7167 5155 7162 
f 6211 8109 7162 
f 7162 5155 6211 
f 7165 8048 6211 
f 6211 5155 7165 
f 7170 8928 7168 
f 7168 5156 7170 
f 7165 8927 7170 
f 7170 5156 7165 
f 6114 8048 7165 
f 7165 5156 6114 
f 7168 8049 6114 
f 6114 5156 7168 
f 7173 8929 7171 
f 7171 5157 7173 
f 7168 8928 7173 
f 7173 5157 7168 
f 6116 8049 7168 
f 7168 5157 6116 
f 7171 8050 6116 
f 6116 5157 7171 
f 7179 8931 7177 
f 7177 5158 7179 
f 7174 8930 7179 
f 7179 5158 7174 
f 6265 8130 7174 
f 7174 5158 6265 
f 7177 8051 6265 
f 6265 5158 7177 
f 7182 8932 7180 
f 7180 5159 7182 
f 7177 8931 7182 
f 7182 5159 7177 
f 6251 8051 7177 
f 7177 5159 6251 
f 7180 8125 6251 
f 6251 5159 7180 
f 7189 8934 7186 
f 7186 5160 7189 
f 7183 8933 7189 
f 7189 5160 7183 
f 6119 8052 7183 
f 7183 5160 6119 
f 7186 8042 6119 
f 6119 5160 7186 
f 6987 8022 6121 
f 6121 5161 6987 
f 6988 8858 6987 
f 6987 5161 6988 
f 6985 8857 6988 
f 6988 5161 6985 
f 6121 8055 6985 
f 6985 5161 6121 
f 7009 8023 6122 
f 6122 5162 7009 
f 7010 8865 7009 
f 7009 5162 7010 
f 7007 8864 7010 
f 7010 5162 7007 
f 6122 8056 7007 
f 7007 5162 6122 
f 6999 8024 6123 
f 6123 5163 6999 
f 7000 8862 6999 
f 6999 5163 7000 
f 6232 8117 7000 
f 7000 5163 6232 
f 6123 8057 6232 
f 6232 5163 6123 
f 6082 8025 6124 
f 6124 5164 6082 
f 6123 8024 6082 
f 6082 5164 6123 
f 6125 8057 6123 
f 6123 5164 6125 
f 6124 8058 6125 
f 6125 5164 6124 
f 7004 8863 7003 
f 7003 5165 7004 
f 6214 8110 7004 
f 7004 5165 6214 
f 6126 8059 6214 
f 6214 5165 6126 
f 7003 8026 6126 
f 6126 5165 7003 
f 6085 8027 6127 
f 6127 5166 6085 
f 6126 8026 6085 
f 6085 5166 6126 
f 6128 8059 6126 
f 6126 5166 6128 
f 6127 8060 6128 
f 6128 5166 6127 
f 6087 8028 6129 
f 6129 5167 6087 
f 6127 8027 6087 
f 6087 5167 6127 
f 6130 8060 6127 
f 6127 5167 6130 
f 6129 8061 6130 
f 6130 5167 6129 
f 7037 8029 6131 
f 6131 5168 7037 
f 7038 8875 7037 
f 7037 5168 7038 
f 7035 8874 7038 
f 7038 5168 7035 
f 6131 8062 7035 
f 7035 5168 6131 
f 7112 8030 7110 
f 7110 5169 7112 
f 7126 8912 7112 
f 7112 5169 7126 
f 7126 5169 7125 
f 7110 8911 7125 
f 7125 5169 7110 
f 7088 8898 7094 
f 7094 5170 7088 
f 6164 8088 7088 
f 7088 5170 6164 
f 7091 8064 6164 
f 6164 5170 7091 
f 7094 8899 7091 
f 7091 5170 7094 
f 7103 8090 6166 
f 6166 5171 7103 
f 7104 8905 7103 
f 7103 5171 7104 
f 6242 8121 7104 
f 7104 5171 6242 
f 6166 8066 6242 
f 6242 5171 6166 
f 6168 8091 6167 
f 6167 5172 6168 
f 6166 8090 6168 
f 6168 5172 6166 
f 6133 8066 6166 
f 6166 5172 6133 
f 6167 8067 6133 
f 6133 5172 6167 
f 7106 8907 7108 
f 7108 5173 7106 
f 6167 8091 7106 
f 7106 5173 6167 
f 6244 8067 6167 
f 6167 5173 6244 
f 7108 8122 6244 
f 6244 5173 7108 
f 6171 8093 6170 
f 6170 5174 6171 
f 6169 8092 6171 
f 6171 5174 6169 
f 6134 8068 6169 
f 6169 5174 6134 
f 6170 8069 6134 
f 6134 5174 6170 
f 6173 8094 6172 
f 6172 5175 6173 
f 6170 8093 6173 
f 6173 5175 6170 
f 6135 8069 6170 
f 6170 5175 6135 
f 6172 8070 6135 
f 6135 5175 6172 
f 7099 8095 6174 
f 6174 5176 7099 
f 7100 8901 7099 
f 7099 5176 7100 
f 7096 8900 7100 
f 7100 5176 7096 
f 6174 8071 7096 
f 7096 5176 6174 
f 6176 8096 6175 
f 6175 5177 6176 
f 6174 8095 6176 
f 6176 5177 6174 
f 6136 8071 6174 
f 6174 5177 6136 
f 6175 8072 6136 
f 6136 5177 6175 
f 7070 8086 6162 
f 6162 5178 7070 
f 7072 8885 7070 
f 7070 5178 7072 
f 7068 8884 7072 
f 7072 5178 7068 
f 6162 8073 7068 
f 7068 5178 6162 
f 7078 8087 6163 
f 6163 5179 7078 
f 7079 8888 7078 
f 7078 5179 7079 
f 7075 8887 7079 
f 7079 5179 7075 
f 6163 8074 7075 
f 7075 5179 6163 
f 7085 8088 6164 
f 6164 5180 7085 
f 7086 8893 7085 
f 7085 5180 7086 
f 7081 8892 7086 
f 7086 5180 7081 
f 6164 8064 7081 
f 7081 5180 6164 
f 7075 8074 6140 
f 6140 5181 7075 
f 7076 8887 7075 
f 7075 5181 7076 
f 7052 8880 7076 
f 7076 5181 7052 
f 6140 8076 7052 
f 7052 5181 6140 
f 7081 8064 6142 
f 6142 5182 7081 
f 7083 8892 7081 
f 7081 5182 7083 
f 6996 8861 7083 
f 7083 5182 6996 
f 6142 8077 6996 
f 6996 5182 6142 
f 6142 8064 7091 
f 7091 5183 6142 
f 7017 8077 6142 
f 6142 5183 7017 
f 7093 8868 7017 
f 7017 5183 7093 
f 7091 8899 7093 
f 7093 5183 7091 
f 6242 8066 6146 
f 6146 5184 6242 
f 6243 8121 6242 
f 6242 5184 6243 
f 6239 8120 6243 
f 6243 5184 6239 
f 6146 8079 6239 
f 6239 5184 6146 
f 6133 8067 6148 
f 6148 5185 6133 
f 6146 8066 6133 
f 6133 5185 6146 
f 6149 8079 6146 
f 6146 5185 6149 
f 6148 8080 6149 
f 6149 5185 6148 
f 6148 8067 6244 
f 6244 5186 6148 
f 6220 8080 6148 
f 6148 5186 6220 
f 6246 8113 6220 
f 6220 5186 6246 
f 6244 8122 6246 
f 6246 5186 6244 
f 6134 8069 6153 
f 6153 5187 6134 
f 6151 8068 6134 
f 6134 5187 6151 
f 6154 8081 6151 
f 6151 5187 6154 
f 6153 8082 6154 
f 6154 5187 6153 
f 6135 8070 6156 
f 6156 5188 6135 
f 6153 8069 6135 
f 6135 5188 6153 
f 6157 8082 6153 
f 6153 5188 6157 
f 6156 8083 6157 
f 6157 5188 6156 
f 7096 8071 6159 
f 6159 5189 7096 
f 7097 8900 7096 
f 7096 5189 7097 
f 7046 8878 7097 
f 7097 5189 7046 
f 6159 8084 7046 
f 7046 5189 6159 
f 7068 8073 6138 
f 6138 5190 7068 
f 7069 8884 7068 
f 7068 5190 7069 
f 6161 8085 7069 
f 7069 5190 6161 
f 6138 8075 6161 
f 6161 5190 6138 
f 5191 8653 6476 
f 7080 8889 8653 
f 8653 5191 7080 
f 7078 8888 7080 
f 7080 5191 7078 
f 6476 8087 7078 
f 7078 5191 6476 
f 5192 8654 6477 
f 7087 8894 8654 
f 8654 5192 7087 
f 7085 8893 7087 
f 7087 5192 7085 
f 6477 8088 7085 
f 7085 5192 6477 
f 5193 8897 7090 
f 6477 8654 8897 
f 8897 5193 6477 
f 7088 8088 6477 
f 6477 5193 7088 
f 7090 8898 7088 
f 7088 5193 7090 
f 5194 8656 6479 
f 7105 8906 8656 
f 8656 5194 7105 
f 7103 8905 7105 
f 7105 5194 7103 
f 6479 8090 7103 
f 7103 5194 6479 
f 5195 8657 6480 
f 6479 8656 8657 
f 8657 5195 6479 
f 6168 8090 6479 
f 6479 5195 6168 
f 6480 8091 6168 
f 6168 5195 6480 
f 5196 8658 6481 
f 7109 8908 8658 
f 8658 5196 7109 
f 7107 8907 7109 
f 7109 5196 7107 
f 6481 8092 7107 
f 7107 5196 6481 
f 5197 8659 6482 
f 6481 8658 8659 
f 8659 5197 6481 
f 6171 8092 6481 
f 6481 5197 6171 
f 6482 8093 6171 
f 6171 5197 6482 
f 5198 8660 6483 
f 6482 8659 8660 
f 8660 5198 6482 
f 6173 8093 6482 
f 6482 5198 6173 
f 6483 8094 6173 
f 6173 5198 6483 
f 5199 8661 6484 
f 7101 8902 8661 
f 8661 5199 7101 
f 7099 8901 7101 
f 7101 5199 7099 
f 6484 8095 7099 
f 7099 5199 6484 
f 5200 8662 6485 
f 6484 8661 8662 
f 8662 5200 6484 
f 6176 8095 6484 
f 6484 5200 6176 
f 6485 8096 6176 
f 6176 5200 6485 
f 5201 8652 6475 
f 7073 8886 8652 
f 8652 5201 7073 
f 7070 8885 7073 
f 7073 5201 7070 
f 6475 8086 7070 
f 7070 5201 6475 
f 6089 8030 7115 
f 7115 5202 6089 
f 7117 8020 6089 
f 6089 5202 7117 
f 7118 8914 7117 
f 7117 5202 7118 
f 7115 8913 7118 
f 7118 5202 7115 
f 7123 8911 7110 
f 7110 5203 7123 
f 7121 8916 7123 
f 7123 5203 7121 
f 6089 8020 7121 
f 7121 5203 6089 
f 7110 8030 6089 
f 6089 5203 7110 
f 7135 5204 7134 
f 7119 8915 7134 
f 7134 5204 7119 
f 7121 8020 7119 
f 7119 5204 7121 
f 7135 8916 7121 
f 7121 5204 7135 
f 7119 8020 7117 
f 7117 5205 7119 
f 7132 8915 7119 
f 7119 5205 7132 
f 7132 5205 7131 
f 7117 8914 7131 
f 7131 5205 7117 
f 7048 8879 7050 
f 7050 5206 7048 
f 6062 7750 7048 
f 7048 5206 6062 
f 6247 8009 6062 
f 6062 5206 6247 
f 7050 8123 6247 
f 6247 5206 7050 
f 6801 8792 6799 
f 6799 5207 6801 
f 6177 8097 6801 
f 6801 5207 6177 
f 6057 8006 6177 
f 6177 5207 6057 
f 6799 7904 6057 
f 6057 5207 6799 
f 6056 7885 6180 
f 6180 5208 6056 
f 6177 8006 6056 
f 6056 5208 6177 
f 6181 8097 6177 
f 6177 5208 6181 
f 6180 8098 6181 
f 6181 5208 6180 
f 6180 7885 5869 
f 5869 5209 6180 
f 6184 8098 6180 
f 6180 5209 6184 
f 6182 8099 6184 
f 6184 5209 6182 
f 5869 7894 6182 
f 6182 5209 5869 
f 6091 8032 6185 
f 6185 5210 6091 
f 6182 7894 6091 
f 6091 5210 6182 
f 6187 8099 6182 
f 6182 5210 6187 
f 6185 8100 6187 
f 6187 5210 6185 
f 6106 8043 6188 
f 6188 5211 6106 
f 6185 8032 6106 
f 6106 5211 6185 
f 6190 8100 6185 
f 6185 5211 6190 
f 6188 8101 6190 
f 6190 5211 6188 
f 7147 8921 7152 
f 7152 5212 7147 
f 6192 8102 7147 
f 7147 5212 6192 
f 7150 8045 6192 
f 6192 5212 7150 
f 7152 8922 7150 
f 7150 5212 7152 
f 6192 8045 6108 
f 6108 5213 6192 
f 6195 8102 6192 
f 6192 5213 6195 
f 6194 8103 6195 
f 6195 5213 6194 
f 6108 8034 6194 
f 6194 5213 6108 
f 6194 8034 6093 
f 6093 5214 6194 
f 6198 8103 6194 
f 6194 5214 6198 
f 6197 8104 6198 
f 6198 5214 6197 
f 6093 7896 6197 
f 6197 5214 6093 
f 6197 7896 5871 
f 5871 5215 6197 
f 6201 8104 6197 
f 6197 5215 6201 
f 6200 8105 6201 
f 6201 5215 6200 
f 5871 7884 6200 
f 6200 5215 5871 
f 6060 8008 6203 
f 6203 5216 6060 
f 6200 7884 6060 
f 6060 5216 6200 
f 6204 8105 6200 
f 6200 5216 6204 
f 6203 8106 6204 
f 6204 5216 6203 
f 6110 8047 6210 
f 6210 5217 6110 
f 6207 8036 6110 
f 6110 5217 6207 
f 6212 8108 6207 
f 6207 5217 6212 
f 6210 8109 6212 
f 6212 5217 6210 
f 7159 8925 7164 
f 7164 5218 7159 
f 6210 8047 7159 
f 7159 5218 6210 
f 7162 8109 6210 
f 6210 5218 7162 
f 7164 8926 7162 
f 7162 5218 7164 
f 7002 8863 7004 
f 7004 5219 7002 
f 6124 8025 7002 
f 7002 5219 6124 
f 6213 8058 6124 
f 6124 5219 6213 
f 7004 8110 6213 
f 6213 5219 7004 
f 6067 7749 6217 
f 6217 5220 6067 
f 6215 8014 6067 
f 6067 5220 6215 
f 6219 8111 6215 
f 6215 5220 6219 
f 6217 8112 6219 
f 6219 5220 6217 
f 6147 8080 6220 
f 6220 5221 6147 
f 6217 7749 6147 
f 6147 5221 6217 
f 6222 8112 6217 
f 6217 5221 6222 
f 6220 8113 6222 
f 6222 5221 6220 
f 6908 8831 6906 
f 6906 5222 6908 
f 6223 8114 6908 
f 6908 5222 6223 
f 5871 7896 6223 
f 6223 5222 5871 
f 6906 7884 5871 
f 5871 5222 6906 
f 6093 8034 6225 
f 6225 5223 6093 
f 6223 7896 6093 
f 6093 5223 6223 
f 6227 8114 6223 
f 6223 5223 6227 
f 6225 8115 6227 
f 6227 5223 6225 
f 6108 8045 6228 
f 6228 5224 6108 
f 6225 8034 6108 
f 6108 5224 6225 
f 6230 8115 6225 
f 6225 5224 6230 
f 6228 8116 6230 
f 6230 5224 6228 
f 7150 8922 7155 
f 7155 5225 7150 
f 6228 8045 7150 
f 7150 5225 6228 
f 7153 8116 6228 
f 6228 5225 7153 
f 7155 8923 7153 
f 7153 5225 7155 
f 6065 7774 6235 
f 6235 5226 6065 
f 6233 8012 6065 
f 6065 5226 6233 
f 6237 8118 6233 
f 6233 5226 6237 
f 6235 8119 6237 
f 6237 5226 6235 
f 6143 8078 6238 
f 6238 5227 6143 
f 6235 7774 6143 
f 6143 5227 6235 
f 6240 8119 6235 
f 6235 5227 6240 
f 6238 8120 6240 
f 6240 5227 6238 
f 6144 8065 6241 
f 6241 5228 6144 
f 6238 8078 6144 
f 6144 5228 6238 
f 6243 8120 6238 
f 6238 5228 6243 
f 6241 8121 6243 
f 6243 5228 6241 
f 7108 8907 7107 
f 7107 5229 7108 
f 6245 8122 7108 
f 7108 5229 6245 
f 6169 8068 6245 
f 6245 5229 6169 
f 7107 8092 6169 
f 6169 5229 7107 
f 6245 8068 6151 
f 6151 5230 6245 
f 6246 8122 6245 
f 6245 5230 6246 
f 6221 8113 6246 
f 6246 5230 6221 
f 6151 8081 6221 
f 6221 5230 6151 
f 6234 8013 6080 
f 6080 5231 6234 
f 7001 8118 6234 
f 6234 5231 7001 
f 6999 8862 7001 
f 7001 5231 6999 
f 6080 8024 6999 
f 6999 5231 6080 
f 6252 8052 6118 
f 6118 5232 6252 
f 6255 8125 6252 
f 6252 5232 6255 
f 6254 8126 6255 
f 6255 5232 6254 
f 6118 8041 6254 
f 6254 5232 6118 
f 6254 8041 6103 
f 6103 5233 6254 
f 6258 8126 6254 
f 6254 5233 6258 
f 6257 8127 6258 
f 6258 5233 6257 
f 6103 7902 6257 
f 6257 5233 6103 
f 6100 8039 6261 
f 6261 5234 6100 
f 6259 7900 6100 
f 6100 5234 6259 
f 6263 8128 6259 
f 6259 5234 6263 
f 6261 8129 6263 
f 6263 5234 6261 
f 6115 8050 6264 
f 6264 5235 6115 
f 6261 8039 6115 
f 6115 5235 6261 
f 6266 8129 6261 
f 6261 5235 6266 
f 6264 8130 6266 
f 6266 5235 6264 
f 7180 8932 7185 
f 7185 5236 7180 
f 6252 8125 7180 
f 7180 5236 6252 
f 7183 8052 6252 
f 6252 5236 7183 
f 7185 8933 7183 
f 7183 5236 7185 
f 6272 8131 6267 
f 6267 5237 6272 
f 6271 8132 6272 
f 6272 5237 6271 
f 6049 8003 6271 
f 6271 5237 6049 
f 6267 7888 6049 
f 6049 5237 6267 
f 6275 8132 6271 
f 6271 5238 6275 
f 6274 8133 6275 
f 6275 5238 6274 
f 6050 7910 6274 
f 6274 5238 6050 
f 6271 8003 6050 
f 6050 5238 6271 
f 5889 7725 6278 
f 6278 5239 5889 
f 6274 7910 5889 
f 5889 5239 6274 
f 6279 8133 6274 
f 6274 5239 6279 
f 6278 8134 6279 
f 6279 5239 6278 
f 5760 2784 928 
f 928 5240 5760 
f 6278 7725 5760 
f 5760 5240 6278 
f 6276 8134 6278 
f 6278 5240 6276 
f 928 2798 6276 
f 6276 5240 928 
f 5879 7887 6280 
f 6280 5241 5879 
f 6257 7902 5879 
f 5879 5241 6257 
f 6282 8127 6257 
f 6257 5241 6282 
f 6280 8135 6282 
f 6282 5241 6280 
f 6285 8135 6280 
f 6280 5242 6285 
f 6284 8136 6285 
f 6285 5242 6284 
f 6051 8004 6284 
f 6284 5242 6051 
f 6280 7887 6051 
f 6051 5242 6280 
f 6288 8136 6284 
f 6284 5243 6288 
f 6287 8137 6288 
f 6288 5243 6287 
f 6052 7911 6287 
f 6287 5243 6052 
f 6284 8004 6052 
f 6052 5243 6284 
f 6287 7911 5890 
f 5890 5244 6287 
f 6291 8137 6287 
f 6287 5244 6291 
f 6290 8138 6291 
f 6291 5244 6290 
f 5890 7870 6290 
f 6290 5244 5890 
f 7493 8138 6290 
f 6290 5245 7493 
f 7495 9052 7493 
f 7493 5245 7495 
f 7490 9051 7495 
f 7495 5245 7490 
f 6290 7870 7490 
f 7490 5245 6290 
f 6298 8139 6293 
f 6293 5246 6298 
f 6298 5246 6297 
f 5856 7873 6297 
f 6297 5246 5856 
f 6293 7875 5856 
f 5856 5246 6293 
f 5792 2789 929 
f 929 5247 5792 
f 6295 7799 5792 
f 5792 5247 6295 
f 6294 8140 6295 
f 6295 5247 6294 
f 929 2799 6294 
f 6294 5247 929 
f 6295 8140 6299 
f 6299 5248 6295 
f 5853 7799 6295 
f 6295 5248 5853 
f 6297 7873 5853 
f 5853 5248 6297 
f 6297 5248 6299 
f 8152 8162 8161 
f 8161 8163 8152 
f 8153 8164 8162 
f 8162 8152 8153 
f 8154 8165 8164 
f 8164 8153 8154 
f 8166 8165 8154 
f 8154 8155 8166 
f 8168 8167 8166 
f 8166 8155 8168 
f 8156 8152 8163 
f 8163 8169 8156 
f 8157 8153 8152 
f 8152 8156 8157 
f 8158 8154 8153 
f 8153 8157 8158 
f 8159 8155 8154 
f 8154 8158 8159 
f 8170 8168 8155 
f 8155 8159 8170 
f 8156 8169 8171 
f 8171 8160 8156 
f 8157 8156 8160 
f 8160 8172 8157 
f 8173 8158 8157 
f 8157 8172 8173 
f 8174 8159 8158 
f 8158 8173 8174 
f 8175 8170 8159 
f 8159 8174 8175 
f 8160 8171 8177 
f 8177 8176 8160 
f 8178 8172 8160 
f 8160 8176 8178 
f 8186 8185 8179 
f 8179 8180 8186 
f 8185 8187 8181 
f 8181 8179 8185 
f 8189 8188 8182 
f 8182 8183 8189 
f 8188 8186 8180 
f 8180 8182 8188 
f 8190 2801 2800 
f 2800 8184 8190 
f 8187 8190 8184 
f 8184 8181 8187 
f 8192 8191 8185 
f 8185 8186 8192 
f 8191 8193 8187 
f 8187 8185 8191 
f 8195 8194 8188 
f 8188 8189 8195 
f 8194 8192 8186 
f 8186 8188 8194 
f 8196 2802 2801 
f 2801 8190 8196 
f 8193 8196 8190 
f 8190 8187 8193 
f 8198 8197 8191 
f 8191 8192 8198 
f 8197 8199 8193 
f 8193 8191 8197 
f 8201 8200 8194 
f 8194 8195 8201 
f 8200 8198 8192 
f 8192 8194 8200 
f 8202 2803 2802 
f 2802 8196 8202 
f 8199 8202 8196 
f 8196 8193 8199 
f 8204 8203 8197 
f 8197 8198 8204 
f 8203 8205 8199 
f 8199 8197 8203 
f 8207 8206 8200 
f 8200 8201 8207 
f 8206 8204 8198 
f 8198 8200 8206 
f 8208 2804 2803 
f 2803 8202 8208 
f 8205 8208 8202 
f 8202 8199 8205 
f 8219 8220 8195 
f 8195 8189 8219 
f 8220 8221 8201 
f 8201 8195 8220 
f 8221 8222 8207 
f 8207 8201 8221 
f 8217 8218 8209 
f 8209 8210 8217 
f 8218 8219 8189 
f 8189 8209 8218 
f 8148 8217 8210 
f 8210 8175 8148 
f 8236 8237 2810 
f 2810 2805 8236 
f 2809 2810 8237 
f 8237 8238 2809 
f 8238 8239 2808 
f 2808 2809 8238 
f 2807 2808 8239 
f 8239 8240 2807 
f 8240 8241 2806 
f 2806 2807 8240 
f 8241 8242 2816 
f 2816 2806 8241 
f 8216 8215 8218 
f 8218 8217 8216 
f 8215 8211 8219 
f 8219 8218 8215 
f 8211 8212 8220 
f 8220 8219 8211 
f 8212 8213 8221 
f 8221 8220 8212 
f 8213 8214 8222 
f 8222 8221 8213 
f 8230 8231 8269 
f 8269 8270 8230 
f 8268 8269 8231 
f 8231 8232 8268 
f 8232 8233 8267 
f 8267 8268 8232 
f 8266 8267 8233 
f 8233 8234 8266 
f 8234 8235 8265 
f 8265 8266 8234 
f 8235 8147 8264 
f 8264 8265 8235 
f 8214 8213 8231 
f 8231 8230 8214 
f 8232 8231 8213 
f 8213 8212 8232 
f 8212 8211 8233 
f 8233 8232 8212 
f 8234 8233 8211 
f 8211 8215 8234 
f 8215 8216 8235 
f 8235 8234 8215 
f 8223 8224 8262 
f 8262 8263 8223 
f 8261 8262 8224 
f 8224 8225 8261 
f 8225 8226 8260 
f 8260 8261 8225 
f 8259 8260 8226 
f 8226 8227 8259 
f 8227 8228 8258 
f 8258 8259 8227 
f 8228 8229 8257 
f 8257 8258 8228 
f 8247 2811 2804 
f 2804 8208 8247 
f 2811 8247 8248 
f 8248 2812 2811 
f 2812 8248 8249 
f 8249 2813 2812 
f 2813 8249 8250 
f 8250 2814 2813 
f 2814 8250 8251 
f 8251 2815 2814 
f 2815 8251 8236 
f 8236 2805 2815 
f 8252 8243 8205 
f 8205 8203 8252 
f 8243 8252 8253 
f 8253 8244 8243 
f 8244 8253 8254 
f 8254 8245 8244 
f 8245 8254 8255 
f 8255 8246 8245 
f 8243 8247 8208 
f 8208 8205 8243 
f 8247 8243 8244 
f 8244 8248 8247 
f 8248 8244 8245 
f 8245 8249 8248 
f 8249 8245 8246 
f 8246 8250 8249 
f 8250 8246 8271 
f 8271 8251 8250 
f 8236 8251 8271 
f 8271 8263 8236 
f 8206 8252 8203 
f 8203 8204 8206 
f 8252 8206 8207 
f 8207 8253 8252 
f 8253 8207 8222 
f 8222 8254 8253 
f 8254 8222 8214 
f 8214 8255 8254 
f 8255 8214 8230 
f 8230 8256 8255 
f 8258 8257 8242 
f 8242 8241 8258 
f 8259 8258 8241 
f 8241 8240 8259 
f 8240 8239 8260 
f 8260 8259 8240 
f 8261 8260 8239 
f 8239 8238 8261 
f 8238 8237 8262 
f 8262 8261 8238 
f 8263 8262 8237 
f 8237 8236 8263 
f 8265 8264 8229 
f 8229 8228 8265 
f 8266 8265 8228 
f 8228 8227 8266 
f 8227 8226 8267 
f 8267 8266 8227 
f 8268 8267 8226 
f 8226 8225 8268 
f 8225 8224 8269 
f 8269 8268 8225 
f 8270 8269 8224 
f 8224 8223 8270 
f 8255 8256 8271 
f 8271 8246 8255 
f 8271 8256 8223 
f 8223 8263 8271 
f 8230 8270 8223 
f 8223 8256 8230 
f 8303 8304 8287 
f 8287 8288 8303 
f 8304 8305 8289 
f 8289 8287 8304 
f 8305 8306 8290 
f 8290 8289 8305 
f 8306 8307 8291 
f 8291 8290 8306 
f 8307 8308 8292 
f 8292 8291 8307 
f 8308 2823 2820 
f 2820 8292 8308 
f 8302 8303 8288 
f 8288 8293 8302 
f 8293 8294 8301 
f 8301 8302 8293 
f 8294 8295 8300 
f 8300 8301 8294 
f 8295 8296 8299 
f 8299 8300 8295 
f 8296 8297 8298 
f 8298 8299 8296 
f 8297 2821 2822 
f 2822 8298 8297 
f 8283 8284 8280 
f 8280 8279 8283 
f 8284 8285 8281 
f 8281 8280 8284 
f 8285 8286 8282 
f 8282 8281 8285 
f 8286 2819 2818 
f 2818 8282 8286 
f 8283 8272 8273 
f 8273 8274 8283 
f 8274 8275 8284 
f 8284 8283 8274 
f 8275 8276 8285 
f 8285 8284 8275 
f 8276 8277 8286 
f 8286 8285 8276 
f 8277 2817 2819 
f 2819 8286 8277 
f 8283 8279 8278 
f 8278 8272 8283 
f 8298 2822 2817 
f 2817 8277 8298 
f 8299 8298 8277 
f 8277 8276 8299 
f 8300 8299 8276 
f 8276 8275 8300 
f 8301 8300 8275 
f 8275 8274 8301 
f 8302 8301 8274 
f 8274 8273 8302 
f 8273 8272 8303 
f 8303 8302 8273 
f 8272 8278 8304 
f 8304 8303 8272 
f 8278 8279 8305 
f 8305 8304 8278 
f 8279 8280 8306 
f 8306 8305 8279 
f 8280 8281 8307 
f 8307 8306 8280 
f 8281 8282 8308 
f 8308 8307 8281 
f 8282 2818 2823 
f 2823 8308 8282 
f 8310 8309 8336 
f 8336 8337 8310 
f 8311 8310 8337 
f 8337 8338 8311 
f 8312 8311 8338 
f 8338 8339 8312 
f 8313 8312 8339 
f 8339 8340 8313 
f 8314 8313 8340 
f 8340 8341 8314 
f 2824 8314 8341 
f 8341 2826 2824 
f 8309 8315 8335 
f 8335 8336 8309 
f 8315 8316 8334 
f 8334 8335 8315 
f 8316 8317 8333 
f 8333 8334 8316 
f 8317 8318 8332 
f 8332 8333 8317 
f 8318 8948 8331 
f 8331 8332 8318 
f 8320 4833 2821 
f 2821 8297 8320 
f 8321 8320 8297 
f 8297 8296 8321 
f 8322 8321 8296 
f 8296 8295 8322 
f 8323 8322 8295 
f 8295 8294 8323 
f 8324 8323 8294 
f 8294 8293 8324 
f 8325 8324 8293 
f 8293 8288 8325 
f 8326 8325 8288 
f 8288 8287 8326 
f 8327 8326 8287 
f 8287 8289 8327 
f 8328 8327 8289 
f 8289 8290 8328 
f 8329 8328 8290 
f 8290 8291 8329 
f 8330 8329 8291 
f 8291 8292 8330 
f 2825 8330 8292 
f 8292 2820 2825 
f 4833 8320 8331 
f 8332 8331 8320 
f 8320 8321 8332 
f 8333 8332 8321 
f 8321 8322 8333 
f 8334 8333 8322 
f 8322 8323 8334 
f 8335 8334 8323 
f 8323 8324 8335 
f 8336 8335 8324 
f 8324 8325 8336 
f 8337 8336 8325 
f 8325 8326 8337 
f 8338 8337 8326 
f 8326 8327 8338 
f 8339 8338 8327 
f 8327 8328 8339 
f 8340 8339 8328 
f 8328 8329 8340 
f 8341 8340 8329 
f 8329 8330 8341 
f 2826 8341 8330 
f 8330 2825 2826 
f 8343 8342 8309 
f 8309 8310 8343 
f 8344 8343 8310 
f 8310 8311 8344 
f 8345 8344 8311 
f 8311 8312 8345 
f 8346 8345 8312 
f 8312 8313 8346 
f 8347 8346 8313 
f 8313 8314 8347 
f 2827 8347 8314 
f 8314 2824 2827 
f 8342 8348 8315 
f 8315 8309 8342 
f 8348 8349 8316 
f 8316 8315 8348 
f 8349 8350 8317 
f 8317 8316 8349 
f 8352 8351 8342 
f 8342 8343 8352 
f 8353 8352 8343 
f 8343 8344 8353 
f 8354 8353 8344 
f 8344 8345 8354 
f 8355 8354 8345 
f 8345 8346 8355 
f 6302 8355 8346 
f 8346 5249 6302 
f 6301 8356 6302 
f 6302 5249 6301 
f 5249 8347 6301 
f 5249 8346 8347 
f 6300 8356 6301 
f 6301 5250 6300 
f 931 2828 6300 
f 6300 5250 931 
f 5250 2827 931 
f 6301 8347 2827 
f 2827 5250 6301 
f 8351 8357 8348 
f 8348 8342 8351 
f 8357 8358 8349 
f 8349 8348 8357 
f 8358 8359 8350 
f 8350 8349 8358 
f 8361 8360 8351 
f 8351 8352 8361 
f 8362 8361 8352 
f 8352 8353 8362 
f 8363 8362 8353 
f 8353 8354 8363 
f 6304 8363 8354 
f 8354 5251 6304 
f 6303 8364 6304 
f 6304 5251 6303 
f 5251 8355 6303 
f 5251 8354 8355 
f 6307 8364 6303 
f 6303 5252 6307 
f 6306 8365 6307 
f 6307 5252 6306 
f 6302 8356 6306 
f 6306 5252 6302 
f 6303 8355 6302 
f 6302 5252 6303 
f 6305 8365 6306 
f 6306 5253 6305 
f 932 2829 6305 
f 6305 5253 932 
f 6300 2828 932 
f 932 5253 6300 
f 6306 8356 6300 
f 6300 5253 6306 
f 8360 8366 8357 
f 8357 8351 8360 
f 8366 8367 8358 
f 8358 8357 8366 
f 8367 8368 8359 
f 8359 8358 8367 
f 8369 8177 8360 
f 8360 8361 8369 
f 8370 8369 8361 
f 8361 8362 8370 
f 8371 8370 8362 
f 8362 8363 8371 
f 6309 8371 8363 
f 8363 5254 6309 
f 6308 8372 6309 
f 6309 5254 6308 
f 6304 8364 6308 
f 6308 5254 6304 
f 5254 8363 6304 
f 6312 8372 6308 
f 6308 5255 6312 
f 6311 8373 6312 
f 6312 5255 6311 
f 6307 8365 6311 
f 6311 5255 6307 
f 6308 8364 6307 
f 6307 5255 6308 
f 6310 8373 6311 
f 6311 5256 6310 
f 933 2830 6310 
f 6310 5256 933 
f 6305 2829 933 
f 933 5256 6305 
f 6311 8365 6305 
f 6305 5256 6311 
f 8177 8374 8366 
f 8366 8360 8177 
f 8374 8375 8367 
f 8367 8366 8374 
f 8375 8376 8368 
f 8368 8367 8375 
f 8448 8441 8388 
f 8388 8449 8448 
f 8417 8418 8419 
f 8419 8389 8417 
f 2833 2831 8444 
f 8444 8404 2833 
f 8379 8394 8390 
f 8390 8393 8379 
f 8378 8391 8392 
f 8392 8377 8378 
f 8394 8379 8377 
f 8377 8392 8394 
f 8394 8466 8465 
f 8465 8390 8394 
f 8391 8468 8467 
f 8467 8392 8391 
f 8392 8467 8466 
f 8466 8394 8392 
f 8399 8450 8449 
f 8449 8388 8399 
f 8400 8401 8397 
f 8397 8396 8400 
f 8398 8403 8402 
f 8402 8395 8398 
f 8403 8398 8397 
f 8397 8401 8403 
f 8450 8399 8445 
f 8445 8454 8450 
f 8380 8381 8408 
f 8408 8405 8380 
f 8407 8406 8382 
f 8393 8390 8407 
f 8381 8382 8406 
f 8406 8408 8381 
f 8409 8412 8413 
f 8413 8414 8409 
f 8463 8406 8407 
f 8407 8464 8463 
f 8464 8407 8390 
f 8390 8465 8464 
f 8411 8413 8412 
f 8412 8410 8411 
f 8413 8411 8395 
f 8395 8402 8413 
f 8444 8443 8414 
f 8414 8452 8444 
f 8408 8462 8461 
f 8461 8405 8408 
f 8462 8408 8406 
f 8406 8463 8462 
f 8416 8418 8417 
f 8417 8415 8416 
f 8418 8416 8410 
f 8410 8412 8418 
f 8419 8418 8412 
f 8412 8409 8419 
f 8162 8457 8429 
f 8429 8161 8162 
f 8380 8405 8422 
f 8422 8383 8380 
f 8422 8387 8384 
f 8384 8383 8422 
f 8460 8422 8405 
f 8405 8461 8460 
f 8387 8422 8460 
f 8460 8459 8387 
f 8427 8417 8389 
f 8389 8426 8427 
f 8417 8427 8424 
f 8424 8415 8417 
f 8429 8457 8425 
f 8425 8950 8429 
f 8429 8427 8426 
f 8426 8161 8429 
f 8378 8386 8432 
f 8432 8391 8378 
f 8385 8384 8431 
f 8431 8430 8385 
f 8384 8387 8421 
f 8421 8431 8384 
f 8386 8385 8430 
f 8430 8432 8386 
f 8433 8447 8446 
f 8446 8438 8433 
f 8431 8471 8470 
f 8470 8430 8431 
f 8421 8472 8471 
f 8471 8431 8421 
f 8437 8436 8434 
f 8434 8435 8437 
f 8428 8437 8435 
f 8435 8423 8428 
f 8437 8428 8458 
f 8458 8446 8437 
f 8432 8469 8468 
f 8468 8391 8432 
f 8430 8470 8469 
f 8469 8432 8430 
f 8396 8439 8440 
f 8440 8400 8396 
f 8439 8434 8436 
f 8436 8440 8439 
f 8441 8448 8447 
f 8447 8433 8441 
f 8453 8534 8535 
f 8535 8442 8453 
f 8475 8453 8442 
f 8442 8474 8475 
f 8474 8442 2834 
f 2834 2837 8474 
f 8442 8535 2844 
f 2844 2834 8442 
f 8443 8444 2831 
f 2831 2835 8443 
f 8451 8404 8444 
f 8444 8452 8451 
f 2832 2836 8454 
f 8454 8445 2832 
f 8436 8437 8446 
f 8446 8447 8436 
f 8440 8436 8447 
f 8447 8448 8440 
f 8400 8440 8448 
f 8448 8449 8400 
f 8401 8400 8449 
f 8449 8450 8401 
f 8451 8403 8401 
f 8401 8450 8451 
f 8403 8451 8452 
f 8452 8402 8403 
f 8414 8413 8402 
f 8402 8452 8414 
f 8451 8450 8454 
f 8454 8404 8451 
f 2833 8404 8454 
f 8454 2836 2833 
f 8382 8379 8393 
f 8421 8387 8459 
f 8459 8521 8421 
f 8521 8524 8472 
f 8472 8421 8521 
f 8428 8526 8527 
f 8527 8458 8428 
f 8455 8473 8523 
f 8523 8529 8455 
f 8167 8455 8529 
f 8529 8166 8167 
f 8458 8420 8438 
f 8438 8446 8458 
f 8528 8420 8458 
f 8458 8527 8528 
f 8425 8521 8459 
f 8459 8950 8425 
f 8424 8460 8461 
f 8461 8415 8424 
f 8462 8416 8415 
f 8415 8461 8462 
f 8416 8462 8463 
f 8463 8410 8416 
f 8410 8463 8464 
f 8464 8411 8410 
f 8411 8464 8465 
f 8465 8395 8411 
f 8395 8465 8466 
f 8466 8398 8395 
f 8398 8466 8467 
f 8467 8397 8398 
f 8397 8467 8468 
f 8468 8396 8397 
f 8469 8439 8396 
f 8396 8468 8469 
f 8439 8469 8470 
f 8470 8434 8439 
f 8471 8435 8434 
f 8434 8470 8471 
f 8435 8471 8472 
f 8472 8423 8435 
f 8524 8525 8423 
f 8423 8472 8524 
f 8525 8526 8428 
f 8428 8423 8525 
f 8534 8453 8520 
f 8520 8533 8534 
f 8474 8491 8479 
f 8479 8475 8474 
f 8479 8480 8476 
f 8476 8475 8479 
f 8476 8480 8490 
f 8490 8368 8476 
f 8481 8947 8350 
f 8350 8359 8481 
f 8317 8946 8482 
f 8482 8318 8317 
f 8319 8948 8318 
f 8318 8482 8319 
f 8502 8492 8483 
f 8483 8501 8502 
f 8483 8484 8500 
f 8500 8501 8483 
f 8484 8489 8499 
f 8499 8500 8484 
f 8485 8488 8497 
f 8497 8498 8485 
f 8492 8503 8504 
f 8504 8483 8492 
f 8504 8505 8484 
f 8484 8483 8504 
f 8484 8505 8510 
f 8510 8489 8484 
f 8485 8506 8511 
f 8511 8488 8485 
f 8507 8508 8487 
f 8487 8486 8507 
f 8508 8509 8494 
f 8494 8487 8508 
f 8488 8486 8496 
f 8496 8497 8488 
f 8489 8485 8498 
f 8498 8499 8489 
f 8490 8481 8359 
f 8359 8368 8490 
f 2837 2839 8491 
f 8491 8474 2837 
f 2841 2840 8492 
f 8492 8502 2841 
f 2840 2842 8503 
f 8503 8492 2840 
f 8509 2843 4833 
f 4833 8494 8509 
f 4833 8495 8494 
f 4833 8319 8495 
f 8497 8496 8946 
f 8946 8947 8497 
f 8498 8497 8947 
f 8947 8481 8498 
f 8499 8498 8481 
f 8481 8490 8499 
f 8500 8499 8490 
f 8490 8480 8500 
f 8501 8500 8480 
f 8480 8479 8501 
f 8479 8491 8502 
f 8502 8501 8479 
f 8491 2839 2841 
f 2841 8502 8491 
f 2842 2838 8493 
f 8493 8503 2842 
f 8503 8493 8478 
f 8478 8504 8503 
f 8478 8477 8505 
f 8505 8504 8478 
f 8505 8477 8506 
f 8506 8510 8505 
f 8506 8477 8507 
f 8507 8511 8506 
f 8477 8478 8508 
f 8508 8507 8477 
f 8478 8493 8509 
f 8509 8508 8478 
f 8493 2838 2843 
f 2843 8509 8493 
f 8510 8506 8485 
f 8485 8489 8510 
f 8511 8507 8486 
f 8486 8488 8511 
f 8512 8487 8494 
f 8494 8516 8512 
f 8513 8495 8319 
f 8319 8517 8513 
f 8486 8487 8512 
f 8512 8519 8486 
f 8516 8494 8495 
f 8495 8513 8516 
f 8514 8517 8319 
f 8319 8482 8514 
f 8496 8486 8519 
f 8519 8515 8496 
f 8376 8532 8533 
f 8533 8520 8376 
f 8453 8475 8476 
f 8476 8520 8453 
f 8376 8520 8476 
f 8476 8368 8376 
f 8456 8425 8457 
f 8457 8522 8456 
f 8164 8522 8457 
f 8457 8162 8164 
f 8473 8456 8522 
f 8522 8523 8473 
f 8165 8523 8522 
f 8522 8164 8165 
f 8425 8456 8524 
f 8524 8521 8425 
f 8456 8473 8525 
f 8525 8524 8456 
f 8473 8455 8526 
f 8526 8525 8473 
f 8526 8455 8167 
f 8167 8527 8526 
f 8167 8168 8528 
f 8528 8527 8167 
f 8166 8529 8523 
f 8523 8165 8166 
f 8180 8179 8388 
f 8388 8441 8180 
f 8179 8181 8399 
f 8399 8388 8179 
f 8183 8182 8433 
f 8433 8438 8183 
f 8182 8180 8441 
f 8441 8433 8182 
f 8184 2800 2832 
f 2832 8445 8184 
f 8181 8184 8445 
f 8445 8399 8181 
f 8376 8375 8531 
f 8531 8532 8376 
f 8530 8531 8375 
f 8375 8374 8530 
f 8537 8426 8389 
f 8389 8536 8537 
f 8532 8531 8389 
f 8389 8419 8532 
f 8532 8419 8409 
f 8409 8533 8532 
f 8409 8414 8534 
f 8534 8533 8409 
f 8534 8414 8443 
f 8443 8535 8534 
f 8535 8443 2835 
f 2835 2844 8535 
f 8426 8537 8163 
f 8163 8161 8426 
f 8374 8177 8171 
f 8171 8530 8374 
f 4833 8331 8948 
f 8536 8389 8531 
f 8531 8530 8536 
f 8536 8530 8171 
f 8171 8169 8536 
f 8537 8536 8169 
f 8169 8163 8537 
f 8539 8538 8420 
f 8420 8528 8539 
f 8538 8183 8438 
f 8438 8420 8538 
f 8170 8539 8528 
f 8528 8168 8170 
f 8210 8209 8538 
f 8538 8539 8210 
f 8209 8189 8183 
f 8183 8538 8209 
f 8175 8210 8539 
f 8539 8170 8175 
f 8174 8149 8148 
f 8148 8175 8174 
f 8540 2845 2816 
f 2816 8242 8540 
f 8541 8542 8257 
f 8257 8229 8541 
f 8146 8543 8264 
f 8264 8147 8146 
f 8542 8540 8242 
f 8242 8257 8542 
f 8543 8541 8229 
f 8229 8264 8543 
f 8173 8150 8149 
f 8149 8174 8173 
f 8544 2846 2845 
f 2845 8540 8544 
f 8545 8546 8542 
f 8542 8541 8545 
f 8145 8547 8543 
f 8543 8146 8145 
f 8546 8544 8540 
f 8540 8542 8546 
f 8547 8545 8541 
f 8541 8543 8547 
f 8172 8151 8150 
f 8150 8173 8172 
f 8548 2847 2846 
f 2846 8544 8548 
f 8549 8550 8546 
f 8546 8545 8549 
f 8144 8551 8547 
f 8547 8145 8144 
f 8550 8548 8544 
f 8544 8546 8550 
f 8551 8549 8545 
f 8545 8547 8551 
f 8178 8141 8151 
f 8151 8172 8178 
f 8552 2848 2847 
f 2847 8548 8552 
f 8553 8554 8550 
f 8550 8549 8553 
f 8143 8555 8551 
f 8551 8144 8143 
f 8554 8552 8548 
f 8548 8550 8554 
f 8555 8553 8549 
f 8549 8551 8555 
f 8556 8176 8177 
f 8177 8369 8556 
f 8557 8556 8369 
f 8369 8370 8557 
f 6314 8557 8370 
f 8370 5257 6314 
f 6313 8558 6314 
f 6314 5257 6313 
f 5257 8371 6313 
f 5257 8370 8371 
f 6316 8558 6313 
f 6313 5258 6316 
f 6315 8559 6316 
f 6316 5258 6315 
f 6309 8372 6315 
f 6315 5258 6309 
f 6313 8371 6309 
f 6309 5258 6313 
f 6319 8559 6315 
f 6315 5259 6319 
f 6318 8560 6319 
f 6319 5259 6318 
f 6312 8373 6318 
f 6318 5259 6312 
f 6315 8372 6312 
f 6312 5259 6315 
f 6317 8560 6318 
f 6318 5260 6317 
f 934 2849 6317 
f 6317 5260 934 
f 6310 2830 934 
f 934 5260 6310 
f 6318 8373 6310 
f 6310 5260 6318 
f 8561 8178 8176 
f 8176 8556 8561 
f 8562 8561 8556 
f 8556 8557 8562 
f 6321 8562 8557 
f 8557 5261 6321 
f 6320 8563 6321 
f 6321 5261 6320 
f 6314 8558 6320 
f 6320 5261 6314 
f 5261 8557 6314 
f 6323 8563 6320 
f 6320 5262 6323 
f 6322 8564 6323 
f 6323 5262 6322 
f 6316 8559 6322 
f 6322 5262 6316 
f 6320 8558 6316 
f 6316 5262 6320 
f 6326 8564 6322 
f 6322 5263 6326 
f 6325 8565 6326 
f 6326 5263 6325 
f 6319 8560 6325 
f 6325 5263 6319 
f 6322 8559 6319 
f 6319 5263 6322 
f 6324 8565 6325 
f 6325 5264 6324 
f 935 2850 6324 
f 6324 5264 935 
f 6317 2849 935 
f 935 5264 6317 
f 6325 8560 6317 
f 6317 5264 6325 
f 8566 8141 8178 
f 8178 8561 8566 
f 8567 8566 8561 
f 8561 8562 8567 
f 6330 8567 8562 
f 8562 5265 6330 
f 6329 8568 6330 
f 6330 5265 6329 
f 6321 8563 6329 
f 6329 5265 6321 
f 5265 8562 6321 
f 6333 8568 6329 
f 6329 5266 6333 
f 6332 8569 6333 
f 6333 5266 6332 
f 6323 8564 6332 
f 6332 5266 6323 
f 6329 8563 6323 
f 6323 5266 6329 
f 6336 8569 6332 
f 6332 5267 6336 
f 6335 8570 6336 
f 6336 5267 6335 
f 6326 8565 6335 
f 6335 5267 6326 
f 6332 8564 6326 
f 6326 5267 6332 
f 6334 8570 6335 
f 6335 5268 6334 
f 937 2851 6334 
f 6334 5268 937 
f 6324 2850 937 
f 937 5268 6324 
f 6335 8565 6324 
f 6324 5268 6335 
f 8571 8572 8143 
f 8143 8142 8571 
f 8573 2852 2848 
f 2848 8552 8573 
f 8566 8571 8142 
f 8142 8141 8566 
f 8574 8575 8554 
f 8554 8553 8574 
f 8572 8576 8555 
f 8555 8143 8572 
f 8575 8573 8552 
f 8552 8554 8575 
f 8576 8574 8553 
f 8553 8555 8576 
f 8577 8578 8572 
f 8572 8571 8577 
f 6339 2853 938 
f 938 5269 6339 
f 6340 8579 6339 
f 6339 5269 6340 
f 5269 8573 6340 
f 938 2852 8573 
f 8573 5269 938 
f 8567 8577 8571 
f 8571 8566 8567 
f 6345 8581 6343 
f 6343 5270 6345 
f 6342 8580 6345 
f 6345 5270 6342 
f 5270 8574 6342 
f 6343 8575 8574 
f 8574 5270 6343 
f 8578 8582 8576 
f 8576 8572 8578 
f 6344 8579 6340 
f 6340 5271 6344 
f 6343 8581 6344 
f 6344 5271 6343 
f 5271 8575 6343 
f 6340 8573 8575 
f 8575 5271 6340 
f 6347 8580 6342 
f 6342 5272 6347 
f 5272 8582 6347 
f 5272 8576 8582 
f 6342 8574 8576 
f 8576 5272 6342 
f 5828 7850 6327 
f 6327 5273 5828 
f 6328 7757 5828 
f 5828 5273 6328 
f 6330 8568 6328 
f 6328 5273 6330 
f 6327 8567 6330 
f 6330 5273 6327 
f 5785 7757 6328 
f 6328 5274 5785 
f 6331 7790 5785 
f 5785 5274 6331 
f 6333 8569 6331 
f 6331 5274 6333 
f 6328 8568 6333 
f 6333 5274 6328 
f 7193 8942 7192 
f 7192 5275 7193 
f 6336 8570 7193 
f 7193 5275 6336 
f 6331 8569 6336 
f 6336 5275 6331 
f 7192 7790 6331 
f 6331 5275 7192 
f 5803 7766 6338 
f 6338 5276 5803 
f 6337 7815 5803 
f 5803 5276 6337 
f 5276 8577 6337 
f 6338 8578 8577 
f 8577 5276 6338 
f 5829 7815 6337 
f 6337 5277 5829 
f 6327 7850 5829 
f 5829 5277 6327 
f 5277 8567 6327 
f 6337 8577 8567 
f 8567 5277 6337 
f 5772 7756 6346 
f 6346 5278 5772 
f 6338 7766 5772 
f 5772 5278 6338 
f 5278 8578 6338 
f 6346 8582 8578 
f 8578 5278 6346 
f 6341 5279 5764 
f 6346 7756 5764 
f 5764 5279 6346 
f 6347 8582 6346 
f 6346 5279 6347 
f 6341 8580 6347 
f 6347 5279 6341 
f 5985 7959 5966 
f 5966 5280 5985 
f 6350 7968 5985 
f 5985 5280 6350 
f 6348 8583 6350 
f 6350 5280 6348 
f 5966 7940 6348 
f 6348 5280 5966 
f 5993 7971 6351 
f 6351 5281 5993 
f 6348 7940 5993 
f 5993 5281 6348 
f 6353 8583 6348 
f 6348 5281 6353 
f 6351 8584 6353 
f 6353 5281 6351 
f 6003 7980 6354 
f 6354 5282 6003 
f 6351 7971 6003 
f 6003 5282 6351 
f 6356 8584 6351 
f 6351 5282 6356 
f 6354 8585 6356 
f 6356 5282 6354 
f 8640 7719 7716 
f 7716 8639 8640 
f 5994 7972 6360 
f 6360 5283 5994 
f 6357 7941 5994 
f 5994 5283 6357 
f 6362 8586 6357 
f 6357 5283 6362 
f 6360 8587 6362 
f 6362 5283 6360 
f 6004 7981 6363 
f 6363 5284 6004 
f 6360 7972 6004 
f 6004 5284 6360 
f 6365 8587 6360 
f 6360 5284 6365 
f 6363 8588 6365 
f 6365 5284 6363 
f 8589 8637 8638 
f 8638 8590 8589 
f 8936 7718 8935 
f 8638 8639 7716 
f 7716 8590 8638 
f 5954 7949 6369 
f 6369 5285 5954 
f 6366 7740 5954 
f 5954 5285 6366 
f 6371 8591 6366 
f 6366 5285 6371 
f 6369 8592 6371 
f 6371 5285 6369 
f 5965 7958 6372 
f 6372 5286 5965 
f 6369 7949 5965 
f 5965 5286 6369 
f 6374 8592 6369 
f 6369 5286 6374 
f 6372 8593 6374 
f 6374 5286 6372 
f 5964 7948 6376 
f 6376 5287 5964 
f 6372 7958 5964 
f 5964 5287 6372 
f 6377 8593 6372 
f 6372 5287 6377 
f 6376 8594 6377 
f 6377 5287 6376 
f 6002 7979 6379 
f 6379 5288 6002 
f 6376 7948 6002 
f 6002 5288 6376 
f 6380 8594 6376 
f 6376 5288 6380 
f 6379 8595 6380 
f 6380 5288 6379 
f 6012 7988 6382 
f 6382 5289 6012 
f 6379 7979 6012 
f 6012 5289 6379 
f 6383 8595 6379 
f 6379 5289 6383 
f 6382 8596 6383 
f 6383 5289 6382 
f 8642 7722 7715 
f 7715 8641 8642 
f 5945 7933 5935 
f 5935 5290 5945 
f 6386 7937 5945 
f 5945 5290 6386 
f 6385 8597 6386 
f 6386 5290 6385 
f 5935 7745 6385 
f 6385 5290 5935 
f 5963 7957 6388 
f 6388 5291 5963 
f 6385 7745 5963 
f 5963 5291 6385 
f 6389 8597 6385 
f 6385 5291 6389 
f 6388 8598 6389 
f 6389 5291 6388 
f 5982 7966 6391 
f 6391 5292 5982 
f 6388 7957 5982 
f 5982 5292 6388 
f 6392 8598 6388 
f 6388 5292 6392 
f 6391 8599 6392 
f 6392 5292 6391 
f 5981 7947 6393 
f 6393 5293 5981 
f 6391 7966 5981 
f 5981 5293 6391 
f 6395 8599 6391 
f 6391 5293 6395 
f 6393 8600 6395 
f 6395 5293 6393 
f 6001 7978 6396 
f 6396 5294 6001 
f 6393 7947 6001 
f 6001 5294 6393 
f 6398 8600 6393 
f 6393 5294 6398 
f 6396 8601 6398 
f 6398 5294 6396 
f 6011 7987 6399 
f 6399 5295 6011 
f 6396 7978 6011 
f 6011 5295 6396 
f 6401 8601 6396 
f 6396 5295 6401 
f 6399 8602 6401 
f 6401 5295 6399 
f 8645 8624 7721 
f 7721 8644 8645 
f 6028 7928 5925 
f 5925 5296 6028 
f 6406 7995 6028 
f 6028 5296 6406 
f 6405 8606 6406 
f 6406 5296 6405 
f 5925 7828 6405 
f 6405 5296 5925 
f 5957 7952 6407 
f 6407 5297 5957 
f 6405 7828 5957 
f 5957 5297 6405 
f 6409 8606 6405 
f 6405 5297 6409 
f 6407 8607 6409 
f 6409 5297 6407 
f 5971 7961 6410 
f 6410 5298 5971 
f 6407 7952 5971 
f 5971 5298 6407 
f 6412 8607 6407 
f 6407 5298 6412 
f 6410 8608 6412 
f 6412 5298 6410 
f 5970 7942 6413 
f 6413 5299 5970 
f 6410 7961 5970 
f 5970 5299 6410 
f 6415 8608 6410 
f 6410 5299 6415 
f 6413 8609 6415 
f 6415 5299 6413 
f 5995 7973 6416 
f 6416 5300 5995 
f 6413 7942 5995 
f 5995 5300 6413 
f 6419 8609 6413 
f 6413 5300 6419 
f 6416 8610 6419 
f 6419 5300 6416 
f 6005 7982 6402 
f 6402 5301 6005 
f 6416 7973 6005 
f 6005 5301 6416 
f 6418 8610 6416 
f 6416 5301 6418 
f 6402 8605 6418 
f 6418 5301 6402 
f 5959 7954 6423 
f 6423 5302 5959 
f 6421 7852 5959 
f 5959 5302 6421 
f 6425 8611 6421 
f 6421 5302 6425 
f 6423 8612 6425 
f 6425 5302 6423 
f 5975 7963 6426 
f 6426 5303 5975 
f 6423 7954 5975 
f 5975 5303 6423 
f 6428 8612 6423 
f 6423 5303 6428 
f 6426 8613 6428 
f 6428 5303 6426 
f 5974 7944 6429 
f 6429 5304 5974 
f 6426 7963 5974 
f 5974 5304 6426 
f 6431 8613 6426 
f 6426 5304 6431 
f 6429 8614 6431 
f 6431 5304 6429 
f 5997 7975 6432 
f 6432 5305 5997 
f 6429 7944 5997 
f 5997 5305 6429 
f 6434 8614 6429 
f 6429 5305 6434 
f 6432 8615 6434 
f 6434 5305 6432 
f 6007 7984 6435 
f 6435 5306 6007 
f 6432 7975 6007 
f 6007 5306 6432 
f 6437 8615 6432 
f 6432 5306 6437 
f 6435 8616 6437 
f 6437 5306 6435 
f 6438 8617 6440 
f 6440 5307 6438 
f 5977 7945 6438 
f 6438 5307 5977 
f 6020 7964 5977 
f 5977 5307 6020 
f 6440 7992 6020 
f 6020 5307 6440 
f 5999 7976 6441 
f 6441 5308 5999 
f 6438 7945 5999 
f 5999 5308 6438 
f 6443 8617 6438 
f 6438 5308 6443 
f 6441 8618 6443 
f 6443 5308 6441 
f 6009 7985 6444 
f 6444 5309 6009 
f 6441 7976 6009 
f 6009 5309 6441 
f 6446 8618 6441 
f 6441 5309 6446 
f 6444 8619 6446 
f 6446 5309 6444 
f 6449 7991 6017 
f 6017 5310 6449 
f 6447 8621 6449 
f 6449 5310 6447 
f 5979 7946 6447 
f 6447 5310 5979 
f 6017 7965 5979 
f 5979 5310 6017 
f 6000 7977 6450 
f 6450 5311 6000 
f 6447 7946 6000 
f 6000 5311 6447 
f 6452 8621 6447 
f 6447 5311 6452 
f 6450 8622 6452 
f 6452 5311 6450 
f 6010 7986 6453 
f 6453 5312 6010 
f 6450 7977 6010 
f 6010 5312 6450 
f 6455 8622 6450 
f 6450 5312 6455 
f 6453 8623 6455 
f 6455 5312 6453 
f 8647 8629 8627 
f 8627 8646 8647 
f 8604 8603 7721 
f 7721 8625 8604 
f 7720 8625 7721 
f 7721 8624 7720 
f 8627 8626 7720 
f 7720 8624 8627 
f 8629 8628 8626 
f 8626 8627 8629 
f 8630 7723 7724 
f 7724 8620 8630 
f 8632 8631 8630 
f 8630 8620 8632 
f 8935 7718 8938 
f 8938 8941 8935 
f 8629 8647 8648 
f 8648 7724 8629 
f 8634 7716 7719 
f 7719 7706 8634 
f 8590 7708 7709 
f 7709 8589 8590 
f 8589 7709 7710 
f 7710 7717 8589 
f 7710 7711 8633 
f 8633 7717 7710 
f 7724 8648 8649 
f 8649 8620 7724 
f 8620 8649 8650 
f 8650 8632 8620 
f 8643 8644 7721 
f 7721 8603 8643 
f 8645 8646 8627 
f 8627 8624 8645 
f 6457 8636 8635 
f 8635 5313 6457 
f 6402 7982 6457 
f 6457 5313 6402 
f 6456 8605 6402 
f 6402 5313 6456 
f 5313 8635 6456 
f 5314 8636 6457 
f 6458 8637 8636 
f 8636 5314 6458 
f 6364 8588 6458 
f 6458 5314 6364 
f 6457 7982 6364 
f 6364 5314 6457 
f 6458 8588 6363 
f 6363 5315 6458 
f 5315 8637 6458 
f 6459 8638 8637 
f 8637 5315 6459 
f 6363 7981 6459 
f 6459 5315 6363 
f 6355 8585 6460 
f 6460 5316 6355 
f 6459 7981 6355 
f 6355 5316 6459 
f 5316 8638 6459 
f 6460 8639 8638 
f 8638 5316 6460 
f 6354 7980 6461 
f 6461 5317 6354 
f 6460 8585 6354 
f 6354 5317 6460 
f 5317 8639 6460 
f 6461 8640 8639 
f 8639 5317 6461 
f 5318 8640 6461 
f 6462 8641 8640 
f 8640 5318 6462 
f 6381 8596 6462 
f 6462 5318 6381 
f 6461 7980 6381 
f 6381 5318 6461 
f 6382 7988 6463 
f 6463 5319 6382 
f 6462 8596 6382 
f 6382 5319 6462 
f 5319 8641 6462 
f 6463 8642 8641 
f 8641 5319 6463 
f 5320 8642 6463 
f 6464 8643 8642 
f 8642 5320 6464 
f 6400 8602 6464 
f 6464 5320 6400 
f 6463 7988 6400 
f 6400 5320 6463 
f 6399 7987 6465 
f 6465 5321 6399 
f 6464 8602 6399 
f 6399 5321 6464 
f 5321 8643 6464 
f 6465 8644 8643 
f 8643 5321 6465 
f 6454 8623 6466 
f 6466 5322 6454 
f 6465 7987 6454 
f 6454 5322 6465 
f 5322 8644 6465 
f 6466 8645 8644 
f 8644 5322 6466 
f 6453 7986 6467 
f 6467 5323 6453 
f 6466 8623 6453 
f 6453 5323 6466 
f 5323 8645 6466 
f 6467 8646 8645 
f 8645 5323 6467 
f 6445 8619 6468 
f 6468 5324 6445 
f 6467 7986 6445 
f 6445 5324 6467 
f 5324 8646 6467 
f 6468 8647 8646 
f 8646 5324 6468 
f 6468 8619 6444 
f 6444 5325 6468 
f 5325 8647 6468 
f 6469 8648 8647 
f 8647 5325 6469 
f 6444 7985 6469 
f 6469 5325 6444 
f 6469 7985 6436 
f 6436 5326 6469 
f 5326 8648 6469 
f 6470 8649 8648 
f 8648 5326 6470 
f 6436 8616 6470 
f 6470 5326 6436 
f 6470 8616 6435 
f 6435 5327 6470 
f 5327 8649 6470 
f 6471 8650 8649 
f 8649 5327 6471 
f 6435 7984 6471 
f 6471 5327 6435 
f 6474 8650 6471 
f 6471 5328 6474 
f 6472 8651 6474 
f 6474 5328 6472 
f 6008 7983 6472 
f 6472 5328 6008 
f 6471 7984 6008 
f 6008 5328 6471 
f 6403 8605 6456 
f 6456 5329 6403 
f 6472 7983 6403 
f 6403 5329 6472 
f 6473 8651 6472 
f 6472 5329 6473 
f 6456 8635 6473 
f 6473 5329 6456 
f 8936 8939 8937 
f 8937 7718 8936 
f 8890 7700 8653 
f 8653 8889 8890 
f 8895 7701 8654 
f 8654 8894 8895 
f 7701 8896 8897 
f 8897 8654 7701 
f 8904 8661 8902 
f 8902 7699 8904 
f 8891 7705 8652 
f 8652 8886 8891 
f 5922 7927 6490 
f 6490 5330 5922 
f 6486 7739 5922 
f 5922 5330 6486 
f 6491 8663 6486 
f 6486 5330 6491 
f 6490 8664 6491 
f 6491 5330 6490 
f 5923 7786 6492 
f 6492 5331 5923 
f 6490 7927 5923 
f 5923 5331 6490 
f 6494 8664 6490 
f 6490 5331 6494 
f 6492 8665 6494 
f 6494 5331 6492 
f 5902 7917 6496 
f 6496 5332 5902 
f 6492 7786 5902 
f 5902 5332 6492 
f 6497 8665 6492 
f 6492 5332 6497 
f 6496 8666 6497 
f 6497 5332 6496 
f 5901 7728 6498 
f 6498 5333 5901 
f 6496 7917 5901 
f 5901 5333 6496 
f 6500 8666 6496 
f 6496 5333 6500 
f 6498 8667 6500 
f 6500 5333 6498 
f 5991 7952 5957 
f 5957 5334 5991 
f 6503 7970 5991 
f 5991 5334 6503 
f 6502 8668 6503 
f 6503 5334 6502 
f 5957 7828 6502 
f 6502 5334 5957 
f 6506 8668 6502 
f 6502 5335 6506 
f 6505 8669 6506 
f 6506 5335 6505 
f 5925 7928 6505 
f 6505 5335 5925 
f 6502 7828 5925 
f 5925 5335 6502 
f 6509 8669 6505 
f 6505 5336 6509 
f 6508 8670 6509 
f 6509 5336 6508 
f 5924 7827 6508 
f 6508 5336 5924 
f 6505 7928 5924 
f 5924 5336 6505 
f 6508 7827 5904 
f 5904 5337 6508 
f 6512 8670 6508 
f 6508 5337 6512 
f 6511 8671 6512 
f 6512 5337 6511 
f 5904 7918 6511 
f 6511 5337 5904 
f 5903 7826 6514 
f 6514 5338 5903 
f 6511 7918 5903 
f 5903 5338 6511 
f 6515 8671 6511 
f 6511 5338 6515 
f 6514 8672 6515 
f 6515 5338 6514 
f 6016 7957 5963 
f 5963 5339 6016 
f 6518 7990 6016 
f 6016 5339 6518 
f 6516 8673 6518 
f 6518 5339 6516 
f 5963 7745 6516 
f 6516 5339 5963 
f 5935 7933 6520 
f 6520 5340 5935 
f 6516 7745 5935 
f 5935 5340 6516 
f 6521 8673 6516 
f 6516 5340 6521 
f 6520 8674 6521 
f 6521 5340 6520 
f 5936 7789 6522 
f 6522 5341 5936 
f 6520 7933 5936 
f 5936 5341 6520 
f 6524 8674 6520 
f 6520 5341 6524 
f 6522 8675 6524 
f 6524 5341 6522 
f 5915 7923 6526 
f 6526 5342 5915 
f 6522 7789 5915 
f 5915 5342 6522 
f 6527 8675 6522 
f 6522 5342 6527 
f 6526 8676 6527 
f 6527 5342 6526 
f 5914 7744 6528 
f 6528 5343 5914 
f 6526 7923 5914 
f 5914 5343 6526 
f 6530 8676 6526 
f 6526 5343 6530 
f 6528 8677 6530 
f 6530 5343 6528 
f 6014 7956 5962 
f 5962 5344 6014 
f 6533 7989 6014 
f 6014 5344 6533 
f 6532 8678 6533 
f 6533 5344 6532 
f 5962 7834 6532 
f 6532 5344 5962 
f 5934 7932 6535 
f 6535 5345 5934 
f 6532 7834 5934 
f 5934 5345 6532 
f 6536 8678 6532 
f 6532 5345 6536 
f 6535 8679 6536 
f 6536 5345 6535 
f 5933 7833 6538 
f 6538 5346 5933 
f 6535 7932 5933 
f 5933 5346 6535 
f 6539 8679 6535 
f 6535 5346 6539 
f 6538 8680 6539 
f 6539 5346 6538 
f 5913 7922 6541 
f 6541 5347 5913 
f 6538 7833 5913 
f 5913 5347 6538 
f 6542 8680 6538 
f 6538 5347 6542 
f 6541 8681 6542 
f 6542 5347 6541 
f 5912 7832 6544 
f 6544 5348 5912 
f 6541 7922 5912 
f 5912 5348 6541 
f 6545 8681 6541 
f 6541 5348 6545 
f 6544 8682 6545 
f 6545 5348 6544 
f 6037 7921 5910 
f 5910 5349 6037 
f 6557 7998 6037 
f 6037 5349 6557 
f 6555 8686 6557 
f 6557 5349 6555 
f 5910 7748 6555 
f 6555 5349 5910 
f 7459 8667 6498 
f 6498 5350 7459 
f 7461 9041 7459 
f 7459 5350 7461 
f 7456 9040 7461 
f 7461 5350 7456 
f 6498 7728 7456 
f 7456 5350 6498 
f 7270 8745 6705 
f 6705 5351 7270 
f 7271 8976 7270 
f 7270 5351 7271 
f 7267 8975 7271 
f 7271 5351 7267 
f 6705 8746 7267 
f 7267 5351 6705 
f 6661 7733 6562 
f 6562 5352 6661 
f 6663 8728 6661 
f 6661 5352 6663 
f 6659 8727 6663 
f 6663 5352 6659 
f 6562 8689 6659 
f 6659 5352 6562 
f 6562 7733 6564 
f 6564 5353 6562 
f 6573 8689 6562 
f 6562 5353 6573 
f 6574 8694 6573 
f 6573 5353 6574 
f 6564 8690 6574 
f 6574 5353 6564 
f 6564 7733 6566 
f 6566 5354 6564 
f 6576 8690 6564 
f 6564 5354 6576 
f 6577 8695 6576 
f 6576 5354 6577 
f 6566 8691 6577 
f 6577 5354 6566 
f 6566 7733 6661 
f 6661 5355 6566 
f 6664 8691 6566 
f 6566 5355 6664 
f 6666 8729 6664 
f 6664 5355 6666 
f 6661 8728 6666 
f 6666 5355 6661 
f 7267 8746 6707 
f 6707 5356 7267 
f 7268 8975 7267 
f 7267 5356 7268 
f 7264 8974 7268 
f 7268 5356 7264 
f 6707 8747 7264 
f 7264 5356 6707 
f 7456 7728 6513 
f 6513 5357 7456 
f 7458 9040 7456 
f 7456 5357 7458 
f 7453 9039 7458 
f 7458 5357 7453 
f 6513 8672 7453 
f 7453 5357 6513 
f 6563 8689 6573 
f 6573 5358 6563 
f 5805 7817 6563 
f 6563 5358 5805 
f 6572 7829 5805 
f 5805 5358 6572 
f 6573 8694 6572 
f 6572 5358 6573 
f 6655 7817 6581 
f 6581 5359 6655 
f 6657 8726 6655 
f 6655 5359 6657 
f 6653 8725 6657 
f 6657 5359 6653 
f 6581 8697 6653 
f 6653 5359 6581 
f 6581 7817 5805 
f 5805 5360 6581 
f 6585 8697 6581 
f 6581 5360 6585 
f 6584 8698 6585 
f 6585 5360 6584 
f 5805 7829 6584 
f 6584 5360 5805 
f 5806 7823 6591 
f 6591 5361 5806 
f 6589 7830 5806 
f 5806 5361 6589 
f 6592 8700 6589 
f 6589 5361 6592 
f 6591 8701 6592 
f 6592 5361 6591 
f 6591 7823 6667 
f 6667 5362 6591 
f 6670 8701 6591 
f 6591 5362 6670 
f 6672 8731 6670 
f 6670 5362 6672 
f 6667 8730 6672 
f 6672 5362 6667 
f 7261 8748 6711 
f 6711 5363 7261 
f 7262 8973 7261 
f 7261 5363 7262 
f 7258 8972 7262 
f 7262 5363 7258 
f 6711 8749 7258 
f 7258 5363 6711 
f 7451 7826 6553 
f 6553 5364 7451 
f 7452 9038 7451 
f 7451 5364 7452 
f 7447 9037 7452 
f 7452 5364 7447 
f 6553 8685 7447 
f 7447 5364 6553 
f 7465 8684 6550 
f 6550 5365 7465 
f 7467 9043 7465 
f 7465 5365 7467 
f 7463 9042 7467 
f 7467 5365 7463 
f 6550 7820 7463 
f 7463 5365 6550 
f 7276 8743 6701 
f 6701 5366 7276 
f 7277 8978 7276 
f 7276 5366 7277 
f 7273 8977 7277 
f 7277 5366 7273 
f 6701 8744 7273 
f 7273 5366 6701 
f 5811 7838 6617 
f 6617 5367 5811 
f 6609 7767 5811 
f 5811 5367 6609 
f 6618 8710 6609 
f 6609 5367 6618 
f 6617 8713 6618 
f 6618 5367 6617 
f 6601 8706 6606 
f 6606 5368 6601 
f 6604 8705 6601 
f 6601 5368 6604 
f 6607 8707 6604 
f 6604 5368 6607 
f 6606 8708 6607 
f 6607 5368 6606 
f 6618 8713 6623 
f 6623 5369 6618 
f 6611 8710 6618 
f 6618 5369 6611 
f 6621 8709 6611 
f 6611 5369 6621 
f 6623 8714 6621 
f 6621 5369 6623 
f 6606 8706 6610 
f 6610 5370 6606 
f 6608 8708 6606 
f 6606 5370 6608 
f 6611 8709 6608 
f 6608 5370 6611 
f 6610 8710 6611 
f 6611 5370 6610 
f 939 2854 6612 
f 6612 5371 939 
f 5775 2779 939 
f 939 5371 5775 
f 6613 7768 5775 
f 5775 5371 6613 
f 6612 8711 6613 
f 6613 5371 6612 
f 941 2855 6614 
f 6614 5372 941 
f 6612 2854 941 
f 941 5372 6612 
f 6616 8711 6612 
f 6612 5372 6616 
f 6614 8712 6616 
f 6616 5372 6614 
f 6613 8711 6619 
f 6619 5373 6613 
f 5812 7768 6613 
f 6613 5373 5812 
f 6617 7838 5812 
f 5812 5373 6617 
f 6619 8713 6617 
f 6617 5373 6619 
f 6616 8712 6622 
f 6622 5374 6616 
f 6619 8711 6616 
f 6616 5374 6619 
f 6623 8713 6619 
f 6619 5374 6623 
f 6622 8714 6623 
f 6623 5374 6622 
f 6628 8695 6575 
f 6575 5375 6628 
f 6628 5375 6629 
f 6599 8705 6629 
f 6629 5375 6599 
f 6575 7830 6599 
f 6599 5375 6575 
f 6600 8700 6588 
f 6588 5376 6600 
f 6610 8706 6600 
f 6600 5376 6610 
f 6609 8710 6610 
f 6610 5376 6609 
f 6588 7767 6609 
f 6609 5376 6588 
f 6599 7830 6589 
f 6589 5377 6599 
f 6601 8705 6599 
f 6599 5377 6601 
f 6600 8706 6601 
f 6601 5377 6600 
f 6589 8700 6600 
f 6600 5377 6589 
f 6584 7829 6587 
f 6587 5378 6584 
f 6582 8698 6584 
f 6584 5378 6582 
f 6586 7753 6582 
f 6582 5378 6586 
f 6587 8699 6586 
f 6586 5378 6587 
f 6574 8690 6565 
f 6565 5379 6574 
f 6625 8694 6574 
f 6574 5379 6625 
f 6625 5379 6624 
f 6565 7816 6624 
f 6624 5379 6565 
f 6627 5380 6628 
f 6576 8695 6628 
f 6628 5380 6576 
f 6565 8690 6576 
f 6576 5380 6565 
f 6627 7816 6565 
f 6565 5380 6627 
f 6629 5381 6627 
f 6602 7816 6627 
f 6627 5381 6602 
f 6604 8707 6602 
f 6602 5381 6604 
f 6629 8705 6604 
f 6604 5381 6629 
f 6602 8707 6603 
f 6603 5382 6602 
f 6624 7816 6602 
f 6602 5382 6624 
f 6624 5382 6626 
f 6603 8699 6626 
f 6626 5382 6603 
f 6630 8715 6631 
f 6631 5383 6630 
f 6582 7753 6630 
f 6630 5383 6582 
f 6583 8698 6582 
f 6582 5383 6583 
f 6631 7754 6583 
f 6583 5383 6631 
f 6634 8715 6630 
f 6630 5384 6634 
f 6608 8709 6634 
f 6634 5384 6608 
f 6605 8708 6608 
f 6608 5384 6605 
f 6630 7753 6605 
f 6605 5384 6630 
f 6621 8714 6620 
f 6620 5385 6621 
f 6634 8709 6621 
f 6621 5385 6634 
f 6633 8715 6634 
f 6634 5385 6633 
f 6620 8581 6633 
f 6633 5385 6620 
f 6622 8712 6615 
f 6615 5386 6622 
f 6620 8714 6622 
f 6622 5386 6620 
f 6344 8581 6620 
f 6620 5386 6344 
f 6615 8579 6344 
f 6344 5386 6615 
f 6614 2855 940 
f 940 5387 6614 
f 6615 8712 6614 
f 6614 5387 6615 
f 6339 8579 6615 
f 6615 5387 6339 
f 940 2853 6339 
f 6339 5387 940 
f 7391 9019 7396 
f 7396 5388 7391 
f 7197 7782 7391 
f 7391 5388 7197 
f 7395 8944 7197 
f 7197 5388 7395 
f 7396 9020 7395 
f 7395 5388 7396 
f 7360 9008 7364 
f 7364 5389 7360 
f 6635 8717 7360 
f 7360 5389 6635 
f 7362 7736 6635 
f 6635 5389 7362 
f 7364 9009 7362 
f 7362 5389 7364 
f 5823 7810 6637 
f 6637 5390 5823 
f 6636 7846 5823 
f 5823 5390 6636 
f 6638 8718 6636 
f 6636 5390 6638 
f 6637 8719 6638 
f 6638 5390 6637 
f 7513 9056 7506 
f 7506 5391 7513 
f 7514 9059 7513 
f 7513 5391 7514 
f 7511 9058 7514 
f 7514 5391 7511 
f 7506 9055 7511 
f 7511 5391 7506 
f 7353 7735 6639 
f 6639 5392 7353 
f 7355 9006 7353 
f 7353 5392 7355 
f 7351 9005 7355 
f 7355 5392 7351 
f 6639 8720 7351 
f 7351 5392 6639 
f 7300 8987 7304 
f 7304 5393 7300 
f 6641 8721 7300 
f 7300 5393 6641 
f 7303 7847 6641 
f 6641 5393 7303 
f 7304 8988 7303 
f 7303 5393 7304 
f 5824 7811 6643 
f 6643 5394 5824 
f 6641 7847 5824 
f 5824 5394 6641 
f 6645 8721 6641 
f 6641 5394 6645 
f 6643 8722 6645 
f 6645 5394 6643 
f 5800 7807 6647 
f 6647 5395 5800 
f 6643 7811 5800 
f 5800 5395 6643 
f 6648 8722 6643 
f 6643 5395 6648 
f 6647 8723 6648 
f 6648 5395 6647 
f 5796 7806 6650 
f 6650 5396 5796 
f 6647 7807 5796 
f 5796 5396 6647 
f 6651 8723 6647 
f 6647 5396 6651 
f 6650 8724 6651 
f 6651 5396 6650 
f 6654 8724 6650 
f 6650 5397 6654 
f 6652 8725 6654 
f 6654 5397 6652 
f 6578 8696 6652 
f 6652 5397 6578 
f 6650 7806 6578 
f 6578 5397 6650 
f 6579 7818 6656 
f 6656 5398 6579 
f 6652 8696 6579 
f 6579 5398 6652 
f 6657 8725 6652 
f 6652 5398 6657 
f 6656 8726 6657 
f 6657 5398 6656 
f 6660 8726 6656 
f 6656 5399 6660 
f 6658 8727 6660 
f 6660 5399 6658 
f 6561 8688 6658 
f 6658 5399 6561 
f 6656 7818 6561 
f 6561 5399 6656 
f 6560 7805 6662 
f 6662 5400 6560 
f 6658 8688 6560 
f 6560 5400 6658 
f 6663 8727 6658 
f 6658 5400 6663 
f 6662 8728 6663 
f 6663 5400 6662 
f 6666 8728 6662 
f 6662 5401 6666 
f 6665 8729 6666 
f 6666 5401 6665 
f 6568 8692 6665 
f 6665 5401 6568 
f 6662 7805 6568 
f 6568 5401 6662 
f 6669 8729 6665 
f 6665 5402 6669 
f 6668 8730 6669 
f 6669 5402 6668 
f 6569 7824 6668 
f 6668 5402 6569 
f 6665 8692 6569 
f 6569 5402 6665 
f 6672 8730 6668 
f 6668 5403 6672 
f 6671 8731 6672 
f 6672 5403 6671 
f 6594 8702 6671 
f 6671 5403 6594 
f 6668 7824 6594 
f 6594 5403 6668 
f 6675 8731 6671 
f 6671 5404 6675 
f 6674 8732 6675 
f 6675 5404 6674 
f 6593 7804 6674 
f 6674 5404 6593 
f 6671 8702 6593 
f 6593 5404 6671 
f 6678 8732 6674 
f 6674 5405 6678 
f 6677 8733 6678 
f 6678 5405 6677 
f 5817 7840 6677 
f 6677 5405 5817 
f 6674 7804 5817 
f 5817 5405 6674 
f 6682 8733 6677 
f 6677 5406 6682 
f 6681 8734 6682 
f 6682 5406 6681 
f 5816 7769 6681 
f 6681 5406 5816 
f 6677 7840 5816 
f 5816 5406 6677 
f 5777 2780 946 
f 946 5407 5777 
f 6681 7769 5777 
f 5777 5407 6681 
f 6679 8734 6681 
f 6681 5407 6679 
f 946 2858 6679 
f 6679 5407 946 
f 7541 9068 7542 
f 7542 5408 7541 
f 6690 8736 7541 
f 7541 5408 6690 
f 7295 8739 6690 
f 6690 5408 7295 
f 7542 8985 7295 
f 7295 5408 7542 
f 6693 8740 6692 
f 6692 5409 6693 
f 6690 8739 6693 
f 6693 5409 6690 
f 6686 8736 6690 
f 6690 5409 6686 
f 6692 8737 6686 
f 6686 5409 6692 
f 7518 2860 948 
f 948 5410 7518 
f 7519 9061 7518 
f 7518 5410 7519 
f 7515 9060 7519 
f 7519 5410 7515 
f 948 2791 7515 
f 7515 5410 948 
f 7349 7812 6687 
f 6687 5411 7349 
f 7350 9004 7349 
f 7349 5411 7350 
f 7348 9003 7350 
f 7350 5411 7348 
f 6687 8738 7348 
f 7348 5411 6687 
f 7295 8985 7298 
f 7298 5412 7295 
f 6689 8739 7295 
f 7295 5412 6689 
f 7297 7848 6689 
f 6689 5412 7297 
f 7298 8986 7297 
f 7297 5412 7298 
f 5825 7813 6691 
f 6691 5413 5825 
f 6689 7848 5825 
f 5825 5413 6689 
f 6693 8739 6689 
f 6689 5413 6693 
f 6691 8740 6693 
f 6693 5413 6691 
f 5799 7763 6694 
f 6694 5414 5799 
f 6637 7810 5799 
f 5799 5414 6637 
f 6695 8719 6637 
f 6637 5414 6695 
f 6694 8741 6695 
f 6695 5414 6694 
f 5769 7737 6696 
f 6696 5415 5769 
f 6694 7763 5769 
f 5769 5415 6694 
f 6697 8741 6694 
f 6694 5415 6697 
f 6696 8742 6697 
f 6697 5415 6696 
f 6597 8704 6698 
f 6698 5416 6597 
f 6696 7737 6597 
f 6597 5416 6696 
f 6699 8742 6696 
f 6696 5416 6699 
f 6698 8743 6699 
f 6699 5416 6698 
f 6698 8704 6598 
f 6598 5417 6698 
f 6701 8743 6698 
f 6698 5417 6701 
f 6700 8744 6701 
f 6701 5417 6700 
f 6598 7819 6700 
f 6700 5417 6598 
f 6700 7819 6559 
f 6559 5418 6700 
f 6703 8744 6700 
f 6700 5418 6703 
f 6702 8745 6703 
f 6703 5418 6702 
f 6559 8687 6702 
f 6702 5418 6559 
f 6702 8687 6558 
f 6558 5419 6702 
f 6705 8745 6702 
f 6702 5419 6705 
f 6704 8746 6705 
f 6705 5419 6704 
f 6558 7759 6704 
f 6704 5419 6558 
f 6704 7759 6570 
f 6570 5420 6704 
f 6707 8746 6704 
f 6704 5420 6707 
f 6706 8747 6707 
f 6707 5420 6706 
f 6570 8693 6706 
f 6706 5420 6570 
f 6706 8693 6571 
f 6571 5421 6706 
f 6709 8747 6706 
f 6706 5421 6709 
f 6708 8748 6709 
f 6709 5421 6708 
f 6571 7825 6708 
f 6708 5421 6571 
f 6708 7825 6596 
f 6596 5422 6708 
f 6711 8748 6708 
f 6708 5422 6711 
f 6710 8749 6711 
f 6711 5422 6710 
f 6596 8703 6710 
f 6710 5422 6596 
f 6710 8703 6595 
f 6595 5423 6710 
f 6713 8749 6710 
f 6710 5423 6713 
f 6712 8750 6713 
f 6713 5423 6712 
f 6712 5423 6595 
f 7440 9035 7446 
f 7446 5424 7440 
f 5837 7856 7440 
f 7440 5424 5837 
f 7445 7855 5837 
f 5837 5424 7445 
f 7446 9036 7445 
f 7445 5424 7446 
f 5838 7857 7437 
f 7437 5425 5838 
f 7440 7856 5838 
f 5838 5425 7440 
f 7442 9035 7440 
f 7440 5425 7442 
f 7437 9034 7442 
f 7442 5425 7437 
f 5840 7858 7435 
f 7435 5426 5840 
f 7437 7857 5840 
f 5840 5426 7437 
f 7439 9034 7437 
f 7437 5426 7439 
f 7435 9033 7439 
f 7439 5426 7435 
f 5839 2792 978 
f 978 5427 5839 
f 7435 7858 5839 
f 5839 5427 7435 
f 7434 9033 7435 
f 7435 5427 7434 
f 978 2877 7434 
f 7434 5427 978 
f 5766 7760 6717 
f 6717 5428 5766 
f 6555 7748 5766 
f 5766 5428 6555 
f 6719 8686 6555 
f 6555 5428 6719 
f 6717 8753 6719 
f 6719 5428 6717 
f 6788 5429 6786 
f 5795 7802 6786 
f 6786 5429 5795 
f 6783 7760 5795 
f 5795 5429 6783 
f 6788 8786 6783 
f 6783 5429 6788 
f 5819 7842 5832 
f 5832 5430 5819 
f 6786 7802 5819 
f 5819 5430 6786 
f 6786 5430 6787 
f 5832 7851 6787 
f 6787 5430 5832 
f 5818 7770 6726 
f 6726 5431 5818 
f 6722 7841 5818 
f 5818 5431 6722 
f 6728 8755 6722 
f 6722 5431 6728 
f 6726 8756 6728 
f 6728 5431 6726 
f 5778 2781 950 
f 950 5432 5778 
f 6726 7770 5778 
f 5778 5432 6726 
f 6725 8756 6726 
f 6726 5432 6725 
f 950 2862 6725 
f 6725 5432 950 
f 6546 8683 6548 
f 6548 5433 6546 
f 5916 7729 6546 
f 6546 5433 5916 
f 5940 7924 5916 
f 5916 5433 5940 
f 6548 7935 5940 
f 5940 5433 6548 
f 6546 7729 5768 
f 5768 5434 6546 
f 6731 8683 6546 
f 6546 5434 6731 
f 6730 8757 6731 
f 6731 5434 6730 
f 5768 7762 6730 
f 6730 5434 5768 
f 6730 7762 5798 
f 5798 5435 6730 
f 6734 8757 6730 
f 6730 5435 6734 
f 6733 8758 6734 
f 6734 5435 6733 
f 5798 7809 6733 
f 6733 5435 5798 
f 6733 7809 5822 
f 5822 5436 6733 
f 6737 8758 6733 
f 6733 5436 6737 
f 6736 8759 6737 
f 6737 5436 6736 
f 5822 7845 6736 
f 6736 5436 5822 
f 7322 8994 7320 
f 7320 5437 7322 
f 7318 8993 7322 
f 7322 5437 7318 
f 6736 7845 7318 
f 7318 5437 6736 
f 7320 8759 6736 
f 6736 5437 7320 
f 6528 7744 5767 
f 5767 5438 6528 
f 6742 8677 6528 
f 6528 5438 6742 
f 6740 8761 6742 
f 6742 5438 6740 
f 5767 7761 6740 
f 6740 5438 5767 
f 5797 7808 6744 
f 6744 5439 5797 
f 6740 7761 5797 
f 5797 5439 6740 
f 6745 8761 6740 
f 6740 5439 6745 
f 6744 8762 6745 
f 6745 5439 6744 
f 6744 7808 5821 
f 5821 5440 6744 
f 6748 8762 6744 
f 6744 5440 6748 
f 6747 8763 6748 
f 6748 5440 6747 
f 5821 7844 6747 
f 6747 5440 5821 
f 7328 8996 7326 
f 7326 5441 7328 
f 7324 8995 7328 
f 7328 5441 7324 
f 6747 7844 7324 
f 7324 5441 6747 
f 7326 8763 6747 
f 6747 5441 7326 
f 6753 8682 6544 
f 6544 5442 6753 
f 6752 8765 6753 
f 6753 5442 6752 
f 5808 7831 6752 
f 6752 5442 5808 
f 6544 7832 5808 
f 5808 5442 6544 
f 5807 7803 6755 
f 6755 5443 5807 
f 6752 7831 5807 
f 5807 5443 6752 
f 6756 8765 6752 
f 6752 5443 6756 
f 6755 8766 6756 
f 6756 5443 6755 
f 6755 7803 5820 
f 5820 5444 6755 
f 6759 8766 6755 
f 6755 5444 6759 
f 6758 8767 6759 
f 6759 5444 6758 
f 5820 7843 6758 
f 6758 5444 5820 
f 7334 8998 7332 
f 7332 5445 7334 
f 7330 8997 7334 
f 7334 5445 7330 
f 6758 7843 7330 
f 7330 5445 6758 
f 7332 8767 6758 
f 6758 5445 7332 
f 7227 8960 7226 
f 7226 5446 7227 
f 7223 8959 7227 
f 7227 5446 7223 
f 6775 8778 7223 
f 7223 5446 6775 
f 7226 8777 6775 
f 6775 5446 7226 
f 6852 7775 6764 
f 6764 5447 6852 
f 6854 8811 6852 
f 6852 5447 6854 
f 6850 8810 6854 
f 6854 5447 6850 
f 6764 8770 6850 
f 6850 5447 6764 
f 7221 8958 7220 
f 7220 5448 7221 
f 7217 8957 7221 
f 7221 5448 7217 
f 6777 8780 7217 
f 7217 5448 6777 
f 7220 8779 6777 
f 6777 5448 7220 
f 6848 8809 6846 
f 6846 5449 6848 
f 6844 8808 6848 
f 6848 5449 6844 
f 6768 8772 6844 
f 6844 5449 6768 
f 6846 7776 6768 
f 6768 5449 6846 
f 7215 8956 7214 
f 7214 5450 7215 
f 7211 8955 7215 
f 7215 5450 7211 
f 6779 8782 7211 
f 7211 5450 6779 
f 7214 8781 6779 
f 6779 5450 7214 
f 6840 7777 6772 
f 6772 5451 6840 
f 6842 8807 6840 
f 6840 5451 6842 
f 6838 8806 6842 
f 6842 5451 6838 
f 6772 8774 6838 
f 6838 5451 6772 
f 7316 8992 7315 
f 7315 5452 7316 
f 7312 8991 7316 
f 7316 5452 7312 
f 7241 7846 7312 
f 7312 5452 7241 
f 7315 8966 7241 
f 7241 5452 7315 
f 7313 8991 7312 
f 7312 5453 7313 
f 7309 8990 7313 
f 7313 5453 7309 
f 6636 8718 7309 
f 7309 5453 6636 
f 7312 7846 6636 
f 6636 5453 7312 
f 7235 8963 7388 
f 7388 5454 7235 
f 7391 7782 7235 
f 7235 5454 7391 
f 7393 9019 7391 
f 7391 5454 7393 
f 7388 9018 7393 
f 7393 5454 7388 
f 7383 8962 7232 
f 7232 5455 7383 
f 7384 9016 7383 
f 7383 5455 7384 
f 7381 9015 7384 
f 7384 5455 7381 
f 7232 7881 7381 
f 7381 5455 7232 
f 7405 9023 7404 
f 7404 5456 7405 
f 7400 9022 7405 
f 7405 5456 7400 
f 7375 9013 7400 
f 7400 5456 7375 
f 7404 8777 7375 
f 7375 5456 7404 
f 6775 8777 7404 
f 7404 5457 6775 
f 7407 8778 6775 
f 6775 5457 7407 
f 7408 9024 7407 
f 7407 5457 7408 
f 7404 9023 7408 
f 7408 5457 7404 
f 6776 8778 7407 
f 7407 5458 6776 
f 7410 8779 6776 
f 6776 5458 7410 
f 7411 9025 7410 
f 7410 5458 7411 
f 7407 9024 7411 
f 7411 5458 7407 
f 6777 8779 7410 
f 7410 5459 6777 
f 7413 8780 6777 
f 6777 5459 7413 
f 7414 9026 7413 
f 7413 5459 7414 
f 7410 9025 7414 
f 7414 5459 7410 
f 6778 8780 7413 
f 7413 5460 6778 
f 7416 8781 6778 
f 6778 5460 7416 
f 7417 9027 7416 
f 7416 5460 7417 
f 7413 9026 7417 
f 7417 5460 7413 
f 6779 8781 7416 
f 7416 5461 6779 
f 7419 8782 6779 
f 6779 5461 7419 
f 7420 9028 7419 
f 7419 5461 7420 
f 7416 9027 7420 
f 7420 5461 7416 
f 6780 8782 7419 
f 7419 5462 6780 
f 7422 8783 6780 
f 6780 5462 7422 
f 7423 9029 7422 
f 7422 5462 7423 
f 7419 9028 7423 
f 7423 5462 7419 
f 7422 9029 7426 
f 7426 5463 7422 
f 6781 8783 7422 
f 7422 5463 6781 
f 7425 8784 6781 
f 6781 5463 7425 
f 7426 9030 7425 
f 7425 5463 7426 
f 7429 9031 7428 
f 7428 5464 7429 
f 7425 9030 7429 
f 7429 5464 7425 
f 6782 8784 7425 
f 7425 5464 6782 
f 7428 8785 6782 
f 6782 5464 7428 
f 7431 9032 7430 
f 7430 5465 7431 
f 6791 8788 7431 
f 7431 5465 6791 
f 977 2863 6791 
f 6791 5465 977 
f 7430 2876 977 
f 977 5465 7430 
f 6785 8786 6784 
f 6784 5466 6785 
f 6724 8754 6785 
f 6785 5466 6724 
f 6722 8755 6724 
f 6724 5466 6722 
f 6784 7841 6722 
f 6722 5466 6784 
f 6783 8786 6785 
f 6785 5467 6783 
f 6717 7760 6783 
f 6783 5467 6717 
f 6721 8753 6717 
f 6717 5467 6721 
f 6785 8754 6721 
f 6721 5467 6785 
f 6787 7851 5831 
f 5831 5468 6787 
f 6787 5468 6788 
f 6784 8786 6788 
f 6788 5468 6784 
f 5831 7841 6784 
f 6784 5468 5831 
f 7345 7770 5818 
f 5818 5469 7345 
f 7347 9002 7345 
f 7345 5469 7347 
f 7342 9001 7347 
f 7347 5469 7342 
f 5818 7841 7342 
f 7342 5469 5818 
f 7203 8952 7202 
f 7202 5470 7203 
f 7200 8951 7203 
f 7203 5470 7200 
f 6792 8788 7200 
f 7200 5470 6792 
f 7202 8785 6792 
f 6792 5470 7202 
f 7428 9031 7433 
f 7433 5471 7428 
f 6792 8785 7428 
f 7428 5471 6792 
f 7431 8788 6792 
f 6792 5471 7431 
f 7433 9032 7431 
f 7431 5471 7433 
f 6829 7867 6796 
f 6796 5472 6829 
f 6830 8803 6829 
f 6829 5472 6830 
f 6827 8802 6830 
f 6830 5472 6827 
f 6796 8790 6827 
f 6827 5472 6796 
f 7208 8783 6781 
f 6781 5473 7208 
f 7209 8954 7208 
f 7208 5473 7209 
f 7204 8953 7209 
f 7209 5473 7204 
f 6781 8784 7204 
f 7204 5473 6781 
f 7206 8953 7204 
f 7204 5474 7206 
f 7202 8952 7206 
f 7206 5474 7202 
f 6782 8785 7202 
f 7202 5474 6782 
f 7204 8784 6782 
f 6782 5474 7204 
f 7342 7841 5831 
f 5831 5475 7342 
f 7343 9001 7342 
f 7342 5475 7343 
f 7338 9000 7343 
f 7343 5475 7338 
f 5831 7851 7338 
f 7338 5475 5831 
f 6800 7905 5883 
f 5883 5476 6800 
f 6804 8792 6800 
f 6800 5476 6804 
f 6803 8793 6804 
f 6804 5476 6803 
f 5883 7746 6803 
f 6803 5476 5883 
f 6957 7863 6806 
f 6806 5477 6957 
f 6958 8848 6957 
f 6957 5477 6958 
f 6954 8847 6958 
f 6958 5477 6954 
f 6806 8794 6954 
f 6954 5477 6806 
f 6875 8819 6879 
f 6879 5478 6875 
f 6806 7863 6875 
f 6875 5478 6806 
f 6878 8794 6806 
f 6806 5478 6878 
f 6879 8820 6878 
f 6878 5478 6879 
f 6203 8008 6061 
f 6061 5479 6203 
f 6809 8106 6203 
f 6203 5479 6809 
f 6808 8795 6809 
f 6809 5479 6808 
f 6061 7906 6808 
f 6808 5479 6061 
f 6808 7906 5884 
f 5884 5480 6808 
f 6812 8795 6808 
f 6808 5480 6812 
f 6811 8796 6812 
f 6812 5480 6811 
f 5884 7773 6811 
f 6811 5480 5884 
f 6960 8849 6964 
f 6964 5481 6960 
f 6814 8797 6960 
f 6960 5481 6814 
f 6963 7864 6814 
f 6814 5481 6963 
f 6964 8850 6963 
f 6963 5481 6964 
f 6872 8797 6814 
f 6814 5482 6872 
f 6873 8818 6872 
f 6872 5482 6873 
f 6869 8817 6873 
f 6873 5482 6869 
f 6814 7864 6869 
f 6869 5482 6814 
f 6887 7861 6815 
f 6815 5483 6887 
f 6888 8823 6887 
f 6887 5483 6888 
f 6884 8822 6888 
f 6888 5483 6884 
f 6815 8798 6884 
f 6884 5483 6815 
f 6946 8844 6949 
f 6949 5484 6946 
f 6815 7861 6946 
f 6946 5484 6815 
f 6947 8798 6815 
f 6815 5484 6947 
f 6949 8845 6947 
f 6947 5484 6949 
f 5881 7903 6819 
f 6819 5485 5881 
f 6817 7741 5881 
f 5881 5485 6817 
f 6821 8799 6817 
f 6817 5485 6821 
f 6819 8800 6821 
f 6821 5485 6819 
f 6054 8005 6822 
f 6822 5486 6054 
f 6819 7903 6054 
f 6054 5486 6819 
f 6824 8800 6819 
f 6819 5486 6824 
f 6822 8801 6824 
f 6824 5486 6822 
f 6207 8108 6209 
f 6209 5487 6207 
f 6095 8036 6207 
f 6207 5487 6095 
f 6205 7898 6095 
f 6095 5487 6205 
f 6209 8107 6205 
f 6205 5487 6209 
f 6826 8802 6825 
f 6825 5488 6826 
f 6793 8789 6826 
f 6826 5488 6793 
f 952 2786 6793 
f 6793 5488 952 
f 6825 2864 952 
f 952 5488 6825 
f 6794 7866 6828 
f 6828 5489 6794 
f 6826 8789 6794 
f 6794 5489 6826 
f 6830 8802 6826 
f 6826 5489 6830 
f 6828 8803 6830 
f 6830 5489 6828 
f 5844 7836 6831 
f 6831 5490 5844 
f 6828 7866 5844 
f 5844 5490 6828 
f 6833 8803 6828 
f 6828 5490 6833 
f 6831 8804 6833 
f 6833 5490 6831 
f 5809 7791 6835 
f 6835 5491 5809 
f 6831 7836 5809 
f 5809 5491 6831 
f 6836 8804 6831 
f 6831 5491 6836 
f 6835 8805 6836 
f 6836 5491 6835 
f 6770 8773 6837 
f 6837 5492 6770 
f 6835 7791 6770 
f 6770 5492 6835 
f 6839 8805 6835 
f 6835 5492 6839 
f 6837 8806 6839 
f 6839 5492 6837 
f 6771 7792 6841 
f 6841 5493 6771 
f 6837 8773 6771 
f 6771 5493 6837 
f 6842 8806 6837 
f 6837 5493 6842 
f 6841 8807 6842 
f 6842 5493 6841 
f 6766 8771 6843 
f 6843 5494 6766 
f 6841 7792 6766 
f 6766 5494 6841 
f 6845 8807 6841 
f 6841 5494 6845 
f 6843 8808 6845 
f 6845 5494 6843 
f 6767 7793 6847 
f 6847 5495 6767 
f 6843 8771 6767 
f 6767 5495 6843 
f 6848 8808 6843 
f 6843 5495 6848 
f 6847 8809 6848 
f 6848 5495 6847 
f 6762 8769 6849 
f 6849 5496 6762 
f 6847 7793 6762 
f 6762 5496 6847 
f 6851 8809 6847 
f 6847 5496 6851 
f 6849 8810 6851 
f 6851 5496 6849 
f 6763 7794 6853 
f 6853 5497 6763 
f 6849 8769 6763 
f 6763 5497 6849 
f 6854 8810 6849 
f 6849 5497 6854 
f 6853 8811 6854 
f 6854 5497 6853 
f 7377 9014 7474 
f 7474 5498 7377 
f 6853 7794 7377 
f 7377 5498 6853 
f 7472 8811 6853 
f 6853 5498 7472 
f 7474 9045 7472 
f 7472 5498 7474 
f 5861 7797 6857 
f 6857 5499 5861 
f 6856 7879 5861 
f 5861 5499 6856 
f 6859 8812 6856 
f 6856 5499 6859 
f 6857 8813 6859 
f 6859 5499 6857 
f 5790 7795 6862 
f 6862 5500 5790 
f 6857 7797 5790 
f 5790 5500 6857 
f 6863 8813 6857 
f 6857 5500 6863 
f 6862 8814 6863 
f 6863 5500 6862 
f 955 2865 6860 
f 6860 5501 955 
f 5787 2787 955 
f 955 5501 5787 
f 6862 7795 5787 
f 5787 5501 6862 
f 6860 8814 6862 
f 6862 5501 6860 
f 6865 8816 6867 
f 6867 5502 6865 
f 5845 7837 6865 
f 6865 5502 5845 
f 6864 7867 5845 
f 5845 5502 6864 
f 6867 8815 6864 
f 6864 5502 6867 
f 5810 7778 6868 
f 6868 5503 5810 
f 6865 7837 5810 
f 5810 5503 6865 
f 6870 8816 6865 
f 6865 5503 6870 
f 6868 8817 6870 
f 6870 5503 6868 
f 6773 8774 6871 
f 6871 5504 6773 
f 6868 7778 6773 
f 6773 5504 6868 
f 6873 8817 6868 
f 6868 5504 6873 
f 6871 8818 6873 
f 6873 5504 6871 
f 6772 7777 6874 
f 6874 5505 6772 
f 6871 8774 6772 
f 6772 5505 6871 
f 6876 8818 6871 
f 6871 5505 6876 
f 6874 8819 6876 
f 6876 5505 6874 
f 6874 7777 6769 
f 6769 5506 6874 
f 6879 8819 6874 
f 6874 5506 6879 
f 6877 8820 6879 
f 6879 5506 6877 
f 6769 8772 6877 
f 6877 5506 6769 
f 6768 7776 6880 
f 6880 5507 6768 
f 6877 8772 6768 
f 6768 5507 6877 
f 6882 8820 6877 
f 6877 5507 6882 
f 6880 8821 6882 
f 6882 5507 6880 
f 6765 8770 6883 
f 6883 5508 6765 
f 6880 7776 6765 
f 6765 5508 6880 
f 6885 8821 6880 
f 6880 5508 6885 
f 6883 8822 6885 
f 6885 5508 6883 
f 6764 7775 6886 
f 6886 5509 6764 
f 6883 8770 6764 
f 6764 5509 6883 
f 6888 8822 6883 
f 6883 5509 6888 
f 6886 8823 6888 
f 6888 5509 6886 
f 6886 7775 7475 
f 7475 5510 6886 
f 7478 8823 6886 
f 6886 5510 7478 
f 7480 9047 7478 
f 7478 5510 7480 
f 7475 9046 7480 
f 7480 5510 7475 
f 5860 7798 6891 
f 6891 5511 5860 
f 6890 7878 5860 
f 5860 5511 6890 
f 6893 8824 6890 
f 6890 5511 6893 
f 6891 8825 6893 
f 6893 5511 6891 
f 5791 7780 6895 
f 6895 5512 5791 
f 6891 7798 5791 
f 5791 5512 6891 
f 6897 8825 6891 
f 6891 5512 6897 
f 6895 8826 6897 
f 6897 5512 6895 
f 956 2866 6894 
f 6894 5513 956 
f 5781 2782 956 
f 956 5513 5781 
f 6895 7780 5781 
f 5781 5513 6895 
f 6894 8826 6895 
f 6895 5513 6894 
f 6864 8815 6904 
f 6904 5514 6864 
f 6796 7867 6864 
f 6864 5514 6796 
f 6903 8790 6796 
f 6796 5514 6903 
f 6904 8830 6903 
f 6903 5514 6904 
f 6916 8834 6968 
f 6968 5515 6916 
f 6972 8827 6916 
f 6916 5515 6972 
f 6974 8853 6972 
f 6972 5515 6974 
f 6968 8852 6974 
f 6974 5515 6968 
f 6921 8836 6919 
f 6919 5516 6921 
f 6918 8835 6921 
f 6921 5516 6918 
f 6901 8828 6918 
f 6918 5516 6901 
f 6919 8829 6901 
f 6901 5516 6919 
f 6915 8834 6916 
f 6916 5517 6915 
f 6904 8815 6915 
f 6915 5517 6904 
f 6905 8830 6904 
f 6904 5517 6905 
f 6916 8827 6905 
f 6905 5517 6916 
f 6905 8827 6898 
f 6898 5518 6905 
f 6902 8830 6905 
f 6905 5518 6902 
f 958 2867 6902 
f 6902 5518 958 
f 6898 2776 958 
f 958 5518 6898 
f 6907 8831 6908 
f 6908 5519 6907 
f 5872 7892 6907 
f 6907 5519 5872 
f 6224 7897 5872 
f 5872 5519 6224 
f 6908 8114 6224 
f 6224 5519 6908 
f 6914 7865 6965 
f 6965 5520 6914 
f 6968 8834 6914 
f 6914 5520 6968 
f 6970 8852 6968 
f 6968 5520 6970 
f 6965 8851 6970 
f 6970 5520 6965 
f 6911 8833 6920 
f 6920 5521 6911 
f 6917 7868 6911 
f 6911 5521 6917 
f 6921 8835 6917 
f 6917 5521 6921 
f 6920 8836 6921 
f 6921 5521 6920 
f 6913 8832 6923 
f 6923 5522 6913 
f 6920 8833 6913 
f 6913 5522 6920 
f 6924 8836 6920 
f 6920 5522 6924 
f 6923 8837 6924 
f 6924 5522 6923 
f 6910 8831 6907 
f 6907 5523 6910 
f 6923 8832 6910 
f 6910 5523 6923 
f 6922 8837 6923 
f 6923 5523 6922 
f 6907 7892 6922 
f 6922 5523 6907 
f 6927 8829 6919 
f 6919 5524 6927 
f 6928 8838 6927 
f 6927 5524 6928 
f 6924 8837 6928 
f 6928 5524 6924 
f 6919 8836 6924 
f 6924 5524 6919 
f 6925 8838 6928 
f 6928 5525 6925 
f 5867 7891 6925 
f 6925 5525 5867 
f 6922 7892 5867 
f 5867 5525 6922 
f 6928 8837 6922 
f 6922 5525 6928 
f 6206 7914 5897 
f 5897 5526 6206 
f 6932 8107 6206 
f 6206 5526 6932 
f 6930 8839 6932 
f 6932 5526 6930 
f 5897 7913 6930 
f 6930 5526 5897 
f 6930 7913 6041 
f 6041 5527 6930 
f 6931 8839 6930 
f 6930 5527 6931 
f 6042 7999 6931 
f 6931 5527 6042 
f 6041 8000 6042 
f 6042 5527 6041 
f 6053 7886 6934 
f 6934 5528 6053 
f 6822 8005 6053 
f 6053 5528 6822 
f 6935 8801 6822 
f 6822 5528 6935 
f 6934 8840 6935 
f 6935 5528 6934 
f 6938 8841 6936 
f 6936 5529 6938 
f 5850 7872 6938 
f 6938 5529 5850 
f 961 2794 5850 
f 5850 5529 961 
f 6936 2868 961 
f 961 5529 6936 
f 6941 8841 6938 
f 6938 5530 6941 
f 6939 8842 6941 
f 6941 5530 6939 
f 5852 7800 6939 
f 6939 5530 5852 
f 6938 7872 5852 
f 5852 5530 6938 
f 6944 8842 6939 
f 6939 5531 6944 
f 6942 8843 6944 
f 6944 5531 6942 
f 5857 7876 6942 
f 6942 5531 5857 
f 6939 7800 5857 
f 5857 5531 6939 
f 7487 7741 6945 
f 6945 5532 7487 
f 7489 9050 7487 
f 7487 5532 7489 
f 7485 9049 7489 
f 7489 5532 7485 
f 6945 8844 7485 
f 7485 5532 6945 
f 6945 7741 6817 
f 6817 5533 6945 
f 6949 8844 6945 
f 6945 5533 6949 
f 6948 8845 6949 
f 6949 5533 6948 
f 6817 8799 6948 
f 6948 5533 6817 
f 6948 8799 6818 
f 6818 5534 6948 
f 6952 8845 6948 
f 6948 5534 6952 
f 6950 8846 6952 
f 6952 5534 6950 
f 6818 7742 6950 
f 6950 5534 6818 
f 6955 8846 6950 
f 6950 5535 6955 
f 6953 8847 6955 
f 6955 5535 6953 
f 6802 8793 6953 
f 6953 5535 6802 
f 6950 7742 6802 
f 6802 5535 6950 
f 6803 7746 6956 
f 6956 5536 6803 
f 6953 8793 6803 
f 6803 5536 6953 
f 6958 8847 6953 
f 6953 5536 6958 
f 6956 8848 6958 
f 6958 5536 6956 
f 6956 7746 6810 
f 6810 5537 6956 
f 6961 8848 6956 
f 6956 5537 6961 
f 6959 8849 6961 
f 6961 5537 6959 
f 6810 8796 6959 
f 6959 5537 6810 
f 6959 8796 6811 
f 6811 5538 6959 
f 6964 8849 6959 
f 6959 5538 6964 
f 6962 8850 6964 
f 6964 5538 6962 
f 6811 7773 6962 
f 6962 5538 6811 
f 6967 8850 6962 
f 6962 5539 6967 
f 6966 8851 6967 
f 6967 5539 6966 
f 5846 7868 6966 
f 6966 5539 5846 
f 6962 7773 5846 
f 5846 5539 6962 
f 6970 8851 6966 
f 6966 5540 6970 
f 6969 8852 6970 
f 6970 5540 6969 
f 6917 8835 6969 
f 6969 5540 6917 
f 6966 7868 6917 
f 6917 5540 6966 
f 6974 8852 6969 
f 6969 5541 6974 
f 6973 8853 6974 
f 6974 5541 6973 
f 6918 8828 6973 
f 6973 5541 6918 
f 6969 8835 6918 
f 6918 5541 6969 
f 6971 8853 6973 
f 6973 5542 6971 
f 5779 2869 6971 
f 6971 5542 5779 
f 6899 7779 5779 
f 5779 5542 6899 
f 6973 8828 6899 
f 6899 5542 6973 
f 5779 7779 5780 
f 5780 5543 5779 
f 963 2869 5779 
f 5779 5543 963 
f 5758 2797 963 
f 963 5543 5758 
f 5780 7545 5758 
f 5758 5543 5780 
f 5878 7888 6267 
f 6267 5544 5878 
f 6260 7901 5878 
f 5878 5544 6260 
f 6269 8128 6260 
f 6260 5544 6269 
f 6267 8131 6269 
f 6269 5544 6267 
f 5868 7893 6975 
f 6975 5545 5868 
f 6934 7886 5868 
f 5868 5545 6934 
f 6977 8840 6934 
f 6934 5545 6977 
f 6975 8854 6977 
f 6977 5545 6975 
f 6090 8031 6978 
f 6978 5546 6090 
f 6975 7893 6090 
f 6090 5546 6975 
f 6980 8854 6975 
f 6975 5546 6980 
f 6978 8855 6980 
f 6980 5546 6978 
f 6105 8042 6981 
f 6981 5547 6105 
f 6978 8031 6105 
f 6105 5547 6978 
f 6983 8855 6978 
f 6978 5547 6983 
f 6981 8856 6983 
f 6983 5547 6981 
f 7136 8917 7140 
f 7140 5548 7136 
f 6982 8856 7136 
f 7136 5548 6982 
f 7138 8043 6982 
f 6982 5548 7138 
f 7140 8918 7138 
f 7138 5548 7140 
f 6188 8043 7138 
f 7138 5549 6188 
f 7141 8101 6188 
f 6188 5549 7141 
f 7143 8919 7141 
f 7141 5549 7143 
f 7138 8918 7143 
f 7143 5549 7138 
f 6120 8021 6986 
f 6986 5550 6120 
f 6984 8054 6120 
f 6120 5550 6984 
f 6988 8857 6984 
f 6984 5550 6988 
f 6986 8858 6988 
f 6988 5550 6986 
f 6077 8010 6989 
f 6989 5551 6077 
f 6986 8021 6077 
f 6077 5551 6986 
f 6991 8858 6986 
f 6986 5551 6991 
f 6989 8859 6991 
f 6991 5551 6989 
f 6063 7752 6993 
f 6993 5552 6063 
f 6989 8010 6063 
f 6063 5552 6989 
f 6994 8859 6989 
f 6989 5552 6994 
f 6993 8860 6994 
f 6994 5552 6993 
f 6139 8076 6995 
f 6995 5553 6139 
f 6993 7752 6139 
f 6139 5553 6993 
f 6997 8860 6993 
f 6993 5553 6997 
f 6995 8861 6997 
f 6997 5553 6995 
f 6231 8056 6122 
f 6122 5554 6231 
f 7000 8117 6231 
f 6231 5554 7000 
f 6998 8862 7000 
f 7000 5554 6998 
f 6122 8023 6998 
f 6998 5554 6122 
f 6081 8014 6215 
f 6215 5555 6081 
f 7002 8025 6081 
f 6081 5555 7002 
f 7005 8863 7002 
f 7002 5555 7005 
f 6215 8111 7005 
f 7005 5555 6215 
f 6121 8022 7008 
f 7008 5556 6121 
f 7006 8055 6121 
f 6121 5556 7006 
f 7010 8864 7006 
f 7006 5556 7010 
f 7008 8865 7010 
f 7010 5556 7008 
f 6078 8011 7011 
f 7011 5557 6078 
f 7008 8022 6078 
f 6078 5557 7008 
f 7013 8865 7008 
f 7008 5557 7013 
f 7011 8866 7013 
f 7013 5557 7011 
f 6064 7751 7014 
f 7014 5558 6064 
f 7011 8011 6064 
f 6064 5558 7011 
f 7016 8866 7011 
f 7011 5558 7016 
f 7014 8867 7016 
f 7016 5558 7014 
f 6141 8077 7017 
f 7017 5559 6141 
f 7014 7751 6141 
f 6141 5559 7014 
f 7019 8867 7014 
f 7014 5559 7019 
f 7017 8868 7019 
f 7019 5559 7017 
f 6131 8029 7022 
f 7022 5560 6131 
f 7020 8062 6131 
f 6131 5560 7020 
f 7023 8869 7020 
f 7020 5560 7023 
f 7022 8870 7023 
f 7023 5560 7022 
f 6088 8018 7024 
f 7024 5561 6088 
f 7022 8029 6088 
f 6088 5561 7022 
f 7026 8870 7022 
f 7022 5561 7026 
f 7024 8871 7026 
f 7026 5561 7024 
f 6074 7771 7027 
f 7027 5562 6074 
f 7024 8018 6074 
f 6074 5562 7024 
f 7029 8871 7024 
f 7024 5562 7029 
f 7027 8872 7029 
f 7029 5562 7027 
f 6158 8084 7031 
f 7031 5563 6158 
f 7027 7771 6158 
f 6158 5563 7027 
f 7033 8872 7027 
f 7027 5563 7033 
f 7031 8873 7033 
f 7033 5563 7031 
f 6264 8050 7171 
f 7171 5564 6264 
f 7174 8130 6264 
f 6264 5564 7174 
f 7176 8930 7174 
f 7174 5564 7176 
f 7171 8929 7176 
f 7176 5564 7171 
f 6129 8028 7036 
f 7036 5565 6129 
f 7034 8061 6129 
f 6129 5565 7034 
f 7038 8874 7034 
f 7034 5565 7038 
f 7036 8875 7038 
f 7038 5565 7036 
f 6086 8017 7039 
f 7039 5566 6086 
f 7036 8028 6086 
f 6086 5566 7036 
f 7041 8875 7036 
f 7036 5566 7041 
f 7039 8876 7041 
f 7041 5566 7039 
f 6072 7772 7043 
f 7043 5567 6072 
f 7039 8017 6072 
f 6072 5567 7039 
f 7044 8876 7039 
f 7039 5567 7044 
f 7043 8877 7044 
f 7044 5567 7043 
f 6155 8083 7045 
f 7045 5568 6155 
f 7043 7772 6155 
f 6155 5568 7043 
f 7047 8877 7043 
f 7043 5568 7047 
f 7045 8878 7047 
f 7047 5568 7045 
f 6062 8009 6076 
f 6076 5569 6062 
f 5849 7750 6062 
f 6062 5569 5849 
f 6075 7871 5849 
f 5849 5569 6075 
f 6076 8019 6075 
f 6075 5569 6076 
f 6137 8075 7051 
f 7051 5570 6137 
f 7048 7750 6137 
f 6137 5570 7048 
f 7053 8879 7048 
f 7048 5570 7053 
f 7051 8880 7053 
f 7053 5570 7051 
f 6981 8042 7186 
f 7186 5571 6981 
f 7136 8856 6981 
f 6981 5571 7136 
f 7188 8917 7136 
f 7136 5571 7188 
f 7186 8934 7188 
f 7188 5571 7186 
f 7058 8737 6692 
f 6692 5572 7058 
f 7061 8882 7058 
f 7058 5572 7061 
f 7060 8883 7061 
f 7061 5572 7060 
f 6692 8740 7060 
f 7060 5572 6692 
f 6691 7813 5801 
f 5801 5573 6691 
f 7060 8740 6691 
f 6691 5573 7060 
f 7059 8883 7060 
f 7060 5573 7059 
f 5801 7764 7059 
f 7059 5573 5801 
f 7062 5574 7063 
f 7057 8882 7063 
f 7063 5574 7057 
f 5771 7765 7057 
f 7057 5574 5771 
f 7062 7754 5771 
f 5771 5574 7062 
f 5770 7734 7064 
f 7064 5575 5770 
f 7059 7764 5770 
f 5770 5575 7059 
f 7065 8883 7059 
f 7059 5575 7065 
f 7065 5575 7064 
f 7061 8883 7065 
f 7065 5576 7061 
f 7063 8882 7061 
f 7061 5576 7063 
f 7063 5576 7066 
f 7066 5576 7065 
f 6159 8071 6136 
f 6136 5577 6159 
f 7031 8084 6159 
f 6159 5577 7031 
f 7030 8873 7031 
f 7031 5577 7030 
f 6136 8072 7030 
f 7030 5577 6136 
f 7032 8873 7030 
f 7030 5578 7032 
f 7069 8085 7032 
f 7032 5578 7069 
f 7067 8884 7069 
f 7069 5578 7067 
f 7030 8072 7067 
f 7067 5578 7030 
f 6175 8096 7071 
f 7071 5579 6175 
f 7067 8072 6175 
f 6175 5579 7067 
f 7072 8884 7067 
f 7067 5579 7072 
f 7071 8885 7072 
f 7072 5579 7071 
f 6485 8662 8886 
f 8886 5580 6485 
f 7071 8096 6485 
f 6485 5580 7071 
f 7073 8885 7071 
f 7071 5580 7073 
f 5580 8886 7073 
f 6138 8073 7074 
f 7074 5581 6138 
f 7051 8075 6138 
f 6138 5581 7051 
f 7076 8880 7051 
f 7051 5581 7076 
f 7074 8887 7076 
f 7076 5581 7074 
f 6162 8086 7077 
f 7077 5582 6162 
f 7074 8073 6162 
f 6162 5582 7074 
f 7079 8887 7074 
f 7074 5582 7079 
f 7077 8888 7079 
f 7079 5582 7077 
f 6475 8652 8889 
f 8889 5583 6475 
f 7077 8086 6475 
f 6475 5583 7077 
f 7080 8888 7077 
f 7077 5583 7080 
f 5583 8889 7080 
f 8652 7705 8890 
f 8890 8889 8652 
f 8662 7698 8891 
f 8891 8886 8662 
f 6140 8074 7082 
f 7082 5584 6140 
f 6995 8076 6140 
f 6140 5584 6995 
f 7083 8861 6995 
f 6995 5584 7083 
f 7082 8892 7083 
f 7083 5584 7082 
f 6163 8087 7084 
f 7084 5585 6163 
f 7082 8074 6163 
f 6163 5585 7082 
f 7086 8892 7082 
f 7082 5585 7086 
f 7084 8893 7086 
f 7086 5585 7084 
f 6476 8653 8894 
f 8894 5586 6476 
f 7084 8087 6476 
f 6476 5586 7084 
f 7087 8893 7084 
f 7084 5586 7087 
f 5586 8894 7087 
f 8653 7700 8895 
f 8895 8894 8653 
f 8896 7703 8655 
f 8655 8897 8896 
f 5587 8655 6478 
f 7090 8897 8655 
f 8655 5587 7090 
f 7089 8898 7090 
f 7090 5587 7089 
f 6478 8089 7089 
f 7089 5587 6478 
f 7089 8089 6165 
f 6165 5588 7089 
f 7094 8898 7089 
f 7089 5588 7094 
f 7092 8899 7094 
f 7094 5588 7092 
f 6165 8065 7092 
f 7092 5588 6165 
f 7092 8065 6144 
f 6144 5589 7092 
f 7093 8899 7092 
f 7092 5589 7093 
f 7018 8868 7093 
f 7093 5589 7018 
f 6144 8078 7018 
f 7018 5589 6144 
f 7704 8659 8658 
f 8658 7702 7704 
f 6156 8070 7095 
f 7095 5590 6156 
f 7045 8083 6156 
f 6156 5590 7045 
f 7097 8878 7045 
f 7045 5590 7097 
f 7095 8900 7097 
f 7097 5590 7095 
f 6172 8094 7098 
f 7098 5591 6172 
f 7095 8070 6172 
f 6172 5591 7095 
f 7100 8900 7095 
f 7095 5591 7100 
f 7098 8901 7100 
f 7100 5591 7098 
f 6483 8660 8902 
f 8902 5592 6483 
f 7098 8094 6483 
f 6483 5592 7098 
f 7101 8901 7098 
f 7098 5592 7101 
f 5592 8902 7101 
f 8903 8660 8659 
f 8659 7704 8903 
f 7699 8902 8660 
f 8660 8903 7699 
f 7698 8662 8661 
f 8661 8904 7698 
f 6241 8065 6165 
f 6165 5593 6241 
f 7104 8121 6241 
f 6241 5593 7104 
f 7102 8905 7104 
f 7104 5593 7102 
f 6165 8089 7102 
f 7102 5593 6165 
f 6478 8655 8906 
f 8906 5594 6478 
f 7102 8089 6478 
f 6478 5594 7102 
f 7105 8905 7102 
f 7102 5594 7105 
f 5594 8906 7105 
f 8655 7703 7697 
f 7697 8906 8655 
f 6480 8657 8908 
f 8908 5595 6480 
f 7106 8091 6480 
f 6480 5595 7106 
f 7109 8907 7106 
f 7106 5595 7109 
f 5595 8908 7109 
f 7702 8658 8908 
f 8908 8910 7702 
f 8657 8656 8909 
f 8909 7696 8657 
f 8656 8906 7697 
f 7697 8909 8656 
f 8910 8908 8657 
f 8657 7696 8910 
f 7113 8912 7126 
f 7126 5596 7113 
f 7023 8870 7113 
f 7113 5596 7023 
f 7124 8869 7023 
f 7023 5596 7124 
f 7124 5596 7126 
f 7025 8019 7114 
f 7114 5597 7025 
f 7127 8871 7025 
f 7025 5597 7127 
f 7127 5597 7129 
f 7114 8913 7129 
f 7129 5597 7114 
f 7118 8913 7114 
f 7114 5598 7118 
f 7116 8914 7118 
f 7118 5598 7116 
f 6076 8009 7116 
f 7116 5598 6076 
f 7114 8019 6076 
f 6076 5598 7114 
f 7130 5599 7132 
f 7120 8915 7132 
f 7132 5599 7120 
f 6250 8124 7120 
f 7120 5599 6250 
f 7130 8123 6250 
f 6250 5599 7130 
f 7133 8881 7054 
f 7054 5600 7133 
f 7133 5600 7135 
f 7122 8916 7135 
f 7135 5600 7122 
f 7054 8053 7122 
f 7122 5600 7054 
f 6132 8063 7111 
f 7111 5601 6132 
f 7122 8053 6132 
f 6132 5601 7122 
f 7123 8916 7122 
f 7122 5601 7123 
f 7111 8911 7123 
f 7123 5601 7111 
f 7125 8911 7111 
f 7111 5602 7125 
f 7125 5602 7124 
f 7021 8869 7124 
f 7124 5602 7021 
f 7111 8063 7021 
f 7021 5602 7111 
f 7026 8871 7127 
f 7127 5603 7026 
f 7113 8870 7026 
f 7026 5603 7113 
f 7128 8912 7113 
f 7113 5603 7128 
f 7128 5603 7127 
f 7116 8009 6247 
f 6247 5604 7116 
f 7131 8914 7116 
f 7116 5604 7131 
f 7131 5604 7130 
f 6247 8123 7130 
f 7130 5604 6247 
f 7120 8124 7056 
f 7056 5605 7120 
f 7134 8915 7120 
f 7120 5605 7134 
f 7134 5605 7133 
f 7056 8881 7133 
f 7133 5605 7056 
f 7137 8881 7055 
f 7055 5606 7137 
f 7140 8917 7137 
f 7137 5606 7140 
f 7139 8918 7140 
f 7140 5606 7139 
f 7055 8054 7139 
f 7139 5606 7055 
f 7143 8918 7139 
f 7139 5607 7143 
f 7142 8919 7143 
f 7143 5607 7142 
f 6984 8857 7142 
f 7142 5607 6984 
f 7139 8054 6984 
f 6984 5607 7139 
f 7142 8857 6985 
f 6985 5608 7142 
f 7146 8919 7142 
f 7142 5608 7146 
f 7145 8920 7146 
f 7146 5608 7145 
f 6985 8055 7145 
f 7145 5608 6985 
f 7006 8864 7148 
f 7148 5609 7006 
f 7145 8055 7006 
f 7006 5609 7145 
f 7149 8920 7145 
f 7145 5609 7149 
f 7148 8921 7149 
f 7149 5609 7148 
f 7148 8864 7007 
f 7007 5610 7148 
f 7152 8921 7148 
f 7148 5610 7152 
f 7151 8922 7152 
f 7152 5610 7151 
f 7007 8056 7151 
f 7151 5610 7007 
f 7151 8056 6231 
f 6231 5611 7151 
f 7155 8922 7151 
f 7151 5611 7155 
f 7154 8923 7155 
f 7155 5611 7154 
f 6231 8117 7154 
f 7154 5611 6231 
f 6232 8057 7157 
f 7157 5612 6232 
f 7154 8117 6232 
f 6232 5612 7154 
f 7158 8923 7154 
f 7154 5612 7158 
f 7157 8924 7158 
f 7158 5612 7157 
f 6125 8058 7160 
f 7160 5613 6125 
f 7157 8057 6125 
f 6125 5613 7157 
f 7161 8924 7157 
f 7157 5613 7161 
f 7160 8925 7161 
f 7161 5613 7160 
f 7160 8058 6213 
f 6213 5614 7160 
f 7164 8925 7160 
f 7160 5614 7164 
f 7163 8926 7164 
f 7164 5614 7163 
f 6213 8110 7163 
f 7163 5614 6213 
f 6214 8059 7166 
f 7166 5615 6214 
f 7163 8110 6214 
f 6214 5615 7163 
f 7167 8926 7163 
f 7163 5615 7167 
f 7166 8927 7167 
f 7167 5615 7166 
f 6128 8060 7169 
f 7169 5616 6128 
f 7166 8059 6128 
f 6128 5616 7166 
f 7170 8927 7166 
f 7166 5616 7170 
f 7169 8928 7170 
f 7170 5616 7169 
f 6130 8061 7172 
f 7172 5617 6130 
f 7169 8060 6130 
f 6130 5617 7169 
f 7173 8928 7169 
f 7169 5617 7173 
f 7172 8929 7173 
f 7173 5617 7172 
f 7176 8929 7172 
f 7172 5618 7176 
f 7175 8930 7176 
f 7176 5618 7175 
f 7034 8874 7175 
f 7175 5618 7034 
f 7172 8061 7034 
f 7034 5618 7172 
f 7035 8062 7178 
f 7178 5619 7035 
f 7175 8874 7035 
f 7035 5619 7175 
f 7179 8930 7175 
f 7175 5619 7179 
f 7178 8931 7179 
f 7179 5619 7178 
f 7020 8869 7181 
f 7181 5620 7020 
f 7178 8062 7020 
f 7020 5620 7178 
f 7182 8931 7178 
f 7178 5620 7182 
f 7181 8932 7182 
f 7182 5620 7181 
f 7181 8869 7021 
f 7021 5621 7181 
f 7185 8932 7181 
f 7181 5621 7185 
f 7184 8933 7185 
f 7185 5621 7184 
f 7021 8063 7184 
f 7184 5621 7021 
f 6132 8053 7187 
f 7187 5622 6132 
f 7184 8063 6132 
f 6132 5622 7184 
f 7189 8933 7184 
f 7184 5622 7189 
f 7187 8934 7189 
f 7189 5622 7187 
f 7187 8053 7054 
f 7054 5623 7187 
f 7188 8934 7187 
f 7187 5623 7188 
f 7137 8917 7188 
f 7188 5623 7137 
f 7054 8881 7137 
f 7137 5623 7054 
f 7711 7712 8936 
f 5624 8650 6474 
f 5624 8940 8650 
f 7190 8938 8940 
f 8940 5624 7190 
f 6474 8651 7190 
f 7190 5624 6474 
f 8941 8635 8633 
f 8633 8935 8941 
f 8935 8633 7711 
f 8936 7712 7713 
f 7713 8939 8936 
f 8937 8632 8650 
f 8650 8940 8937 
f 7190 8651 6473 
f 6473 5625 7190 
f 5625 8938 7190 
f 5625 8941 8938 
f 6473 8635 8941 
f 8941 5625 6473 
f 7193 8570 6334 
f 6334 5626 7193 
f 7191 8942 7193 
f 7193 5626 7191 
f 936 2785 7191 
f 7191 5626 936 
f 6334 2851 936 
f 936 5626 6334 
f 7530 8943 7194 
f 7194 5627 7530 
f 7529 9065 7530 
f 7530 5627 7529 
f 947 2859 7529 
f 7529 5627 947 
f 7194 2777 947 
f 947 5627 7194 
f 943 2774 7502 
f 7502 5628 943 
f 7505 2857 943 
f 943 5628 7505 
f 7506 9056 7505 
f 7505 5628 7506 
f 7502 9055 7506 
f 7506 5628 7502 
f 7500 2874 973 
f 973 5629 7500 
f 7501 9054 7500 
f 7500 5629 7501 
f 7196 8944 7501 
f 7501 5629 7196 
f 973 2856 7196 
f 7196 5629 973 
f 7196 2856 942 
f 942 5630 7196 
f 7197 8944 7196 
f 7196 5630 7197 
f 5783 7782 7197 
f 7197 5630 5783 
f 942 2775 5783 
f 5783 5630 942 
f 8945 8147 8235 
f 8235 8216 8945 
f 8217 8148 8945 
f 8945 8216 8217 
f 8141 8142 7682 
f 7682 7659 8141 
f 8142 8143 7683 
f 7683 7682 8142 
f 7684 7683 8143 
f 8143 8144 7684 
f 7685 7684 8144 
f 8144 8145 7685 
f 7686 7685 8145 
f 8145 8146 7686 
f 7687 7686 8146 
f 8146 8147 7687 
f 8147 8945 7688 
f 7688 7687 8147 
f 8945 8148 7661 
f 7661 7688 8945 
f 8148 8149 7662 
f 7662 7661 8148 
f 8149 8150 7663 
f 7663 7662 8149 
f 8150 8151 7664 
f 7664 7663 8150 
f 8151 8141 7659 
f 7659 7664 8151 
f 8947 8946 8317 
f 8317 8350 8947 
f 8496 8515 8518 
f 8518 8946 8496 
f 8518 8514 8482 
f 8482 8946 8518 
f 8517 8514 8949 
f 8949 8513 8517 
f 8515 8949 8514 
f 8514 8518 8515 
f 8519 8512 8949 
f 8949 8515 8519 
f 8513 8949 8512 
f 8512 8516 8513 
f 8377 8379 8382 
f 8382 8381 8377 
f 8381 8380 8378 
f 8378 8377 8381 
f 8380 8383 8386 
f 8386 8378 8380 
f 8383 8384 8385 
f 8385 8386 8383 
f 8459 8460 8424 
f 8424 8950 8459 
f 8950 8424 8427 
f 8427 8429 8950 
f 964 2772 6789 
f 6789 5631 964 
f 7198 2870 964 
f 964 5631 7198 
f 7199 8951 7198 
f 7198 5631 7199 
f 6789 8787 7199 
f 7199 5631 6789 
f 6790 7835 7201 
f 7201 5632 6790 
f 7199 8787 6790 
f 6790 5632 7199 
f 7203 8951 7199 
f 7199 5632 7203 
f 7201 8952 7203 
f 7203 5632 7201 
f 6798 8791 7205 
f 7205 5633 6798 
f 7201 7835 6798 
f 6798 5633 7201 
f 7206 8952 7201 
f 7201 5633 7206 
f 7205 8953 7206 
f 7206 5633 7205 
f 6797 7726 7207 
f 7207 5634 6797 
f 7205 8791 6797 
f 6797 5634 7205 
f 7209 8953 7205 
f 7205 5634 7209 
f 7207 8954 7209 
f 7209 5634 7207 
f 6760 8768 7210 
f 7210 5635 6760 
f 7207 7726 6760 
f 6760 5635 7207 
f 7212 8954 7207 
f 7207 5635 7212 
f 7210 8955 7212 
f 7212 5635 7210 
f 6761 7747 7213 
f 7213 5636 6761 
f 7210 8768 6761 
f 6761 5636 7210 
f 7215 8955 7210 
f 7210 5636 7215 
f 7213 8956 7215 
f 7215 5636 7213 
f 6750 8764 7216 
f 7216 5637 6750 
f 7213 7747 6750 
f 6750 5637 7213 
f 7218 8956 7213 
f 7213 5637 7218 
f 7216 8957 7218 
f 7218 5637 7216 
f 6749 7743 7219 
f 7219 5638 6749 
f 7216 8764 6749 
f 6749 5638 7216 
f 7221 8957 7216 
f 7216 5638 7221 
f 7219 8958 7221 
f 7221 5638 7219 
f 6739 8760 7222 
f 7222 5639 6739 
f 7219 7743 6739 
f 6739 5639 7219 
f 7224 8958 7219 
f 7219 5639 7224 
f 7222 8959 7224 
f 7224 5639 7222 
f 6738 7730 7225 
f 7225 5640 6738 
f 7222 8760 6738 
f 6738 5640 7222 
f 7227 8959 7222 
f 7222 5640 7227 
f 7225 8960 7227 
f 7227 5640 7225 
f 7371 8960 7225 
f 7225 5641 7371 
f 7373 9012 7371 
f 7371 5641 7373 
f 7368 9011 7373 
f 7373 5641 7368 
f 7225 7730 7368 
f 7368 5641 7225 
f 7385 7781 7231 
f 7231 5642 7385 
f 7387 9017 7385 
f 7385 5642 7387 
f 7383 9016 7387 
f 7387 5642 7383 
f 7231 8962 7383 
f 7383 5642 7231 
f 5782 2773 966 
f 966 5643 5782 
f 7231 7781 5782 
f 5782 5643 7231 
f 7230 8962 7231 
f 7231 5643 7230 
f 966 2871 7230 
f 7230 5643 966 
f 968 2773 5782 
f 5782 5644 968 
f 7233 2872 968 
f 968 5644 7233 
f 7234 8963 7233 
f 7233 5644 7234 
f 5782 7781 7234 
f 7234 5644 5782 
f 7234 7781 7385 
f 7385 5645 7234 
f 7388 8963 7234 
f 7234 5645 7388 
f 7390 9018 7388 
f 7388 5645 7390 
f 7385 9017 7390 
f 7390 5645 7385 
f 7366 9010 7370 
f 7370 5646 7366 
f 7238 8965 7366 
f 7366 5646 7238 
f 7368 7730 7238 
f 7238 5646 7368 
f 7370 9011 7368 
f 7368 5646 7370 
f 7319 8993 7318 
f 7318 5647 7319 
f 7315 8992 7319 
f 7319 5647 7315 
f 7240 8966 7315 
f 7315 5647 7240 
f 7318 7845 7240 
f 7240 5647 7318 
f 5822 7809 7242 
f 7242 5648 5822 
f 7240 7845 5822 
f 5822 5648 7240 
f 7244 8966 7240 
f 7240 5648 7244 
f 7242 8967 7244 
f 7244 5648 7242 
f 5798 7762 7245 
f 7245 5649 5798 
f 7242 7809 5798 
f 5798 5649 7242 
f 7247 8967 7242 
f 7242 5649 7247 
f 7245 8968 7247 
f 7247 5649 7245 
f 7248 2873 970 
f 970 5650 7248 
f 7249 8969 7248 
f 7248 5650 7249 
f 5777 7769 7249 
f 7249 5650 5777 
f 970 2780 5777 
f 5777 5650 970 
f 7249 7769 5816 
f 5816 5651 7249 
f 7253 8969 7249 
f 7249 5651 7253 
f 7251 8970 7253 
f 7253 5651 7251 
f 5816 7840 7251 
f 7251 5651 5816 
f 7251 7840 5817 
f 5817 5652 7251 
f 7256 8970 7251 
f 7251 5652 7256 
f 7254 8971 7256 
f 7256 5652 7254 
f 5817 7804 7254 
f 7254 5652 5817 
f 6593 8702 7257 
f 7257 5653 6593 
f 7254 7804 6593 
f 6593 5653 7254 
f 7259 8971 7254 
f 7254 5653 7259 
f 7257 8972 7259 
f 7259 5653 7257 
f 6594 7824 7260 
f 7260 5654 6594 
f 7257 8702 6594 
f 6594 5654 7257 
f 7262 8972 7257 
f 7257 5654 7262 
f 7260 8973 7262 
f 7262 5654 7260 
f 6569 8692 7263 
f 7263 5655 6569 
f 7260 7824 6569 
f 6569 5655 7260 
f 7265 8973 7260 
f 7260 5655 7265 
f 7263 8974 7265 
f 7265 5655 7263 
f 6568 7805 7266 
f 7266 5656 6568 
f 7263 8692 6568 
f 6568 5656 7263 
f 7268 8974 7263 
f 7263 5656 7268 
f 7266 8975 7268 
f 7268 5656 7266 
f 6560 8688 7269 
f 7269 5657 6560 
f 7266 7805 6560 
f 6560 5657 7266 
f 7271 8975 7266 
f 7266 5657 7271 
f 7269 8976 7271 
f 7271 5657 7269 
f 6561 7818 7272 
f 7272 5658 6561 
f 7269 8688 6561 
f 6561 5658 7269 
f 7274 8976 7269 
f 7269 5658 7274 
f 7272 8977 7274 
f 7274 5658 7272 
f 6579 8696 7275 
f 7275 5659 6579 
f 7272 7818 6579 
f 6579 5659 7272 
f 7277 8977 7272 
f 7272 5659 7277 
f 7275 8978 7277 
f 7277 5659 7275 
f 7280 8978 7275 
f 7275 5660 7280 
f 7278 8979 7280 
f 7280 5660 7278 
f 6578 7806 7278 
f 7278 5660 6578 
f 7275 8696 6578 
f 6578 5660 7275 
f 7278 7806 5796 
f 5796 5661 7278 
f 7283 8979 7278 
f 7278 5661 7283 
f 7281 8980 7283 
f 7283 5661 7281 
f 5796 7807 7281 
f 7281 5661 5796 
f 7281 7807 5800 
f 5800 5662 7281 
f 7286 8980 7281 
f 7281 5662 7286 
f 7284 8981 7286 
f 7286 5662 7284 
f 5800 7811 7284 
f 7284 5662 5800 
f 7284 7811 5824 
f 5824 5663 7284 
f 7289 8981 7284 
f 7284 5663 7289 
f 7287 8982 7289 
f 7289 5663 7287 
f 5824 7847 7287 
f 7287 5663 5824 
f 7287 7847 7303 
f 7303 5664 7287 
f 7305 8982 7287 
f 7287 5664 7305 
f 7307 8989 7305 
f 7305 5664 7307 
f 7303 8988 7307 
f 7307 5664 7303 
f 7290 7735 7353 
f 7353 5665 7290 
f 7356 8983 7290 
f 7290 5665 7356 
f 7358 9007 7356 
f 7356 5665 7358 
f 7353 9006 7358 
f 7358 5665 7353 
f 7511 9055 7503 
f 7503 5666 7511 
f 7512 9058 7511 
f 7511 5666 7512 
f 7509 9057 7512 
f 7512 5666 7509 
f 7503 9054 7509 
f 7509 5666 7503 
f 7502 2774 972 
f 972 5667 7502 
f 7503 9055 7502 
f 7502 5667 7503 
f 7500 9054 7503 
f 7503 5667 7500 
f 972 2874 7500 
f 7500 5667 972 
f 7294 8738 6687 
f 6687 5668 7294 
f 7298 8985 7294 
f 7294 5668 7298 
f 7296 8986 7298 
f 7298 5668 7296 
f 6687 7812 7296 
f 7296 5668 6687 
f 7296 7812 6640 
f 6640 5669 7296 
f 7301 8986 7296 
f 7296 5669 7301 
f 7299 8987 7301 
f 7301 5669 7299 
f 6640 8720 7299 
f 7299 5669 6640 
f 7299 8720 6639 
f 6639 5670 7299 
f 7304 8987 7299 
f 7299 5670 7304 
f 7302 8988 7304 
f 7304 5670 7302 
f 6639 7735 7302 
f 7302 5670 6639 
f 7307 8988 7302 
f 7302 5671 7307 
f 7306 8989 7307 
f 7307 5671 7306 
f 7290 8983 7306 
f 7306 5671 7290 
f 7302 7735 7290 
f 7290 5671 7302 
f 7310 8989 7306 
f 7306 5672 7310 
f 7308 8990 7310 
f 7310 5672 7308 
f 7291 8717 7308 
f 7308 5672 7291 
f 7306 8983 7291 
f 7291 5672 7306 
f 6635 7736 7311 
f 7311 5673 6635 
f 7308 8717 6635 
f 6635 5673 7308 
f 7313 8990 7308 
f 7308 5673 7313 
f 7311 8991 7313 
f 7313 5673 7311 
f 7239 8965 7314 
f 7314 5674 7239 
f 7311 7736 7239 
f 7239 5674 7311 
f 7316 8991 7311 
f 7311 5674 7316 
f 7314 8992 7316 
f 7316 5674 7314 
f 7238 7730 7317 
f 7317 5675 7238 
f 7314 8965 7238 
f 7238 5675 7314 
f 7319 8992 7314 
f 7314 5675 7319 
f 7317 8993 7319 
f 7319 5675 7317 
f 6738 8760 7321 
f 7321 5676 6738 
f 7317 7730 6738 
f 6738 5676 7317 
f 7322 8993 7317 
f 7317 5676 7322 
f 7321 8994 7322 
f 7322 5676 7321 
f 7321 8760 6739 
f 6739 5677 7321 
f 7325 8994 7321 
f 7321 5677 7325 
f 7323 8995 7325 
f 7325 5677 7323 
f 6739 7743 7323 
f 7323 5677 6739 
f 6749 8764 7327 
f 7327 5678 6749 
f 7323 7743 6749 
f 6749 5678 7323 
f 7328 8995 7323 
f 7323 5678 7328 
f 7327 8996 7328 
f 7328 5678 7327 
f 7327 8764 6750 
f 6750 5679 7327 
f 7331 8996 7327 
f 7327 5679 7331 
f 7329 8997 7331 
f 7331 5679 7329 
f 6750 7747 7329 
f 7329 5679 6750 
f 6761 8768 7333 
f 7333 5680 6761 
f 7329 7747 6761 
f 6761 5680 7329 
f 7334 8997 7329 
f 7329 5680 7334 
f 7333 8998 7334 
f 7334 5680 7333 
f 6760 7726 7335 
f 7335 5681 6760 
f 7333 8768 6760 
f 6760 5681 7333 
f 7337 8998 7333 
f 7333 5681 7337 
f 7335 8999 7337 
f 7337 5681 7335 
f 6797 8791 7339 
f 7339 5682 6797 
f 7335 7726 6797 
f 6797 5682 7335 
f 7340 8999 7335 
f 7335 5682 7340 
f 7339 9000 7340 
f 7340 5682 7339 
f 6798 7835 7341 
f 7341 5683 6798 
f 7339 8791 6798 
f 6798 5683 7339 
f 7343 9000 7339 
f 7339 5683 7343 
f 7341 9001 7343 
f 7343 5683 7341 
f 6790 8787 7346 
f 7346 5684 6790 
f 7341 7835 6790 
f 6790 5684 7341 
f 7347 9001 7341 
f 7341 5684 7347 
f 7346 9002 7347 
f 7347 5684 7346 
f 7346 8787 6789 
f 6789 5685 7346 
f 7344 9002 7346 
f 7346 5685 7344 
f 974 2875 7344 
f 7344 5685 974 
f 6789 2772 974 
f 974 5685 6789 
f 7358 9006 7354 
f 7354 5686 7358 
f 7357 9007 7358 
f 7358 5686 7357 
f 7292 8984 7357 
f 7357 5686 7292 
f 7354 7783 7292 
f 7292 5686 7354 
f 7361 9007 7357 
f 7357 5687 7361 
f 7359 9008 7361 
f 7361 5687 7359 
f 7293 8716 7359 
f 7359 5687 7293 
f 7357 8984 7293 
f 7293 5687 7357 
f 7359 8716 6774 
f 6774 5688 7359 
f 7364 9008 7359 
f 7359 5688 7364 
f 7363 9009 7364 
f 7364 5688 7363 
f 6774 8775 7363 
f 7363 5688 6774 
f 7363 8775 7236 
f 7236 5689 7363 
f 7367 9009 7363 
f 7363 5689 7367 
f 7365 9010 7367 
f 7367 5689 7365 
f 7236 8964 7365 
f 7365 5689 7236 
f 7365 8964 7237 
f 7237 5690 7365 
f 7370 9010 7365 
f 7365 5690 7370 
f 7369 9011 7370 
f 7370 5690 7369 
f 7237 8776 7369 
f 7369 5690 7237 
f 7229 8961 7372 
f 7372 5691 7229 
f 7369 8776 7229 
f 7229 5691 7369 
f 7373 9011 7369 
f 7369 5691 7373 
f 7372 9012 7373 
f 7373 5691 7372 
f 7228 7880 7374 
f 7374 5692 7228 
f 7372 8961 7228 
f 7228 5692 7372 
f 7376 9012 7372 
f 7372 5692 7376 
f 7374 9013 7376 
f 7376 5692 7374 
f 7399 9021 7402 
f 7402 5693 7399 
f 7374 7880 7399 
f 7399 5693 7374 
f 7400 9013 7374 
f 7374 5693 7400 
f 7402 9022 7400 
f 7400 5693 7402 
f 7397 9021 7399 
f 7399 5694 7397 
f 7379 7801 7397 
f 7397 5694 7379 
f 7380 9015 7379 
f 7379 5694 7380 
f 7399 7880 7380 
f 7380 5694 7399 
f 7228 8961 7382 
f 7382 5695 7228 
f 7380 7880 7228 
f 7228 5695 7380 
f 7384 9015 7380 
f 7380 5695 7384 
f 7382 9016 7384 
f 7384 5695 7382 
f 7229 8776 7386 
f 7386 5696 7229 
f 7382 8961 7229 
f 7229 5696 7382 
f 7387 9016 7382 
f 7382 5696 7387 
f 7386 9017 7387 
f 7387 5696 7386 
f 7390 9017 7386 
f 7386 5697 7390 
f 7389 9018 7390 
f 7390 5697 7389 
f 7237 8964 7389 
f 7389 5697 7237 
f 7386 8776 7237 
f 7237 5697 7386 
f 7393 9018 7389 
f 7389 5698 7393 
f 7392 9019 7393 
f 7393 5698 7392 
f 7236 8775 7392 
f 7392 5698 7236 
f 7389 8964 7236 
f 7236 5698 7389 
f 7392 8775 6774 
f 6774 5699 7392 
f 7396 9019 7392 
f 7392 5699 7396 
f 7394 9020 7396 
f 7396 5699 7394 
f 6774 8716 7394 
f 7394 5699 6774 
f 5861 7879 7398 
f 7398 5700 5861 
f 5794 7797 5861 
f 5861 5700 5794 
f 7397 7801 5794 
f 5794 5700 7397 
f 7398 9021 7397 
f 7397 5700 7398 
f 7398 7879 7378 
f 7378 5701 7398 
f 7402 9021 7398 
f 7398 5701 7402 
f 7401 9022 7402 
f 7402 5701 7401 
f 7378 9014 7401 
f 7401 5701 7378 
f 7377 7794 7403 
f 7403 5702 7377 
f 7401 9014 7377 
f 7377 5702 7401 
f 7405 9022 7401 
f 7401 5702 7405 
f 7403 9023 7405 
f 7405 5702 7403 
f 7408 9023 7403 
f 7403 5703 7408 
f 7406 9024 7408 
f 7408 5703 7406 
f 6763 8769 7406 
f 7406 5703 6763 
f 7403 7794 6763 
f 6763 5703 7403 
f 7411 9024 7406 
f 7406 5704 7411 
f 7409 9025 7411 
f 7411 5704 7409 
f 6762 7793 7409 
f 7409 5704 6762 
f 7406 8769 6762 
f 6762 5704 7406 
f 7414 9025 7409 
f 7409 5705 7414 
f 7412 9026 7414 
f 7414 5705 7412 
f 6767 8771 7412 
f 7412 5705 6767 
f 7409 7793 6767 
f 6767 5705 7409 
f 7417 9026 7412 
f 7412 5706 7417 
f 7415 9027 7417 
f 7417 5706 7415 
f 6766 7792 7415 
f 7415 5706 6766 
f 7412 8771 6766 
f 6766 5706 7412 
f 7420 9027 7415 
f 7415 5707 7420 
f 7418 9028 7420 
f 7420 5707 7418 
f 6771 8773 7418 
f 7418 5707 6771 
f 7415 7792 6771 
f 6771 5707 7415 
f 7423 9028 7418 
f 7418 5708 7423 
f 7421 9029 7423 
f 7423 5708 7421 
f 6770 7791 7421 
f 7421 5708 6770 
f 7418 8773 6770 
f 6770 5708 7418 
f 7421 7791 5809 
f 5809 5709 7421 
f 7426 9029 7421 
f 7421 5709 7426 
f 7424 9030 7426 
f 7426 5709 7424 
f 5809 7836 7424 
f 7424 5709 5809 
f 5844 7866 7427 
f 7427 5710 5844 
f 7424 7836 5844 
f 5844 5710 7424 
f 7429 9030 7424 
f 7424 5710 7429 
f 7427 9031 7429 
f 7429 5710 7427 
f 7427 7866 6794 
f 6794 5711 7427 
f 7433 9031 7427 
f 7427 5711 7433 
f 7432 9032 7433 
f 7433 5711 7432 
f 6794 8789 7432 
f 7432 5711 6794 
f 7432 8789 6793 
f 6793 5712 7432 
f 7430 9032 7432 
f 7432 5712 7430 
f 976 2876 7430 
f 7430 5712 976 
f 6793 2786 976 
f 976 5712 6793 
f 7434 2877 979 
f 979 5713 7434 
f 7436 9033 7434 
f 7434 5713 7436 
f 6715 8752 7436 
f 7436 5713 6715 
f 979 2861 6715 
f 6715 5713 979 
f 7439 9033 7436 
f 7436 5714 7439 
f 7438 9034 7439 
f 7439 5714 7438 
f 6716 8751 7438 
f 7438 5714 6716 
f 7436 8752 6716 
f 6716 5714 7436 
f 7442 9034 7438 
f 7438 5715 7442 
f 7441 9035 7442 
f 7442 5715 7441 
f 6714 8750 7441 
f 7441 5715 6714 
f 7438 8751 6714 
f 6714 5715 7438 
f 7441 8750 6712 
f 6712 5716 7441 
f 7446 9035 7441 
f 7441 5716 7446 
f 7444 9036 7446 
f 7446 5716 7444 
f 7444 5716 6712 
f 6595 8703 7448 
f 7448 5717 6595 
f 6595 5717 7444 
f 7449 9036 7444 
f 7444 5717 7449 
f 7448 9037 7449 
f 7449 5717 7448 
f 6596 7825 7450 
f 7450 5718 6596 
f 7448 8703 6596 
f 6596 5718 7448 
f 7452 9037 7448 
f 7448 5718 7452 
f 7450 9038 7452 
f 7452 5718 7450 
f 6571 8693 7454 
f 7454 5719 6571 
f 7450 7825 6571 
f 6571 5719 7450 
f 7455 9038 7450 
f 7450 5719 7455 
f 7454 9039 7455 
f 7455 5719 7454 
f 6570 7759 7457 
f 7457 5720 6570 
f 7454 8693 6570 
f 6570 5720 7454 
f 7458 9039 7454 
f 7454 5720 7458 
f 7457 9040 7458 
f 7458 5720 7457 
f 6558 8687 7460 
f 7460 5721 6558 
f 7457 7759 6558 
f 6558 5721 7457 
f 7461 9040 7457 
f 7457 5721 7461 
f 7460 9041 7461 
f 7461 5721 7460 
f 6559 7819 7462 
f 7462 5722 6559 
f 7460 8687 6559 
f 6559 5722 7460 
f 7464 9041 7460 
f 7460 5722 7464 
f 7462 9042 7464 
f 7464 5722 7462 
f 6598 8704 7466 
f 7466 5723 6598 
f 7462 7819 6598 
f 6598 5723 7462 
f 7467 9042 7462 
f 7462 5723 7467 
f 7466 9043 7467 
f 7467 5723 7466 
f 7466 8704 6597 
f 6597 5724 7466 
f 7471 9043 7466 
f 7466 5724 7471 
f 7469 9044 7471 
f 7471 5724 7469 
f 6597 7737 7469 
f 7469 5724 6597 
f 7469 7737 5769 
f 5769 5725 7469 
f 7470 9044 7469 
f 7469 5725 7470 
f 7246 8968 7470 
f 7470 5725 7246 
f 5769 7763 7246 
f 7246 5725 5769 
f 7378 7879 6856 
f 6856 5726 7378 
f 7474 9014 7378 
f 7378 5726 7474 
f 7473 9045 7474 
f 7474 5726 7473 
f 6856 8812 7473 
f 7473 5726 6856 
f 6855 7878 7476 
f 7476 5727 6855 
f 7473 8812 6855 
f 6855 5727 7473 
f 7477 9045 7473 
f 7473 5727 7477 
f 7476 9046 7477 
f 7477 5727 7476 
f 7480 9046 7476 
f 7476 5728 7480 
f 7479 9047 7480 
f 7480 5728 7479 
f 6890 8824 7479 
f 7479 5728 6890 
f 7476 7878 6890 
f 6890 5728 7476 
f 7483 9047 7479 
f 7479 5729 7483 
f 7482 9048 7483 
f 7483 5729 7482 
f 6889 7877 7482 
f 7482 5729 6889 
f 7479 8824 6889 
f 6889 5729 7479 
f 7486 9048 7482 
f 7482 5730 7486 
f 7484 9049 7486 
f 7486 5730 7484 
f 6943 8843 7484 
f 7484 5730 6943 
f 7482 7877 6943 
f 6943 5730 7482 
f 6942 7876 7488 
f 7488 5731 6942 
f 7484 8843 6942 
f 6942 5731 7484 
f 7489 9049 7484 
f 7484 5731 7489 
f 7488 9050 7489 
f 7489 5731 7488 
f 5858 7875 7491 
f 7491 5732 5858 
f 7488 7876 5858 
f 5858 5732 7488 
f 7492 9050 7488 
f 7488 5732 7492 
f 7491 9051 7492 
f 7492 5732 7491 
f 6293 8139 7494 
f 7494 5733 6293 
f 7491 7875 6293 
f 6293 5733 7491 
f 7495 9051 7491 
f 7491 5733 7495 
f 7494 9052 7495 
f 7495 5733 7494 
f 6292 7874 7498 
f 7498 5734 6292 
f 7494 8139 6292 
f 6292 5734 7494 
f 7499 9052 7494 
f 7494 5734 7499 
f 7498 9053 7499 
f 7499 5734 7498 
f 5855 2795 981 
f 981 5735 5855 
f 7498 7874 5855 
f 5855 5735 7498 
f 7496 9053 7498 
f 7498 5735 7496 
f 981 2878 7496 
f 7496 5735 981 
f 7394 8716 7293 
f 7293 5736 7394 
f 7508 9020 7394 
f 7394 5736 7508 
f 7507 9057 7508 
f 7508 5736 7507 
f 7293 8984 7507 
f 7507 5736 7293 
f 7507 8984 7292 
f 7292 5737 7507 
f 7512 9057 7507 
f 7507 5737 7512 
f 7510 9058 7512 
f 7512 5737 7510 
f 7292 7783 7510 
f 7510 5737 7292 
f 7510 7783 7520 
f 7520 5738 7510 
f 7514 9058 7510 
f 7510 5738 7514 
f 7522 9059 7514 
f 7514 5738 7522 
f 7520 9062 7522 
f 7522 5738 7520 
f 7525 9063 7524 
f 7524 5739 7525 
f 7522 9062 7525 
f 7525 5739 7522 
f 7516 9059 7522 
f 7522 5739 7516 
f 7524 9060 7516 
f 7516 5739 7524 
f 7528 9064 7527 
f 7527 5740 7528 
f 7524 9063 7528 
f 7528 5740 7524 
f 7519 9060 7524 
f 7524 5740 7519 
f 7527 9061 7519 
f 7519 5740 7527 
f 7354 9006 7355 
f 7355 5741 7354 
f 7520 7783 7354 
f 7354 5741 7520 
f 7521 9062 7520 
f 7520 5741 7521 
f 7355 9005 7521 
f 7521 5741 7355 
f 7521 9005 7352 
f 7352 5742 7521 
f 7525 9062 7521 
f 7521 5742 7525 
f 7523 9063 7525 
f 7525 5742 7523 
f 7352 9004 7523 
f 7523 5742 7352 
f 7523 9004 7350 
f 7350 5743 7523 
f 7528 9063 7523 
f 7523 5743 7528 
f 7526 9064 7528 
f 7528 5743 7526 
f 7350 9003 7526 
f 7526 5743 7350 
f 7348 8738 6688 
f 6688 5744 7348 
f 7536 9003 7348 
f 7348 5744 7536 
f 7535 9067 7536 
f 7536 5744 7535 
f 6688 8735 7535 
f 7535 5744 6688 
f 7540 9068 7539 
f 7539 5745 7540 
f 6683 8735 7540 
f 7540 5745 6683 
f 5784 7784 6683 
f 6683 5745 5784 
f 7539 7755 5784 
f 5784 5745 7539 
f 7527 9064 7531 
f 7531 5746 7527 
f 7517 9061 7527 
f 7527 5746 7517 
f 7529 2859 7517 
f 7517 5746 7529 
f 7531 9065 7529 
f 7529 5746 7531 
f 7192 8942 7533 
f 7533 5747 7192 
f 5786 7790 7192 
f 7192 5747 5786 
f 7532 7784 5786 
f 5786 5747 7532 
f 7533 9066 7532 
f 7532 5747 7533 
f 7191 2785 7195 
f 7195 5748 7191 
f 7533 8942 7191 
f 7191 5748 7533 
f 7534 9066 7533 
f 7533 5748 7534 
f 7195 8943 7534 
f 7534 5748 7195 
f 7530 9065 7537 
f 7537 5749 7530 
f 7534 8943 7530 
f 7530 5749 7534 
f 7538 9066 7534 
f 7534 5749 7538 
f 7537 9067 7538 
f 7538 5749 7537 
f 7531 9064 7526 
f 7526 5750 7531 
f 7537 9065 7531 
f 7531 5750 7537 
f 7536 9067 7537 
f 7537 5750 7536 
f 7526 9003 7536 
f 7536 5750 7526 
f 7535 8735 6683 
f 6683 5751 7535 
f 7538 9067 7535 
f 7535 5751 7538 
f 7532 9066 7538 
f 7538 5751 7532 
f 6683 7784 7532 
f 7532 5751 6683 
f 6688 8738 7294 
f 7294 5752 6688 
f 7540 8735 6688 
f 6688 5752 7540 
f 7542 9068 7540 
f 7540 5752 7542 
f 7294 8985 7542 
f 7542 5752 7294 
f 9070 9069 9071 
f 9071 9072 9070 
f 9073 9070 9072 
f 9072 9074 9073 
f 9077 9076 9075 
f 9075 9078 9077 
f 9080 9077 9078 
f 9078 9081 9080 
f 9083 9073 9074 
f 9074 9082 9083 
f 9082 9080 9081 
f 9081 9083 9082 
f 9079 9495 9071 
f 9071 9069 9079 
f 9074 9077 9080 
f 9080 9082 9074 
f 9070 9087 9086 
f 9086 9069 9070 
f 9073 9088 9087 
f 9087 9070 9073 
f 9085 9079 9092 
f 9092 9095 9085 
f 9091 9078 9075 
f 9075 9089 9091 
f 9087 9088 9091 
f 9091 9090 9087 
f 9094 9083 9081 
f 9081 9093 9094 
f 9069 9086 9092 
f 9092 9079 9069 
f 9086 9087 9090 
f 9090 9092 9086 
f 9093 9081 9078 
f 9078 9091 9093 
f 9088 9094 9093 
f 9093 9091 9088 
f 9083 9094 9088 
f 9088 9073 9083 
f 9237 9247 9096 
f 9096 9076 9237 
f 9096 9097 9075 
f 9075 9076 9096 
f 9099 9098 9084 
f 9084 9085 9099 
f 9097 9100 9089 
f 9089 9075 9097 
f 9101 9099 9085 
f 9085 9095 9101 
f 9102 9103 9097 
f 9097 9096 9102 
f 9105 9104 9098 
f 9098 9099 9105 
f 9103 9106 9100 
f 9100 9097 9103 
f 9107 9105 9099 
f 9099 9101 9107 
f 9109 9108 9110 
f 9110 9111 9109 
f 9112 9109 9111 
f 9111 9113 9112 
f 9118 9131 9130 
f 9130 9119 9118 
f 9116 9115 9114 
f 9114 9117 9116 
f 9124 9120 9121 
f 9121 9125 9124 
f 9126 9118 9119 
f 9119 9127 9126 
f 9120 9116 9117 
f 9117 9121 9120 
f 9124 9129 9116 
f 9116 9120 9124 
f 9123 9112 9113 
f 9113 9122 9123 
f 9122 9124 9125 
f 9125 9123 9122 
f 9108 9126 9127 
f 9127 9110 9108 
f 9110 9127 9128 
f 9128 9111 9110 
f 9111 9128 9129 
f 9129 9113 9111 
f 9113 9129 9124 
f 9124 9122 9113 
f 9109 9133 9132 
f 9132 9108 9109 
f 9112 9134 9133 
f 9133 9109 9112 
f 9131 9118 9139 
f 9139 9146 9131 
f 9139 9137 9135 
f 9135 9146 9139 
f 9137 9138 9136 
f 9136 9135 9137 
f 9138 9117 9114 
f 9114 9136 9138 
f 9144 9145 9138 
f 9138 9137 9144 
f 9142 9125 9121 
f 9121 9140 9142 
f 9126 9143 9139 
f 9139 9118 9126 
f 9143 9144 9137 
f 9137 9139 9143 
f 9140 9121 9117 
f 9117 9138 9140 
f 9142 9140 9138 
f 9138 9145 9142 
f 9123 9141 9134 
f 9134 9112 9123 
f 9141 9123 9125 
f 9125 9142 9141 
f 9108 9132 9143 
f 9143 9126 9108 
f 9132 9133 9144 
f 9144 9143 9132 
f 9133 9134 9145 
f 9145 9144 9133 
f 9134 9141 9142 
f 9142 9145 9134 
f 9147 9148 9114 
f 9114 9115 9147 
f 9150 9149 9130 
f 9130 9131 9150 
f 9152 9151 9135 
f 9135 9136 9152 
f 9148 9152 9136 
f 9136 9114 9148 
f 9151 9153 9146 
f 9146 9135 9151 
f 9153 9150 9131 
f 9131 9146 9153 
f 9168 9167 9339 
f 9339 9340 9168 
f 9169 9168 9340 
f 9340 9341 9169 
f 9170 9169 9341 
f 9341 9342 9170 
f 9171 9170 9342 
f 9342 9343 9171 
f 9172 9171 9343 
f 9343 9344 9172 
f 9173 9172 9344 
f 9344 9345 9173 
f 9174 9173 9345 
f 9345 9346 9174 
f 9175 9174 9346 
f 9346 9347 9175 
f 9176 9175 9347 
f 9347 9348 9176 
f 9177 9176 9348 
f 9348 9349 9177 
f 9178 9177 9349 
f 9349 9350 9178 
f 9386 9387 9167 
f 9167 9168 9386 
f 9385 9386 9168 
f 9168 9169 9385 
f 9410 9385 9169 
f 9169 9170 9410 
f 9383 9474 9475 
f 9475 9182 9383 
f 9404 9405 9175 
f 9175 9176 9404 
f 9403 9404 9176 
f 9176 9177 9403 
f 9402 9403 9177 
f 9177 9178 9402 
f 9365 9366 9179 
f 9179 9180 9365 
f 9364 9365 9180 
f 9180 9181 9364 
f 9380 9381 9183 
f 9183 9184 9380 
f 9379 9380 9184 
f 9184 9185 9379 
f 9378 9379 9185 
f 9185 9186 9378 
f 9458 9459 9187 
f 9187 9426 9458 
f 9481 9426 9187 
f 9187 9480 9481 
f 9477 9478 9425 
f 9425 9188 9477 
f 9189 9432 9423 
f 9423 9424 9189 
f 9441 9442 9437 
f 9437 9190 9441 
f 9457 9429 9449 
f 9449 9456 9457 
f 9202 9201 9389 
f 9389 9390 9202 
f 9203 9202 9390 
f 9390 9391 9203 
f 9204 9203 9391 
f 9391 9392 9204 
f 9205 9204 9392 
f 9392 9393 9205 
f 9206 9205 9393 
f 9393 9394 9206 
f 9207 9206 9394 
f 9394 9395 9207 
f 9208 9207 9395 
f 9395 9396 9208 
f 9209 9208 9396 
f 9396 9397 9209 
f 9210 9209 9397 
f 9397 9398 9210 
f 9211 9210 9398 
f 9398 9399 9211 
f 9212 9211 9399 
f 9399 9400 9212 
f 9362 9363 9201 
f 9201 9202 9362 
f 9361 9362 9202 
f 9202 9203 9361 
f 9360 9361 9203 
f 9203 9204 9360 
f 9359 9360 9204 
f 9204 9205 9359 
f 9358 9359 9205 
f 9205 9206 9358 
f 9357 9358 9206 
f 9206 9207 9357 
f 9356 9357 9207 
f 9207 9208 9356 
f 9355 9356 9208 
f 9208 9209 9355 
f 9354 9355 9209 
f 9209 9210 9354 
f 9353 9354 9210 
f 9210 9211 9353 
f 9352 9353 9211 
f 9211 9212 9352 
f 9377 9213 9200 
f 9200 9376 9377 
f 9401 9214 9212 
f 9212 9400 9401 
f 9214 9351 9352 
f 9352 9212 9214 
f 9378 9186 9213 
f 9213 9377 9378 
f 9402 9178 9214 
f 9214 9401 9402 
f 9178 9350 9351 
f 9351 9214 9178 
f 9215 9367 9368 
f 9368 9199 9215 
f 9216 9388 9389 
f 9389 9201 9216 
f 9338 9216 9201 
f 9201 9363 9338 
f 9179 9366 9367 
f 9367 9215 9179 
f 9167 9387 9388 
f 9388 9216 9167 
f 9339 9167 9216 
f 9216 9338 9339 
f 9218 9217 9219 
f 9219 9220 9218 
f 9221 9218 9220 
f 9220 9222 9221 
f 9234 9233 9228 
f 9228 9227 9234 
f 9225 9224 9223 
f 9223 9226 9225 
f 9229 9225 9226 
f 9226 9230 9229 
f 9232 9221 9222 
f 9222 9231 9232 
f 9231 9229 9230 
f 9230 9232 9231 
f 9217 9227 9228 
f 9228 9219 9217 
f 9222 9225 9229 
f 9229 9231 9222 
f 9218 9235 9494 
f 9494 9217 9218 
f 9234 9227 9239 
f 9239 9242 9234 
f 9237 9076 9077 
f 9077 9238 9237 
f 9238 9226 9223 
f 9223 9237 9238 
f 9077 9074 9236 
f 9236 9238 9077 
f 9241 9232 9230 
f 9230 9240 9241 
f 9217 9494 9239 
f 9239 9227 9217 
f 9240 9230 9226 
f 9226 9238 9240 
f 9236 9241 9240 
f 9240 9238 9236 
f 9232 9241 9236 
f 9236 9221 9232 
f 9243 9244 9223 
f 9223 9224 9243 
f 9246 9245 9233 
f 9233 9234 9246 
f 9244 9247 9237 
f 9237 9223 9244 
f 9248 9246 9234 
f 9234 9242 9248 
f 9162 9161 9244 
f 9244 9243 9162 
f 9154 9155 9245 
f 9245 9246 9154 
f 9161 9102 9247 
f 9247 9244 9161 
f 9104 9154 9246 
f 9246 9248 9104 
f 9250 9249 9251 
f 9251 9252 9250 
f 9253 9250 9252 
f 9252 9254 9253 
f 9267 9266 9261 
f 9261 9260 9267 
f 9258 9256 9255 
f 9255 9259 9258 
f 9262 9258 9259 
f 9259 9263 9262 
f 9265 9253 9254 
f 9254 9264 9265 
f 9264 9262 9263 
f 9263 9265 9264 
f 9249 9260 9261 
f 9261 9251 9249 
f 9251 9261 9257 
f 9257 9252 9251 
f 9252 9257 9258 
f 9258 9254 9252 
f 9254 9258 9262 
f 9262 9264 9254 
f 9250 9269 9268 
f 9268 9249 9250 
f 9253 9270 9269 
f 9269 9250 9253 
f 9267 9260 9273 
f 9273 9276 9267 
f 9272 9259 9255 
f 9255 9271 9272 
f 9275 9265 9263 
f 9263 9274 9275 
f 9249 9268 9273 
f 9273 9260 9249 
f 9274 9263 9259 
f 9259 9272 9274 
f 9270 9275 9274 
f 9274 9272 9270 
f 9265 9275 9270 
f 9270 9253 9265 
f 9277 9278 9255 
f 9255 9256 9277 
f 9280 9279 9266 
f 9266 9267 9280 
f 9278 9281 9271 
f 9271 9255 9278 
f 9282 9280 9267 
f 9267 9276 9282 
f 9164 9163 9278 
f 9278 9277 9164 
f 9156 9157 9279 
f 9279 9280 9156 
f 9163 9162 9281 
f 9281 9278 9163 
f 9155 9156 9280 
f 9280 9282 9155 
f 9284 9283 9285 
f 9285 9286 9284 
f 9287 9284 9286 
f 9286 9288 9287 
f 9302 9301 9296 
f 9296 9295 9302 
f 9296 9301 9290 
f 9290 9292 9296 
f 9292 9290 9291 
f 9291 9293 9292 
f 9293 9291 9289 
f 9289 9294 9293 
f 9297 9293 9294 
f 9294 9298 9297 
f 9300 9287 9288 
f 9288 9299 9300 
f 9299 9297 9298 
f 9298 9300 9299 
f 9283 9295 9296 
f 9296 9285 9283 
f 9285 9296 9292 
f 9292 9286 9285 
f 9286 9292 9293 
f 9293 9288 9286 
f 9288 9293 9297 
f 9297 9299 9288 
f 9284 9304 9303 
f 9303 9283 9284 
f 9287 9305 9304 
f 9304 9284 9287 
f 9302 9295 9308 
f 9308 9311 9302 
f 9307 9294 9289 
f 9289 9306 9307 
f 9310 9300 9298 
f 9298 9309 9310 
f 9283 9303 9308 
f 9308 9295 9283 
f 9309 9298 9294 
f 9294 9307 9309 
f 9305 9310 9309 
f 9309 9307 9305 
f 9300 9310 9305 
f 9305 9287 9300 
f 9160 9166 9291 
f 9291 9290 9160 
f 9166 9165 9289 
f 9289 9291 9166 
f 9159 9160 9290 
f 9290 9301 9159 
f 9158 9159 9301 
f 9301 9302 9158 
f 9165 9164 9306 
f 9306 9289 9165 
f 9157 9158 9302 
f 9302 9311 9157 
f 9152 9313 9312 
f 9312 9151 9152 
f 9314 9313 9152 
f 9152 9148 9314 
f 9315 9314 9148 
f 9148 9147 9315 
f 9316 9315 9147 
f 9147 9106 9316 
f 9317 9316 9106 
f 9106 9103 9317 
f 9318 9317 9103 
f 9103 9102 9318 
f 9319 9318 9102 
f 9102 9161 9319 
f 9320 9319 9161 
f 9161 9162 9320 
f 9322 9321 9163 
f 9163 9164 9322 
f 9323 9322 9164 
f 9164 9165 9323 
f 9324 9323 9165 
f 9165 9166 9324 
f 9324 9166 9160 
f 9160 9325 9324 
f 9325 9160 9159 
f 9159 9326 9325 
f 9159 9158 9327 
f 9327 9326 9159 
f 9158 9157 9328 
f 9328 9327 9158 
f 9157 9156 9329 
f 9329 9328 9157 
f 9156 9155 9330 
f 9330 9329 9156 
f 9155 9154 9331 
f 9331 9330 9155 
f 9154 9104 9332 
f 9332 9331 9154 
f 9104 9105 9333 
f 9333 9332 9104 
f 9105 9107 9334 
f 9334 9333 9105 
f 9107 9149 9335 
f 9335 9334 9107 
f 9149 9150 9336 
f 9336 9335 9149 
f 9150 9153 9337 
f 9337 9336 9150 
f 9153 9151 9312 
f 9312 9337 9153 
f 9313 9339 9338 
f 9338 9312 9313 
f 9340 9339 9313 
f 9313 9314 9340 
f 9341 9340 9314 
f 9314 9315 9341 
f 9342 9341 9315 
f 9315 9316 9342 
f 9343 9342 9316 
f 9316 9317 9343 
f 9344 9343 9317 
f 9317 9318 9344 
f 9345 9344 9318 
f 9318 9319 9345 
f 9346 9345 9319 
f 9319 9320 9346 
f 9347 9346 9320 
f 9320 9321 9347 
f 9348 9347 9321 
f 9321 9322 9348 
f 9349 9348 9322 
f 9322 9323 9349 
f 9350 9349 9323 
f 9323 9324 9350 
f 9350 9324 9325 
f 9325 9351 9350 
f 9351 9325 9326 
f 9326 9352 9351 
f 9326 9327 9353 
f 9353 9352 9326 
f 9327 9328 9354 
f 9354 9353 9327 
f 9328 9329 9355 
f 9355 9354 9328 
f 9329 9330 9356 
f 9356 9355 9329 
f 9330 9331 9357 
f 9357 9356 9330 
f 9331 9332 9358 
f 9358 9357 9331 
f 9332 9333 9359 
f 9359 9358 9332 
f 9333 9334 9360 
f 9360 9359 9333 
f 9334 9335 9361 
f 9361 9360 9334 
f 9335 9336 9362 
f 9362 9361 9335 
f 9336 9337 9363 
f 9363 9362 9336 
f 9337 9312 9338 
f 9338 9363 9337 
f 9367 9191 9196 
f 9196 9368 9367 
f 9197 9369 9453 
f 9453 9454 9197 
f 9484 9193 9414 
f 9414 9488 9484 
f 9486 9194 9198 
f 9198 9487 9486 
f 9194 9195 9450 
f 9450 9198 9194 
f 9195 9443 9444 
f 9444 9450 9195 
f 9438 9439 9434 
f 9434 9470 9438 
f 9409 9410 9170 
f 9170 9171 9409 
f 9383 9408 9407 
f 9407 9474 9383 
f 9382 9471 9472 
f 9472 9181 9382 
f 9405 9406 9174 
f 9174 9175 9405 
f 9408 9409 9171 
f 9171 9172 9408 
f 9407 9408 9172 
f 9172 9173 9407 
f 9406 9407 9173 
f 9173 9174 9406 
f 9181 9180 9386 
f 9386 9385 9181 
f 9180 9179 9387 
f 9387 9386 9180 
f 9387 9179 9215 
f 9215 9388 9387 
f 9388 9215 9199 
f 9199 9389 9388 
f 9417 9391 9390 
f 9390 9452 9417 
f 9369 9370 9422 
f 9422 9417 9369 
f 9370 9371 9421 
f 9421 9422 9370 
f 9371 9372 9420 
f 9420 9421 9371 
f 9372 9373 9419 
f 9419 9420 9372 
f 9373 9374 9418 
f 9418 9419 9373 
f 9374 9375 9416 
f 9416 9418 9374 
f 9200 9400 9399 
f 9399 9461 9200 
f 9200 9213 9401 
f 9401 9400 9200 
f 9213 9186 9402 
f 9402 9401 9213 
f 9186 9185 9403 
f 9403 9402 9186 
f 9185 9184 9404 
f 9404 9403 9185 
f 9184 9183 9405 
f 9405 9404 9184 
f 9183 9384 9406 
f 9406 9405 9183 
f 9409 9471 9382 
f 9382 9410 9409 
f 9382 9181 9385 
f 9385 9410 9382 
f 9373 9372 9412 
f 9412 9411 9373 
f 9372 9371 9413 
f 9413 9412 9372 
f 9369 9197 9415 
f 9415 9370 9369 
f 9370 9415 9413 
f 9413 9371 9370 
f 9453 9369 9417 
f 9417 9452 9453 
f 9397 9396 9418 
f 9418 9416 9397 
f 9396 9395 9419 
f 9419 9418 9396 
f 9395 9394 9420 
f 9420 9419 9395 
f 9394 9393 9421 
f 9421 9420 9394 
f 9393 9392 9422 
f 9422 9421 9393 
f 9392 9391 9417 
f 9417 9422 9392 
f 9375 9376 9200 
f 9200 9416 9375 
f 9435 9190 9423 
f 9423 9434 9435 
f 9190 9437 9447 
f 9447 9431 9190 
f 9485 9448 9430 
f 9430 9479 9485 
f 9366 9428 9191 
f 9191 9367 9366 
f 9365 9427 9428 
f 9428 9366 9365 
f 9458 9426 9429 
f 9429 9457 9458 
f 9482 9429 9426 
f 9426 9481 9482 
f 9425 9478 9479 
f 9479 9430 9425 
f 9424 9423 9190 
f 9190 9431 9424 
f 9433 9469 9381 
f 9381 9380 9433 
f 9439 9440 9435 
f 9435 9434 9439 
f 9433 9380 9379 
f 9435 9440 9441 
f 9441 9190 9435 
f 9467 9466 9436 
f 9436 9465 9467 
f 9482 9483 9449 
f 9449 9429 9482 
f 9442 9443 9195 
f 9195 9437 9442 
f 9433 9439 9438 
f 9438 9469 9433 
f 9440 9439 9433 
f 9379 9441 9440 
f 9379 9378 9442 
f 9442 9441 9379 
f 9378 9377 9443 
f 9443 9442 9378 
f 9443 9377 9376 
f 9376 9444 9443 
f 9375 9445 9444 
f 9444 9376 9375 
f 9375 9374 9446 
f 9446 9445 9375 
f 9374 9373 9411 
f 9411 9446 9374 
f 9460 9455 9192 
f 9192 9451 9460 
f 9437 9195 9194 
f 9194 9447 9437 
f 9486 9193 9448 
f 9448 9485 9486 
f 9483 9484 9192 
f 9192 9449 9483 
f 9456 9449 9192 
f 9192 9455 9456 
f 9198 9450 9444 
f 9444 9445 9198 
f 9492 9489 9487 
f 9487 9198 9492 
f 9414 9490 9491 
f 9491 9488 9414 
f 9390 9389 9199 
f 9199 9452 9390 
f 9199 9368 9453 
f 9453 9452 9199 
f 9454 9453 9368 
f 9368 9196 9454 
f 9454 9196 9455 
f 9455 9460 9454 
f 9196 9191 9456 
f 9456 9455 9196 
f 9191 9428 9457 
f 9457 9456 9191 
f 9428 9427 9458 
f 9458 9457 9428 
f 9465 9436 9464 
f 9464 9468 9465 
f 9197 9454 9460 
f 9460 9451 9197 
f 9461 9399 9398 
f 9398 9462 9461 
f 9398 9397 9416 
f 9416 9462 9398 
f 9462 9416 9200 
f 9200 9461 9462 
f 9472 9473 9364 
f 9364 9181 9472 
f 9476 9463 9182 
f 9182 9475 9476 
f 7696 8909 9477 
f 9477 9188 7696 
f 8904 7699 9436 
f 9436 9466 8904 
f 7701 8895 9469 
f 9469 9438 7701 
f 7702 8910 9480 
f 9480 9187 7702 
f 7697 7703 9432 
f 9432 9189 7697 
f 7699 8903 9464 
f 9464 9436 7699 
f 8896 7701 9438 
f 9438 9470 8896 
f 7704 7702 9187 
f 9187 9459 7704 
f 8890 7705 9463 
f 9463 9476 8890 
f 8891 7698 9364 
f 9364 9473 8891 
f 9464 8903 7704 
f 7704 9459 9464 
f 9427 9465 9468 
f 9468 9458 9427 
f 9365 9364 9466 
f 9466 9467 9365 
f 9427 9365 9467 
f 9467 9465 9427 
f 9468 9464 9459 
f 9459 9458 9468 
f 8895 7700 9381 
f 9381 9469 8895 
f 9434 9423 9432 
f 9432 9470 9434 
f 9432 7703 8896 
f 8896 9470 9432 
f 9409 9408 9383 
f 9383 9471 9409 
f 9471 9383 9182 
f 9182 9472 9471 
f 9182 9463 9473 
f 9473 9472 9182 
f 9463 7705 8891 
f 8891 9473 9463 
f 9407 9406 9384 
f 9384 9474 9407 
f 9474 9384 9183 
f 9183 9475 9474 
f 9183 9381 9476 
f 9476 9475 9183 
f 9381 7700 8890 
f 8890 9476 9381 
f 9466 9364 7698 
f 7698 8904 9466 
f 8909 7697 9189 
f 9189 9477 8909 
f 9189 9424 9478 
f 9478 9477 9189 
f 9478 9424 9431 
f 9431 9479 9478 
f 8910 7696 9188 
f 9188 9480 8910 
f 9188 9425 9481 
f 9481 9480 9188 
f 9425 9430 9482 
f 9482 9481 9425 
f 9430 9448 9483 
f 9483 9482 9430 
f 9448 9193 9484 
f 9484 9483 9448 
f 9431 9447 9485 
f 9485 9479 9431 
f 9447 9194 9486 
f 9486 9485 9447 
f 9489 9490 9414 
f 9414 9487 9489 
f 9414 9193 9486 
f 9486 9487 9414 
f 9488 9491 9493 
f 9493 9451 9488 
f 9451 9192 9484 
f 9484 9488 9451 
f 9446 9411 9489 
f 9489 9492 9446 
f 9411 9412 9490 
f 9490 9489 9411 
f 9490 9412 9413 
f 9413 9491 9490 
f 9491 9413 9415 
f 9415 9493 9491 
f 9445 9446 9492 
f 9492 9198 9445 
f 9451 9493 9415 
f 9415 9197 9451 
f 9494 9235 9072 
f 9072 9071 9494 
f 9072 9235 9236 
f 9236 9074 9072 
f 9218 9221 9236 
f 9236 9235 9218 
f 9098 9248 9242 
f 9242 9084 9098 
f 9495 9239 9494 
f 9494 9071 9495 
f 9085 9084 9495 
f 9495 9079 9085 
f 9242 9239 9495 
f 9495 9084 9242 
f 9281 9243 9224 
f 9224 9271 9281 
f 9271 9224 9225 
f 9225 9272 9271 
f 9272 9225 9222 
f 9222 9270 9272 
f 9270 9222 9220 
f 9220 9269 9270 
f 9269 9220 9219 
f 9219 9268 9269 
f 9268 9219 9228 
f 9228 9273 9268 
f 9273 9228 9233 
f 9233 9276 9273 
f 9276 9233 9245 
f 9245 9282 9276 
f 9306 9277 9256 
f 9256 9307 9306 
f 9307 9256 9258 
f 9258 9305 9307 
f 9305 9258 9257 
f 9257 9304 9305 
f 9304 9257 9261 
f 9261 9303 9304 
f 9303 9261 9266 
f 9266 9308 9303 
f 9308 9266 9279 
f 9279 9311 9308 
f 9100 9106 9147 
f 9147 9115 9100 
f 9107 9101 9130 
f 9130 9149 9107 
f 9089 9100 9115 
f 9115 9116 9089 
f 9091 9089 9116 
f 9116 9129 9091 
f 9090 9091 9129 
f 9129 9128 9090 
f 9092 9090 9128 
f 9128 9127 9092 
f 9095 9092 9127 
f 9127 9119 9095 
f 9101 9095 9119 
f 9119 9130 9101 
f 9162 9163 9321 
f 9321 9320 9162 
f 5756 2879 983 
f 983 5753 5756 
f 5759 7544 5756 
f 5756 5753 5759 
f 5758 7545 5759 
f 5759 5753 5758 
f 983 2797 5758 
f 5758 5753 983 
f 5755 2783 982 
f 982 5754 5755 
f 5757 7543 5755 
f 5755 5754 5757 
f 5756 7544 5757 
f 5757 5754 5756 
f 982 2879 5756 
f 5756 5754 982 
f 7713 8631 8632 
f 8632 8939 7713 
f 8937 8939 8632 
f 923 7194 7195 
f 7518 7517 949 
f 7505 7504 944 
f 7590 7612 7675 
f 7595 7611 7673 
f 6632 6341 5764 
f 7444 6712 6595 
f 6299 6298 6297 
f 8382 8393 8407 
f 6626 6625 6624 
f 6627 6628 6629 
f 6786 6787 6788 
f 7062 7063 7066 
f 7066 7065 7064 
f 7126 7125 7124 
f 7129 7128 7127 
f 7132 7131 7130 
f 7135 7134 7133 
f 8936 8935 7711 
f 9440 9433 9379 
f 9560 9559 9566 
f 9559 9575 9566 
f 9561 9560 9567 
f 9569 9561 9567 
f 9666 9665 9672 
f 9665 9681 9672 
f 9667 9666 9673 
f 9675 9667 9673 
f 9784 9783 9790 
f 9783 9799 9790 
f 9785 9784 9791 
f 9793 9785 9791 
f 9939 9938 9945 
f 9938 9954 9945 
f 9940 9939 9946 
f 9948 9940 9946 
f 10005 10022 10012 
f 10016 10007 10014 
f 9861 9862 9586 
f 9586 9587 9861 
f 9860 9861 9587 
f 9587 9588 9860 
f 9589 9859 9860 
f 9860 9588 9589 
f 9854 9858 9590 
f 9590 9591 9854 
f 9518 9517 9519 
f 9519 9520 9518 
f 9521 9518 9520 
f 9520 9522 9521 
f 9520 9519 9523 
f 9523 9524 9520 
f 9522 9520 9524 
f 9524 9525 9522 
f 9508 9506 9537 
f 9537 9538 9508 
f 9506 9504 9536 
f 9536 9537 9506 
f 9496 9508 9538 
f 9538 9539 9496 
f 9540 9497 9496 
f 9496 9539 9540 
f 9504 9502 9535 
f 9535 9536 9504 
f 9498 9497 9540 
f 9540 9541 9498 
f 9509 9553 9554 
f 9554 9510 9509 
f 9511 9552 9553 
f 9553 9509 9511 
f 9510 9554 9555 
f 9555 9512 9510 
f 9512 9555 9556 
f 9556 9513 9512 
f 9511 9514 9551 
f 9551 9552 9511 
f 9514 9515 9550 
f 9550 9551 9514 
f 9550 9515 9516 
f 9516 9557 9550 
f 9516 9513 9556 
f 9556 9557 9516 
f 9535 9502 9500 
f 9500 9534 9535 
f 9528 9527 9502 
f 9502 9504 9528 
f 9528 9504 9506 
f 9506 9529 9528 
f 9529 9506 9508 
f 9508 9530 9529 
f 9530 9508 9496 
f 9496 9531 9530 
f 9531 9496 9497 
f 9497 9532 9531 
f 9533 9532 9497 
f 9497 9498 9533 
f 9535 9534 9578 
f 9578 9579 9535 
f 9536 9535 9579 
f 9579 9580 9536 
f 9536 9580 9581 
f 9581 9537 9536 
f 9537 9581 9582 
f 9582 9538 9537 
f 9538 9582 9583 
f 9583 9539 9538 
f 9539 9583 9576 
f 9576 9540 9539 
f 9541 9540 9576 
f 9576 9577 9541 
f 9534 9541 9577 
f 9577 9578 9534 
f 9515 9514 9543 
f 9543 9542 9515 
f 9544 9543 9514 
f 9514 9511 9544 
f 9545 9544 9511 
f 9511 9509 9545 
f 9546 9545 9509 
f 9509 9510 9546 
f 9547 9546 9510 
f 9510 9512 9547 
f 9513 9548 9547 
f 9547 9512 9513 
f 9549 9548 9513 
f 9513 9516 9549 
f 9516 9515 9542 
f 9542 9549 9516 
f 9551 9550 9560 
f 9560 9561 9551 
f 9552 9551 9561 
f 9561 9562 9552 
f 9553 9552 9562 
f 9562 9563 9553 
f 9554 9553 9563 
f 9563 9564 9554 
f 9555 9554 9564 
f 9564 9565 9555 
f 9556 9555 9565 
f 9565 9558 9556 
f 9557 9556 9558 
f 9558 9559 9557 
f 9550 9557 9559 
f 9559 9560 9550 
f 9559 9558 9574 
f 9574 9575 9559 
f 9562 9561 9569 
f 9569 9570 9562 
f 9563 9562 9570 
f 9570 9571 9563 
f 9564 9563 9571 
f 9571 9572 9564 
f 9565 9564 9572 
f 9572 9573 9565 
f 9558 9565 9573 
f 9573 9574 9558 
f 9568 9560 9566 
f 9566 9575 9568 
f 9568 9569 9567 
f 9567 9560 9568 
f 9525 9524 9568 
f 9568 9575 9525 
f 9523 9569 9568 
f 9568 9524 9523 
f 9570 9569 9523 
f 9523 9519 9570 
f 9571 9570 9519 
f 9519 9517 9571 
f 9572 9571 9517 
f 9517 9518 9572 
f 9573 9572 9518 
f 9518 9521 9573 
f 9574 9573 9521 
f 9521 9522 9574 
f 9575 9574 9522 
f 9522 9525 9575 
f 9577 9576 9548 
f 9548 9549 9577 
f 9578 9577 9549 
f 9549 9542 9578 
f 9579 9578 9542 
f 9542 9543 9579 
f 9580 9579 9543 
f 9543 9544 9580 
f 9581 9580 9544 
f 9544 9545 9581 
f 9582 9581 9545 
f 9545 9546 9582 
f 9583 9582 9546 
f 9546 9547 9583 
f 9576 9583 9547 
f 9547 9548 9576 
f 9585 9584 9532 
f 9532 9533 9585 
f 9586 9585 9533 
f 9533 9526 9586 
f 9587 9586 9526 
f 9526 9527 9587 
f 9588 9587 9527 
f 9527 9528 9588 
f 9529 9589 9588 
f 9588 9528 9529 
f 9530 9590 9589 
f 9589 9529 9530 
f 9531 9591 9590 
f 9590 9530 9531 
f 9532 9584 9591 
f 9591 9531 9532 
f 9541 9534 9500 
f 9500 9498 9541 
f 9526 9533 9498 
f 9498 9500 9526 
f 9526 9500 9502 
f 9502 9527 9526 
f 9820 9821 9601 
f 9601 9594 9820 
f 9819 9820 9594 
f 9594 9595 9819 
f 9846 9819 9595 
f 9595 9596 9846 
f 9840 9835 9597 
f 9597 9598 9840 
f 9837 9840 9598 
f 9598 9599 9837 
f 9821 9851 9600 
f 9600 9601 9821 
f 9831 9832 9697 
f 9697 9690 9831 
f 9830 9831 9690 
f 9690 9691 9830 
f 9829 9830 9691 
f 9691 9692 9829 
f 9816 9829 9692 
f 9692 9693 9816 
f 9823 9870 9871 
f 9871 9822 9823 
f 9833 9818 9695 
f 9695 9696 9833 
f 9832 9833 9696 
f 9696 9697 9832 
f 9624 9623 9625 
f 9625 9626 9624 
f 9627 9624 9626 
f 9626 9628 9627 
f 9626 9625 9629 
f 9629 9630 9626 
f 9628 9626 9630 
f 9630 9631 9628 
f 9614 9612 9643 
f 9643 9644 9614 
f 9612 9611 9642 
f 9642 9643 9612 
f 9603 9614 9644 
f 9644 9645 9603 
f 9646 9605 9603 
f 9603 9645 9646 
f 9611 9610 9641 
f 9641 9642 9611 
f 9607 9605 9646 
f 9646 9647 9607 
f 9615 9659 9660 
f 9660 9616 9615 
f 9617 9658 9659 
f 9659 9615 9617 
f 9616 9660 9661 
f 9661 9618 9616 
f 9618 9661 9662 
f 9662 9619 9618 
f 9617 9620 9657 
f 9657 9658 9617 
f 9622 9619 9662 
f 9662 9663 9622 
f 9610 9609 9640 
f 9640 9641 9610 
f 9634 9633 9610 
f 9610 9611 9634 
f 9634 9611 9612 
f 9612 9635 9634 
f 9635 9612 9614 
f 9614 9636 9635 
f 9636 9614 9603 
f 9603 9637 9636 
f 9637 9603 9605 
f 9605 9638 9637 
f 9639 9638 9605 
f 9605 9607 9639 
f 9641 9640 9684 
f 9684 9685 9641 
f 9642 9641 9685 
f 9685 9686 9642 
f 9642 9686 9687 
f 9687 9643 9642 
f 9643 9687 9688 
f 9688 9644 9643 
f 9644 9688 9689 
f 9689 9645 9644 
f 9645 9689 9682 
f 9682 9646 9645 
f 9647 9646 9682 
f 9682 9683 9647 
f 9640 9647 9683 
f 9683 9684 9640 
f 9649 9648 9621 
f 9621 9620 9649 
f 9650 9649 9620 
f 9620 9617 9650 
f 9651 9650 9617 
f 9617 9615 9651 
f 9652 9651 9615 
f 9615 9616 9652 
f 9653 9652 9616 
f 9616 9618 9653 
f 9619 9654 9653 
f 9653 9618 9619 
f 9655 9654 9619 
f 9619 9622 9655 
f 9655 9622 9621 
f 9621 9648 9655 
f 9657 9656 9666 
f 9666 9667 9657 
f 9658 9657 9667 
f 9667 9668 9658 
f 9659 9658 9668 
f 9668 9669 9659 
f 9660 9659 9669 
f 9669 9670 9660 
f 9661 9660 9670 
f 9670 9671 9661 
f 9662 9661 9671 
f 9671 9664 9662 
f 9663 9662 9664 
f 9664 9665 9663 
f 9656 9663 9665 
f 9665 9666 9656 
f 9665 9664 9680 
f 9680 9681 9665 
f 9668 9667 9675 
f 9675 9676 9668 
f 9669 9668 9676 
f 9676 9677 9669 
f 9670 9669 9677 
f 9677 9678 9670 
f 9671 9670 9678 
f 9678 9679 9671 
f 9664 9671 9679 
f 9679 9680 9664 
f 9666 9672 9681 
f 9681 9674 9666 
f 9673 9666 9674 
f 9674 9675 9673 
f 9630 9674 9681 
f 9681 9631 9630 
f 9629 9675 9674 
f 9674 9630 9629 
f 9676 9675 9629 
f 9629 9625 9676 
f 9677 9676 9625 
f 9625 9623 9677 
f 9678 9677 9623 
f 9623 9624 9678 
f 9679 9678 9624 
f 9624 9627 9679 
f 9680 9679 9627 
f 9627 9628 9680 
f 9681 9680 9628 
f 9628 9631 9681 
f 9683 9682 9654 
f 9654 9655 9683 
f 9684 9683 9655 
f 9655 9648 9684 
f 9685 9684 9648 
f 9648 9649 9685 
f 9686 9685 9649 
f 9649 9650 9686 
f 9687 9686 9650 
f 9650 9651 9687 
f 9688 9687 9651 
f 9651 9652 9688 
f 9689 9688 9652 
f 9652 9653 9689 
f 9682 9689 9653 
f 9653 9654 9682 
f 9691 9690 9638 
f 9638 9639 9691 
f 9692 9691 9639 
f 9639 9632 9692 
f 9693 9692 9632 
f 9632 9633 9693 
f 9694 9693 9633 
f 9633 9634 9694 
f 9635 9695 9694 
f 9694 9634 9635 
f 9636 9696 9695 
f 9695 9635 9636 
f 9637 9697 9696 
f 9696 9636 9637 
f 9638 9690 9697 
f 9697 9637 9638 
f 9657 9620 9621 
f 9621 9656 9657 
f 9607 9647 9640 
f 9640 9609 9607 
f 9607 9609 9632 
f 9632 9639 9607 
f 9632 9609 9610 
f 9610 9633 9632 
f 9622 9663 9656 
f 9656 9621 9622 
f 9827 9602 9604 
f 9604 9826 9827 
f 9826 9604 9606 
f 9606 9825 9826 
f 10054 10055 9701 
f 9701 9703 10054 
f 9824 9825 9606 
f 9606 9608 9824 
f 10062 10054 9703 
f 9703 10061 10062 
f 10060 9824 9608 
f 9608 9823 10060 
f 10065 10066 10062 
f 10062 10061 10065 
f 9705 10069 10070 
f 10070 10053 9705 
f 10072 10073 10069 
f 10069 10068 10072 
f 10078 10052 9707 
f 9707 10077 10078 
f 9707 9868 10076 
f 10076 10077 9707 
f 10078 10082 10083 
f 10083 10079 10078 
f 9711 9709 10051 
f 10051 10050 9711 
f 10050 9712 9714 
f 9714 10049 10050 
f 9712 9834 9865 
f 9865 9714 9712 
f 9505 9716 9714 
f 9714 9865 9505 
f 10048 9716 9718 
f 9718 10047 10048 
f 9505 9507 9718 
f 9718 9716 9505 
f 10047 9718 10100 
f 10100 10101 10047 
f 9718 9507 10099 
f 10099 10100 9718 
f 10104 10105 10101 
f 10101 10100 10104 
f 10046 9720 10088 
f 10088 10089 10046 
f 9722 8625 7720 
f 7720 10058 9722 
f 10085 10086 10089 
f 10089 10088 10085 
f 9875 9874 10084 
f 10084 10087 9875 
f 10095 10094 7714 
f 7714 8604 10095 
f 10092 10093 10096 
f 10096 10097 10092 
f 9873 9872 10091 
f 10091 10098 9873 
f 9827 9828 9613 
f 9613 9602 9827 
f 9836 9843 9845 
f 9845 9841 9836 
f 9853 9855 9812 
f 9812 9813 9853 
f 9742 9741 9743 
f 9743 9744 9742 
f 9745 9742 9744 
f 9744 9746 9745 
f 9744 9743 9747 
f 9747 9748 9744 
f 9746 9744 9748 
f 9748 9749 9746 
f 9732 9731 9761 
f 9761 9762 9732 
f 9731 9730 9760 
f 9760 9761 9731 
f 9725 9732 9762 
f 9762 9763 9725 
f 9764 9726 9725 
f 9725 9763 9764 
f 9730 9729 9759 
f 9759 9760 9730 
f 9727 9726 9764 
f 9764 9765 9727 
f 9733 9777 9778 
f 9778 9734 9733 
f 9735 9776 9777 
f 9777 9733 9735 
f 9734 9778 9779 
f 9779 9736 9734 
f 9736 9779 9780 
f 9780 9737 9736 
f 9735 9738 9775 
f 9775 9776 9735 
f 9738 9739 9774 
f 9774 9775 9738 
f 9740 9781 9774 
f 9774 9739 9740 
f 9740 9737 9780 
f 9780 9781 9740 
f 9758 9759 9729 
f 9729 9728 9758 
f 9752 9751 9729 
f 9729 9730 9752 
f 9752 9730 9731 
f 9731 9753 9752 
f 9753 9731 9732 
f 9732 9754 9753 
f 9754 9732 9725 
f 9725 9755 9754 
f 9755 9725 9726 
f 9726 9756 9755 
f 9757 9756 9726 
f 9726 9727 9757 
f 9759 9758 9802 
f 9802 9803 9759 
f 9760 9759 9803 
f 9803 9804 9760 
f 9760 9804 9805 
f 9805 9761 9760 
f 9761 9805 9806 
f 9806 9762 9761 
f 9762 9806 9807 
f 9807 9763 9762 
f 9763 9807 9800 
f 9800 9764 9763 
f 9765 9764 9800 
f 9800 9801 9765 
f 9758 9765 9801 
f 9801 9802 9758 
f 9766 9739 9738 
f 9738 9767 9766 
f 9768 9767 9738 
f 9738 9735 9768 
f 9769 9768 9735 
f 9735 9733 9769 
f 9770 9769 9733 
f 9733 9734 9770 
f 9771 9770 9734 
f 9734 9736 9771 
f 9737 9772 9771 
f 9771 9736 9737 
f 9773 9772 9737 
f 9737 9740 9773 
f 9775 9774 9784 
f 9784 9785 9775 
f 9776 9775 9785 
f 9785 9786 9776 
f 9777 9776 9786 
f 9786 9787 9777 
f 9778 9777 9787 
f 9787 9788 9778 
f 9779 9778 9788 
f 9788 9789 9779 
f 9780 9779 9789 
f 9789 9782 9780 
f 9781 9780 9782 
f 9782 9783 9781 
f 9774 9781 9783 
f 9783 9784 9774 
f 9783 9782 9798 
f 9798 9799 9783 
f 9786 9785 9793 
f 9793 9794 9786 
f 9787 9786 9794 
f 9794 9795 9787 
f 9788 9787 9795 
f 9795 9796 9788 
f 9789 9788 9796 
f 9796 9797 9789 
f 9782 9789 9797 
f 9797 9798 9782 
f 9792 9784 9790 
f 9790 9799 9792 
f 9792 9793 9791 
f 9791 9784 9792 
f 9748 9792 9799 
f 9799 9749 9748 
f 9747 9793 9792 
f 9792 9748 9747 
f 9794 9793 9747 
f 9747 9743 9794 
f 9795 9794 9743 
f 9743 9741 9795 
f 9796 9795 9741 
f 9741 9742 9796 
f 9797 9796 9742 
f 9742 9745 9797 
f 9798 9797 9745 
f 9745 9746 9798 
f 9799 9798 9746 
f 9746 9749 9799 
f 9801 9800 9772 
f 9772 9773 9801 
f 9802 9801 9773 
f 9773 9766 9802 
f 9803 9802 9766 
f 9766 9767 9803 
f 9804 9803 9767 
f 9767 9768 9804 
f 9805 9804 9768 
f 9768 9769 9805 
f 9806 9805 9769 
f 9769 9770 9806 
f 9807 9806 9770 
f 9770 9771 9807 
f 9800 9807 9771 
f 9771 9772 9800 
f 9809 9808 9756 
f 9756 9757 9809 
f 9810 9809 9757 
f 9757 9750 9810 
f 9811 9810 9750 
f 9750 9751 9811 
f 9812 9811 9751 
f 9751 9752 9812 
f 9753 9813 9812 
f 9812 9752 9753 
f 9754 9814 9813 
f 9813 9753 9754 
f 9755 9815 9814 
f 9814 9754 9755 
f 9756 9808 9815 
f 9815 9755 9756 
f 9773 9740 9739 
f 9739 9766 9773 
f 9765 9758 9728 
f 9728 9727 9765 
f 9750 9757 9727 
f 9727 9728 9750 
f 9750 9728 9729 
f 9729 9751 9750 
f 9817 9816 9693 
f 9693 9694 9817 
f 9818 9817 9694 
f 9694 9695 9818 
f 9823 9822 10064 
f 10064 10060 9823 
f 9701 9825 9824 
f 9824 9703 9701 
f 9825 9701 9699 
f 9699 9826 9825 
f 9699 9698 9827 
f 9827 9826 9699 
f 10098 10091 10092 
f 10092 10097 10098 
f 9703 9824 10060 
f 10060 10061 9703 
f 9608 9829 9816 
f 9816 9823 9608 
f 9608 9606 9830 
f 9830 9829 9608 
f 9606 9604 9831 
f 9831 9830 9606 
f 9604 9602 9832 
f 9832 9831 9604 
f 9832 9602 9613 
f 9613 9833 9832 
f 9818 9872 9870 
f 9870 9817 9818 
f 9592 9842 10068 
f 10068 9847 9592 
f 9843 10072 10068 
f 10068 9842 9843 
f 9501 9834 9869 
f 9869 9499 9501 
f 10069 9705 9847 
f 9847 10068 10069 
f 9835 9846 9596 
f 9596 9597 9835 
f 9851 9837 9599 
f 9599 9600 9851 
f 9838 9852 9814 
f 9814 9815 9838 
f 10087 10084 10085 
f 10085 10088 10087 
f 9841 9838 9815 
f 9815 9808 9841 
f 9836 9841 9808 
f 9808 9809 9836 
f 9845 9843 9842 
f 9842 9844 9845 
f 9835 9842 9592 
f 9592 9846 9835 
f 9835 9840 9844 
f 9844 9842 9835 
f 9845 9844 9874 
f 9874 9875 9845 
f 9819 9822 9871 
f 9871 9820 9819 
f 9852 9853 9813 
f 9813 9814 9852 
f 10088 9720 9848 
f 9848 10087 10088 
f 10099 10103 10104 
f 10104 10100 10099 
f 9850 9849 9507 
f 9507 9505 9850 
f 9858 9859 9589 
f 9589 9590 9858 
f 9593 9851 9821 
f 9821 9873 9593 
f 10099 9879 9878 
f 9878 10103 10099 
f 9867 9877 9863 
f 9863 9864 9867 
f 9866 9876 9877 
f 9877 9867 9866 
f 9856 9836 9809 
f 9809 9810 9856 
f 9857 9856 9810 
f 9810 9811 9857 
f 9855 9857 9811 
f 9811 9812 9855 
f 9854 9879 9849 
f 9849 9858 9854 
f 9849 9850 9859 
f 9859 9858 9849 
f 9503 9501 9861 
f 9861 9860 9503 
f 9501 9499 9862 
f 9862 9861 9501 
f 9864 9863 9584 
f 9584 9585 9864 
f 9863 9854 9591 
f 9591 9584 9863 
f 9864 9585 9586 
f 9586 9862 9864 
f 9850 9503 9860 
f 9860 9859 9850 
f 9865 9834 9501 
f 9501 9503 9865 
f 9503 9850 9505 
f 9505 9865 9503 
f 9866 9867 10080 
f 10080 10076 9866 
f 9708 9866 10076 
f 10076 9868 9708 
f 9857 9866 9708 
f 9708 9856 9857 
f 10080 10081 10077 
f 10077 10076 10080 
f 9710 9869 9834 
f 9834 9712 9710 
f 9724 9828 9827 
f 9827 9698 9724 
f 9816 9817 9870 
f 9870 9823 9816 
f 9821 9820 9871 
f 9871 9873 9821 
f 9837 9874 9844 
f 9844 9840 9837 
f 9721 9875 10087 
f 10087 9848 9721 
f 9838 9875 9721 
f 9721 9852 9838 
f 9857 9855 9876 
f 9876 9866 9857 
f 9853 9878 9876 
f 9876 9855 9853 
f 9849 9879 10099 
f 10099 9507 9849 
f 10060 10064 10065 
f 10065 10061 10060 
f 10062 10066 10067 
f 10067 10063 10062 
f 10073 10074 10070 
f 10070 10069 10073 
f 10081 10082 10078 
f 10078 10077 10081 
f 10050 10051 9710 
f 9710 9712 10050 
f 9897 9896 9898 
f 9898 9899 9897 
f 9900 9897 9899 
f 9899 9901 9900 
f 9899 9898 9902 
f 9902 9903 9899 
f 9901 9899 9903 
f 9903 9904 9901 
f 9887 9886 9916 
f 9916 9917 9887 
f 9886 9885 9915 
f 9915 9916 9886 
f 9880 9887 9917 
f 9917 9918 9880 
f 9919 9881 9880 
f 9880 9918 9919 
f 9885 9884 9914 
f 9914 9915 9885 
f 9882 9881 9919 
f 9919 9920 9882 
f 9888 9932 9933 
f 9933 9889 9888 
f 9890 9931 9932 
f 9932 9888 9890 
f 9889 9933 9934 
f 9934 9891 9889 
f 9891 9934 9935 
f 9935 9892 9891 
f 9890 9893 9930 
f 9930 9931 9890 
f 9893 9894 9929 
f 9929 9930 9893 
f 9895 9892 9935 
f 9935 9936 9895 
f 9913 9914 9884 
f 9884 9883 9913 
f 9907 9906 9884 
f 9884 9885 9907 
f 9907 9885 9886 
f 9886 9908 9907 
f 9908 9886 9887 
f 9887 9909 9908 
f 9909 9887 9880 
f 9880 9910 9909 
f 9910 9880 9881 
f 9881 9911 9910 
f 9912 9911 9881 
f 9881 9882 9912 
f 9914 9913 9957 
f 9957 9958 9914 
f 9915 9914 9958 
f 9958 9959 9915 
f 9915 9959 9960 
f 9960 9916 9915 
f 9916 9960 9961 
f 9961 9917 9916 
f 9917 9961 9962 
f 9962 9918 9917 
f 9918 9962 9955 
f 9955 9919 9918 
f 9920 9919 9955 
f 9955 9956 9920 
f 9913 9920 9956 
f 9956 9957 9913 
f 9894 9893 9922 
f 9922 9921 9894 
f 9923 9922 9893 
f 9893 9890 9923 
f 9924 9923 9890 
f 9890 9888 9924 
f 9925 9924 9888 
f 9888 9889 9925 
f 9926 9925 9889 
f 9889 9891 9926 
f 9892 9927 9926 
f 9926 9891 9892 
f 9928 9927 9892 
f 9892 9895 9928 
f 9895 9894 9921 
f 9921 9928 9895 
f 9930 9929 9939 
f 9939 9940 9930 
f 9931 9930 9940 
f 9940 9941 9931 
f 9932 9931 9941 
f 9941 9942 9932 
f 9933 9932 9942 
f 9942 9943 9933 
f 9934 9933 9943 
f 9943 9944 9934 
f 9935 9934 9944 
f 9944 9937 9935 
f 9936 9935 9937 
f 9937 9938 9936 
f 9929 9936 9938 
f 9938 9939 9929 
f 9938 9937 9953 
f 9953 9954 9938 
f 9941 9940 9948 
f 9948 9949 9941 
f 9942 9941 9949 
f 9949 9950 9942 
f 9943 9942 9950 
f 9950 9951 9943 
f 9944 9943 9951 
f 9951 9952 9944 
f 9937 9944 9952 
f 9952 9953 9937 
f 9939 9945 9954 
f 9954 9947 9939 
f 9947 9948 9946 
f 9946 9939 9947 
f 9904 9903 9947 
f 9947 9954 9904 
f 9902 9948 9947 
f 9947 9903 9902 
f 9949 9948 9902 
f 9902 9898 9949 
f 9950 9949 9898 
f 9898 9896 9950 
f 9951 9950 9896 
f 9896 9897 9951 
f 9952 9951 9897 
f 9897 9900 9952 
f 9953 9952 9900 
f 9900 9901 9953 
f 9954 9953 9901 
f 9901 9904 9954 
f 9956 9955 9927 
f 9927 9928 9956 
f 9957 9956 9928 
f 9928 9921 9957 
f 9958 9957 9921 
f 9921 9922 9958 
f 9959 9958 9922 
f 9922 9923 9959 
f 9960 9959 9923 
f 9923 9924 9960 
f 9961 9960 9924 
f 9924 9925 9961 
f 9962 9961 9925 
f 9925 9926 9962 
f 9955 9962 9926 
f 9926 9927 9955 
f 9595 9594 9911 
f 9911 9912 9595 
f 9596 9595 9912 
f 9912 9905 9596 
f 9597 9596 9905 
f 9905 9906 9597 
f 9598 9597 9906 
f 9906 9907 9598 
f 9908 9599 9598 
f 9598 9907 9908 
f 9909 9600 9599 
f 9599 9908 9909 
f 9910 9601 9600 
f 9600 9909 9910 
f 9911 9594 9601 
f 9601 9910 9911 
f 9913 9883 9882 
f 9882 9920 9913 
f 9905 9912 9882 
f 9882 9883 9905 
f 9906 9905 9883 
f 9883 9884 9906 
f 9895 9936 9929 
f 9929 9894 9895 
f 9972 9971 9973 
f 9973 9974 9972 
f 9975 9972 9974 
f 9974 9976 9975 
f 9974 9973 9977 
f 9977 9978 9974 
f 9976 9974 9978 
f 9978 9979 9976 
f 9970 9969 9991 
f 9991 9992 9970 
f 9969 9968 9990 
f 9990 9991 9969 
f 9963 9970 9992 
f 9992 9993 9963 
f 9994 9964 9963 
f 9963 9993 9994 
f 9968 9967 9989 
f 9989 9990 9968 
f 9965 9964 9994 
f 9994 9995 9965 
f 9967 9966 9988 
f 9988 9989 9967 
f 9982 9981 9967 
f 9967 9968 9982 
f 9982 9968 9969 
f 9969 9983 9982 
f 9983 9969 9970 
f 9970 9984 9983 
f 9984 9970 9963 
f 9963 9985 9984 
f 9985 9963 9964 
f 9964 9986 9985 
f 9987 9986 9964 
f 9964 9965 9987 
f 9989 9988 9996 
f 9996 9997 9989 
f 9990 9989 9997 
f 9997 9998 9990 
f 9990 9998 9999 
f 9999 9991 9990 
f 9991 9999 10000 
f 10000 9992 9991 
f 9992 10000 10001 
f 10001 9993 9992 
f 9993 10001 10002 
f 10002 9994 9993 
f 9995 9994 10002 
f 10002 10003 9995 
f 9988 9995 10003 
f 10003 9996 9988 
f 9997 9996 10006 
f 10006 10007 9997 
f 9998 9997 10007 
f 10007 10008 9998 
f 9999 9998 10008 
f 10008 10009 9999 
f 10000 9999 10009 
f 10009 10010 10000 
f 10001 10000 10010 
f 10010 10011 10001 
f 10002 10001 10011 
f 10011 10004 10002 
f 10003 10002 10004 
f 10004 10005 10003 
f 9996 10003 10005 
f 10005 10006 9996 
f 10005 10004 10021 
f 10021 10022 10005 
f 10008 10007 10016 
f 10016 10017 10008 
f 10009 10008 10017 
f 10017 10018 10009 
f 10010 10009 10018 
f 10018 10019 10010 
f 10011 10010 10019 
f 10019 10020 10011 
f 10004 10011 10020 
f 10020 10021 10004 
f 10006 10005 10012 
f 10012 10013 10006 
f 10007 10006 10013 
f 10013 10014 10007 
f 10015 10013 10012 
f 10012 10022 10015 
f 10014 10013 10015 
f 10015 10016 10014 
f 9978 10015 10022 
f 10022 9979 9978 
f 9977 10016 10015 
f 10015 9978 9977 
f 10017 10016 9977 
f 9977 9973 10017 
f 10018 10017 9973 
f 9973 9971 10018 
f 10019 10018 9971 
f 9971 9972 10019 
f 10020 10019 9972 
f 9972 9975 10020 
f 10021 10020 9975 
f 9975 9976 10021 
f 10022 10021 9976 
f 9976 9979 10022 
f 10023 10024 9986 
f 9986 9987 10023 
f 10025 10023 9987 
f 9987 9980 10025 
f 10026 10025 9980 
f 9980 9981 10026 
f 10027 10026 9981 
f 9981 9982 10027 
f 9985 10029 10028 
f 10028 9984 9985 
f 9986 10024 10029 
f 10029 9985 9986 
f 9995 9988 9966 
f 9966 9965 9995 
f 9965 9966 9980 
f 9980 9987 9965 
f 9980 9966 9967 
f 9967 9981 9980 
f 10024 10023 10031 
f 10031 10030 10024 
f 10025 10032 10031 
f 10031 10023 10025 
f 10026 10033 10032 
f 10032 10025 10026 
f 10034 10033 10026 
f 10026 10027 10034 
f 10028 10035 10057 
f 10057 10059 10028 
f 10035 10028 10029 
f 10029 10036 10035 
f 10029 10024 10030 
f 10030 10036 10029 
f 10037 10030 10031 
f 10031 10038 10037 
f 10031 10032 10039 
f 10039 10038 10031 
f 10032 10033 10040 
f 10040 10039 10032 
f 10033 10034 10041 
f 10041 10040 10033 
f 10035 10042 10056 
f 10056 10057 10035 
f 10042 10035 10036 
f 10036 10043 10042 
f 10036 10113 10125 
f 10125 10043 10036 
f 10055 10112 9699 
f 9699 9701 10055 
f 9698 9699 10042 
f 10042 10043 9698 
f 7706 7707 10109 
f 10109 10110 7706 
f 10107 10108 7714 
f 7714 10094 10107 
f 10079 10083 7711 
f 7711 7710 10079 
f 9711 9713 7712 
f 7712 7711 9711 
f 9715 7713 7712 
f 7712 9713 9715 
f 7713 9715 9717 
f 9717 8631 7713 
f 9717 10102 8630 
f 8630 8631 9717 
f 9719 10090 8626 
f 8626 8628 9719 
f 9719 8628 7723 
f 7723 10106 9719 
f 10044 10126 10127 
f 10127 10093 10044 
f 10096 10093 10127 
f 10127 10128 10096 
f 10129 10130 10086 
f 10086 10045 10129 
f 10132 10046 10089 
f 10089 10131 10132 
f 10133 10134 10101 
f 10101 10105 10133 
f 10135 10047 10101 
f 10101 10134 10135 
f 10136 10048 10047 
f 10047 10135 10136 
f 9713 10049 10124 
f 10124 9715 9713 
f 10049 9713 9711 
f 9711 10050 10049 
f 9706 10052 10078 
f 10078 10079 9706 
f 10070 10074 10075 
f 10075 10071 10070 
f 10070 10071 9704 
f 9704 10053 10070 
f 9702 10054 10062 
f 10062 10063 9702 
f 9700 10055 10054 
f 10054 9702 9700 
f 9700 10111 10112 
f 10112 10055 9700 
f 10034 10057 10056 
f 10056 10041 10034 
f 10089 10086 10130 
f 10130 10131 10089 
f 10027 10059 10057 
f 10057 10034 10027 
f 9983 10059 10027 
f 10027 9982 9983 
f 10028 10059 9983 
f 9983 9984 10028 
f 9700 7708 8634 
f 8634 7706 9700 
f 9714 9716 10048 
f 10048 10049 9714 
f 10064 9822 9592 
f 9592 9847 10064 
f 9705 10065 10064 
f 10064 9847 9705 
f 10053 10066 10065 
f 10065 9705 10053 
f 9704 10067 10066 
f 10066 10053 9704 
f 9708 9868 10072 
f 10072 9843 9708 
f 10073 10072 9868 
f 9868 9707 10073 
f 10052 10074 10073 
f 10073 9707 10052 
f 10075 10074 10052 
f 10052 9706 10075 
f 9499 9869 10080 
f 10080 9867 9499 
f 10081 10080 9869 
f 9869 9710 10081 
f 10051 10082 10081 
f 10081 9710 10051 
f 9709 10083 10082 
f 10082 10051 9709 
f 9698 10043 10044 
f 10044 9724 9698 
f 10109 7707 7714 
f 7714 10108 10109 
f 10063 10067 7709 
f 7709 7708 10063 
f 10071 10075 7710 
f 7710 7709 10071 
f 9876 9878 9879 
f 9879 9877 9876 
f 9870 9872 9873 
f 9873 9871 9870 
f 9838 9841 9845 
f 9845 9875 9838 
f 9837 9851 9593 
f 9593 9874 9837 
f 9818 9833 9613 
f 9613 9872 9818 
f 10084 9874 9593 
f 9593 9839 10084 
f 10085 10084 9839 
f 9839 9723 10085 
f 10086 10085 9723 
f 9723 10045 10086 
f 10091 9872 9613 
f 9613 9828 10091 
f 9828 9724 10092 
f 10092 10091 9828 
f 10093 10092 9724 
f 9724 10044 10093 
f 9722 10095 8604 
f 8604 8625 9722 
f 10096 10128 10129 
f 10129 10045 10096 
f 10045 9723 10097 
f 10097 10096 10045 
f 9723 9839 10098 
f 10098 10097 9723 
f 9873 10098 9839 
f 9839 9593 9873 
f 9877 9879 9854 
f 9854 9863 9877 
f 9721 9878 9853 
f 9853 9852 9721 
f 10103 9878 9721 
f 9721 9848 10103 
f 10104 10103 9848 
f 9848 9720 10104 
f 10105 10104 9720 
f 9720 10046 10105 
f 10044 10043 10125 
f 10125 10126 10044 
f 10037 10038 10108 
f 10108 10107 10037 
f 10039 10109 10108 
f 10108 10038 10039 
f 10039 10040 10110 
f 10110 10109 10039 
f 10111 10110 10040 
f 10040 10041 10111 
f 10112 10111 10041 
f 10041 10056 10112 
f 9699 10112 10056 
f 10056 10042 9699 
f 9819 9846 9592 
f 9592 9822 9819 
f 9836 9856 9708 
f 9708 9843 9836 
f 9864 9862 9499 
f 9499 9867 9864 
f 10030 10037 10113 
f 10113 10036 10030 
f 10114 10113 10037 
f 10037 10107 10114 
f 10115 10114 10107 
f 10107 10094 10115 
f 10116 10115 10094 
f 10094 10095 10116 
f 10117 10116 10095 
f 10095 9722 10117 
f 10119 10118 10058 
f 10058 10090 10119 
f 9719 10120 10119 
f 10119 10090 9719 
f 10106 10121 10120 
f 10120 9719 10106 
f 10122 10121 10106 
f 10106 10102 10122 
f 9717 10123 10122 
f 10122 10102 9717 
f 9715 10124 10123 
f 10123 9717 9715 
f 10126 10125 10113 
f 10113 10114 10126 
f 10127 10126 10114 
f 10114 10115 10127 
f 10128 10127 10115 
f 10115 10116 10128 
f 10129 10128 10116 
f 10116 10117 10129 
f 10117 10118 10130 
f 10130 10129 10117 
f 10131 10130 10118 
f 10118 10119 10131 
f 10120 10132 10131 
f 10131 10119 10120 
f 10121 10133 10132 
f 10132 10120 10121 
f 10134 10133 10121 
f 10121 10122 10134 
f 10123 10135 10134 
f 10134 10122 10123 
f 10124 10136 10135 
f 10135 10123 10124 
f 10110 10111 9700 
f 9700 7706 10110 
f 10133 10105 10046 
f 10046 10132 10133 
f 7709 10067 9704 
f 9704 10071 7709 
f 10090 10058 7720 
f 7720 8626 10090 
f 10102 10106 7723 
f 7723 8630 10102 
f 7710 10075 9706 
f 9706 10079 7710 
f 7711 10083 9709 
f 9709 9711 7711 
f 9722 10058 10118 
f 10118 10117 9722 
f 7708 9700 9702 
f 9702 10063 7708 
f 10124 10049 10048 
f 10048 10136 10124 
f 10207 10200 10201 
f 10207 10216 10200 
f 10208 10201 10202 
f 10208 10202 10210 
f 10313 10306 10307 
f 10313 10322 10306 
f 10314 10307 10308 
f 10314 10308 10316 
f 10431 10424 10425 
f 10431 10440 10424 
f 10432 10425 10426 
f 10432 10426 10434 
f 10586 10579 10580 
f 10586 10595 10579 
f 10587 10580 10581 
f 10587 10581 10589 
f 10653 10663 10646 
f 10655 10648 10657 
f 10227 10503 10502 
f 10502 10228 10227 
f 10228 10502 10501 
f 10501 10229 10228 
f 10501 10500 10230 
f 10230 10229 10501 
f 10231 10499 10495 
f 10495 10232 10231 
f 10160 10158 10159 
f 10159 10161 10160 
f 10161 10159 10162 
f 10162 10163 10161 
f 10164 10160 10161 
f 10161 10165 10164 
f 10165 10161 10163 
f 10163 10166 10165 
f 10178 10147 10149 
f 10149 10179 10178 
f 10177 10145 10147 
f 10147 10178 10177 
f 10179 10149 10137 
f 10137 10180 10179 
f 10137 10138 10181 
f 10181 10180 10137 
f 10176 10143 10145 
f 10145 10177 10176 
f 10181 10138 10139 
f 10139 10182 10181 
f 10195 10194 10150 
f 10150 10151 10195 
f 10194 10193 10152 
f 10152 10150 10194 
f 10196 10195 10151 
f 10151 10153 10196 
f 10197 10196 10153 
f 10153 10154 10197 
f 10192 10155 10152 
f 10152 10193 10192 
f 10191 10156 10155 
f 10155 10192 10191 
f 10157 10156 10191 
f 10191 10198 10157 
f 10197 10154 10157 
f 10157 10198 10197 
f 10141 10143 10176 
f 10176 10175 10141 
f 10143 10168 10169 
f 10169 10145 10143 
f 10147 10145 10169 
f 10169 10170 10147 
f 10149 10147 10170 
f 10170 10171 10149 
f 10137 10149 10171 
f 10171 10172 10137 
f 10138 10137 10172 
f 10172 10173 10138 
f 10138 10173 10174 
f 10174 10139 10138 
f 10219 10175 10176 
f 10176 10220 10219 
f 10220 10176 10177 
f 10177 10221 10220 
f 10222 10221 10177 
f 10177 10178 10222 
f 10223 10222 10178 
f 10178 10179 10223 
f 10224 10223 10179 
f 10179 10180 10224 
f 10217 10224 10180 
f 10180 10181 10217 
f 10217 10181 10182 
f 10182 10218 10217 
f 10218 10182 10175 
f 10175 10219 10218 
f 10184 10155 10156 
f 10156 10183 10184 
f 10155 10184 10185 
f 10185 10152 10155 
f 10152 10185 10186 
f 10186 10150 10152 
f 10150 10186 10187 
f 10187 10151 10150 
f 10151 10187 10188 
f 10188 10153 10151 
f 10188 10189 10154 
f 10154 10153 10188 
f 10154 10189 10190 
f 10190 10157 10154 
f 10183 10156 10157 
f 10157 10190 10183 
f 10201 10191 10192 
f 10192 10202 10201 
f 10202 10192 10193 
f 10193 10203 10202 
f 10203 10193 10194 
f 10194 10204 10203 
f 10204 10194 10195 
f 10195 10205 10204 
f 10205 10195 10196 
f 10196 10206 10205 
f 10206 10196 10197 
f 10197 10199 10206 
f 10199 10197 10198 
f 10198 10200 10199 
f 10200 10198 10191 
f 10191 10201 10200 
f 10215 10199 10200 
f 10200 10216 10215 
f 10210 10202 10203 
f 10203 10211 10210 
f 10211 10203 10204 
f 10204 10212 10211 
f 10212 10204 10205 
f 10205 10213 10212 
f 10213 10205 10206 
f 10206 10214 10213 
f 10214 10206 10199 
f 10199 10215 10214 
f 10207 10201 10209 
f 10209 10216 10207 
f 10208 10210 10209 
f 10209 10201 10208 
f 10209 10165 10166 
f 10166 10216 10209 
f 10209 10210 10164 
f 10164 10165 10209 
f 10164 10210 10211 
f 10211 10160 10164 
f 10160 10211 10212 
f 10212 10158 10160 
f 10158 10212 10213 
f 10213 10159 10158 
f 10159 10213 10214 
f 10214 10162 10159 
f 10162 10214 10215 
f 10215 10163 10162 
f 10163 10215 10216 
f 10216 10166 10163 
f 10189 10217 10218 
f 10218 10190 10189 
f 10190 10218 10219 
f 10219 10183 10190 
f 10183 10219 10220 
f 10220 10184 10183 
f 10184 10220 10221 
f 10221 10185 10184 
f 10185 10221 10222 
f 10222 10186 10185 
f 10186 10222 10223 
f 10223 10187 10186 
f 10187 10223 10224 
f 10224 10188 10187 
f 10188 10224 10217 
f 10217 10189 10188 
f 10173 10225 10226 
f 10226 10174 10173 
f 10174 10226 10227 
f 10227 10167 10174 
f 10167 10227 10228 
f 10228 10168 10167 
f 10168 10228 10229 
f 10229 10169 10168 
f 10229 10230 10170 
f 10170 10169 10229 
f 10230 10231 10171 
f 10171 10170 10230 
f 10231 10232 10172 
f 10172 10171 10231 
f 10232 10225 10173 
f 10173 10172 10232 
f 10141 10175 10182 
f 10182 10139 10141 
f 10139 10174 10167 
f 10167 10141 10139 
f 10143 10141 10167 
f 10167 10168 10143 
f 10242 10462 10461 
f 10461 10235 10242 
f 10235 10461 10460 
f 10460 10236 10235 
f 10236 10460 10487 
f 10487 10237 10236 
f 10238 10476 10481 
f 10481 10239 10238 
f 10239 10481 10478 
f 10478 10240 10239 
f 10241 10492 10462 
f 10462 10242 10241 
f 10338 10473 10472 
f 10472 10331 10338 
f 10331 10472 10471 
f 10471 10332 10331 
f 10332 10471 10470 
f 10470 10333 10332 
f 10333 10470 10457 
f 10457 10334 10333 
f 10512 10511 10464 
f 10464 10463 10512 
f 10336 10459 10474 
f 10474 10337 10336 
f 10337 10474 10473 
f 10473 10338 10337 
f 10266 10264 10265 
f 10265 10267 10266 
f 10267 10265 10268 
f 10268 10269 10267 
f 10270 10266 10267 
f 10267 10271 10270 
f 10271 10267 10269 
f 10269 10272 10271 
f 10284 10253 10255 
f 10255 10285 10284 
f 10283 10252 10253 
f 10253 10284 10283 
f 10285 10255 10244 
f 10244 10286 10285 
f 10244 10246 10287 
f 10287 10286 10244 
f 10282 10251 10252 
f 10252 10283 10282 
f 10287 10246 10248 
f 10248 10288 10287 
f 10301 10300 10256 
f 10256 10257 10301 
f 10300 10299 10258 
f 10258 10256 10300 
f 10302 10301 10257 
f 10257 10259 10302 
f 10303 10302 10259 
f 10259 10260 10303 
f 10298 10261 10258 
f 10258 10299 10298 
f 10303 10260 10263 
f 10263 10304 10303 
f 10281 10250 10251 
f 10251 10282 10281 
f 10251 10274 10275 
f 10275 10252 10251 
f 10253 10252 10275 
f 10275 10276 10253 
f 10255 10253 10276 
f 10276 10277 10255 
f 10244 10255 10277 
f 10277 10278 10244 
f 10246 10244 10278 
f 10278 10279 10246 
f 10246 10279 10280 
f 10280 10248 10246 
f 10325 10281 10282 
f 10282 10326 10325 
f 10326 10282 10283 
f 10283 10327 10326 
f 10328 10327 10283 
f 10283 10284 10328 
f 10329 10328 10284 
f 10284 10285 10329 
f 10330 10329 10285 
f 10285 10286 10330 
f 10323 10330 10286 
f 10286 10287 10323 
f 10323 10287 10288 
f 10288 10324 10323 
f 10324 10288 10281 
f 10281 10325 10324 
f 10262 10289 10290 
f 10290 10261 10262 
f 10261 10290 10291 
f 10291 10258 10261 
f 10258 10291 10292 
f 10292 10256 10258 
f 10256 10292 10293 
f 10293 10257 10256 
f 10257 10293 10294 
f 10294 10259 10257 
f 10294 10295 10260 
f 10260 10259 10294 
f 10260 10295 10296 
f 10296 10263 10260 
f 10262 10263 10296 
f 10296 10289 10262 
f 10307 10297 10298 
f 10298 10308 10307 
f 10308 10298 10299 
f 10299 10309 10308 
f 10309 10299 10300 
f 10300 10310 10309 
f 10310 10300 10301 
f 10301 10311 10310 
f 10311 10301 10302 
f 10302 10312 10311 
f 10312 10302 10303 
f 10303 10305 10312 
f 10305 10303 10304 
f 10304 10306 10305 
f 10306 10304 10297 
f 10297 10307 10306 
f 10321 10305 10306 
f 10306 10322 10321 
f 10316 10308 10309 
f 10309 10317 10316 
f 10317 10309 10310 
f 10310 10318 10317 
f 10318 10310 10311 
f 10311 10319 10318 
f 10319 10311 10312 
f 10312 10320 10319 
f 10320 10312 10305 
f 10305 10321 10320 
f 10322 10313 10307 
f 10307 10315 10322 
f 10315 10307 10314 
f 10314 10316 10315 
f 10322 10315 10271 
f 10271 10272 10322 
f 10315 10316 10270 
f 10270 10271 10315 
f 10270 10316 10317 
f 10317 10266 10270 
f 10266 10317 10318 
f 10318 10264 10266 
f 10264 10318 10319 
f 10319 10265 10264 
f 10265 10319 10320 
f 10320 10268 10265 
f 10268 10320 10321 
f 10321 10269 10268 
f 10269 10321 10322 
f 10322 10272 10269 
f 10295 10323 10324 
f 10324 10296 10295 
f 10296 10324 10325 
f 10325 10289 10296 
f 10289 10325 10326 
f 10326 10290 10289 
f 10290 10326 10327 
f 10327 10291 10290 
f 10291 10327 10328 
f 10328 10292 10291 
f 10292 10328 10329 
f 10329 10293 10292 
f 10293 10329 10330 
f 10330 10294 10293 
f 10294 10330 10323 
f 10323 10295 10294 
f 10279 10331 10332 
f 10332 10280 10279 
f 10280 10332 10333 
f 10333 10273 10280 
f 10273 10333 10334 
f 10334 10274 10273 
f 10274 10334 10335 
f 10335 10275 10274 
f 10335 10336 10276 
f 10276 10275 10335 
f 10336 10337 10277 
f 10277 10276 10336 
f 10337 10338 10278 
f 10278 10277 10337 
f 10338 10331 10279 
f 10279 10278 10338 
f 10262 10261 10298 
f 10298 10297 10262 
f 10281 10288 10248 
f 10248 10250 10281 
f 10273 10250 10248 
f 10248 10280 10273 
f 10251 10250 10273 
f 10273 10274 10251 
f 10297 10304 10263 
f 10263 10262 10297 
f 10245 10243 10468 
f 10468 10467 10245 
f 10247 10245 10467 
f 10467 10466 10247 
f 10342 10696 10695 
f 10695 10344 10342 
f 10247 10466 10465 
f 10465 10249 10247 
f 10344 10695 10703 
f 10703 10702 10344 
f 10249 10465 10701 
f 10701 10464 10249 
f 10703 10707 10706 
f 10706 10702 10703 
f 10711 10710 10346 
f 10346 10694 10711 
f 10710 10714 10713 
f 10713 10709 10710 
f 10348 10693 10719 
f 10719 10718 10348 
f 10717 10509 10348 
f 10348 10718 10717 
f 10724 10723 10719 
f 10719 10720 10724 
f 10692 10350 10352 
f 10352 10691 10692 
f 10355 10353 10691 
f 10691 10690 10355 
f 10506 10475 10353 
f 10353 10355 10506 
f 10355 10357 10146 
f 10146 10506 10355 
f 10359 10357 10689 
f 10689 10688 10359 
f 10359 10148 10146 
f 10146 10357 10359 
f 10741 10359 10688 
f 10688 10742 10741 
f 10740 10148 10359 
f 10359 10741 10740 
f 10742 10746 10745 
f 10745 10741 10742 
f 10729 10361 10687 
f 10687 10730 10729 
f 3057 3962 10363 
f 10363 10699 3057 
f 10730 10727 10726 
f 10726 10729 10730 
f 10725 10515 10516 
f 10516 10728 10725 
f 3051 10735 10736 
f 10736 3941 3051 
f 10737 10734 10733 
f 10733 10738 10737 
f 10732 10513 10514 
f 10514 10739 10732 
f 10254 10469 10468 
f 10468 10243 10254 
f 10486 10484 10477 
f 10477 10482 10486 
f 10453 10496 10494 
f 10494 10454 10453 
f 10384 10382 10383 
f 10383 10385 10384 
f 10385 10383 10386 
f 10386 10387 10385 
f 10388 10384 10385 
f 10385 10389 10388 
f 10389 10385 10387 
f 10387 10390 10389 
f 10402 10372 10373 
f 10373 10403 10402 
f 10401 10371 10372 
f 10372 10402 10401 
f 10403 10373 10366 
f 10366 10404 10403 
f 10366 10367 10405 
f 10405 10404 10366 
f 10400 10370 10371 
f 10371 10401 10400 
f 10405 10367 10368 
f 10368 10406 10405 
f 10419 10418 10374 
f 10374 10375 10419 
f 10418 10417 10376 
f 10376 10374 10418 
f 10420 10419 10375 
f 10375 10377 10420 
f 10421 10420 10377 
f 10377 10378 10421 
f 10416 10379 10376 
f 10376 10417 10416 
f 10415 10380 10379 
f 10379 10416 10415 
f 10415 10422 10381 
f 10381 10380 10415 
f 10421 10378 10381 
f 10381 10422 10421 
f 10370 10400 10399 
f 10399 10369 10370 
f 10370 10392 10393 
f 10393 10371 10370 
f 10372 10371 10393 
f 10393 10394 10372 
f 10373 10372 10394 
f 10394 10395 10373 
f 10366 10373 10395 
f 10395 10396 10366 
f 10367 10366 10396 
f 10396 10397 10367 
f 10367 10397 10398 
f 10398 10368 10367 
f 10443 10399 10400 
f 10400 10444 10443 
f 10444 10400 10401 
f 10401 10445 10444 
f 10446 10445 10401 
f 10401 10402 10446 
f 10447 10446 10402 
f 10402 10403 10447 
f 10448 10447 10403 
f 10403 10404 10448 
f 10441 10448 10404 
f 10404 10405 10441 
f 10441 10405 10406 
f 10406 10442 10441 
f 10442 10406 10399 
f 10399 10443 10442 
f 10379 10380 10407 
f 10407 10408 10379 
f 10379 10408 10409 
f 10409 10376 10379 
f 10376 10409 10410 
f 10410 10374 10376 
f 10374 10410 10411 
f 10411 10375 10374 
f 10375 10411 10412 
f 10412 10377 10375 
f 10412 10413 10378 
f 10378 10377 10412 
f 10378 10413 10414 
f 10414 10381 10378 
f 10425 10415 10416 
f 10416 10426 10425 
f 10426 10416 10417 
f 10417 10427 10426 
f 10427 10417 10418 
f 10418 10428 10427 
f 10428 10418 10419 
f 10419 10429 10428 
f 10429 10419 10420 
f 10420 10430 10429 
f 10430 10420 10421 
f 10421 10423 10430 
f 10423 10421 10422 
f 10422 10424 10423 
f 10424 10422 10415 
f 10415 10425 10424 
f 10439 10423 10424 
f 10424 10440 10439 
f 10434 10426 10427 
f 10427 10435 10434 
f 10435 10427 10428 
f 10428 10436 10435 
f 10436 10428 10429 
f 10429 10437 10436 
f 10437 10429 10430 
f 10430 10438 10437 
f 10438 10430 10423 
f 10423 10439 10438 
f 10431 10425 10433 
f 10433 10440 10431 
f 10432 10434 10433 
f 10433 10425 10432 
f 10440 10433 10389 
f 10389 10390 10440 
f 10433 10434 10388 
f 10388 10389 10433 
f 10388 10434 10435 
f 10435 10384 10388 
f 10384 10435 10436 
f 10436 10382 10384 
f 10382 10436 10437 
f 10437 10383 10382 
f 10383 10437 10438 
f 10438 10386 10383 
f 10386 10438 10439 
f 10439 10387 10386 
f 10387 10439 10440 
f 10440 10390 10387 
f 10413 10441 10442 
f 10442 10414 10413 
f 10414 10442 10443 
f 10443 10407 10414 
f 10407 10443 10444 
f 10444 10408 10407 
f 10408 10444 10445 
f 10445 10409 10408 
f 10409 10445 10446 
f 10446 10410 10409 
f 10410 10446 10447 
f 10447 10411 10410 
f 10411 10447 10448 
f 10448 10412 10411 
f 10412 10448 10441 
f 10441 10413 10412 
f 10397 10449 10450 
f 10450 10398 10397 
f 10398 10450 10451 
f 10451 10391 10398 
f 10391 10451 10452 
f 10452 10392 10391 
f 10392 10452 10453 
f 10453 10393 10392 
f 10453 10454 10394 
f 10394 10393 10453 
f 10454 10455 10395 
f 10395 10394 10454 
f 10455 10456 10396 
f 10396 10395 10455 
f 10456 10449 10397 
f 10397 10396 10456 
f 10380 10381 10414 
f 10414 10407 10380 
f 10369 10399 10406 
f 10406 10368 10369 
f 10368 10398 10391 
f 10391 10369 10368 
f 10370 10369 10391 
f 10391 10392 10370 
f 10334 10457 10458 
f 10458 10335 10334 
f 10335 10458 10459 
f 10459 10336 10335 
f 10705 10463 10464 
f 10464 10701 10705 
f 10465 10466 10342 
f 10342 10344 10465 
f 10340 10342 10466 
f 10466 10467 10340 
f 10468 10339 10340 
f 10340 10467 10468 
f 10733 10732 10739 
f 10739 10738 10733 
f 10701 10465 10344 
f 10344 10702 10701 
f 10457 10470 10249 
f 10249 10464 10457 
f 10471 10247 10249 
f 10249 10470 10471 
f 10472 10245 10247 
f 10247 10471 10472 
f 10473 10243 10245 
f 10245 10472 10473 
f 10254 10243 10473 
f 10473 10474 10254 
f 10511 10513 10459 
f 10459 10458 10511 
f 10709 10483 10233 
f 10233 10488 10709 
f 10709 10713 10484 
f 10484 10483 10709 
f 10510 10475 10142 
f 10142 10140 10510 
f 10488 10346 10710 
f 10710 10709 10488 
f 10237 10487 10476 
f 10476 10238 10237 
f 10240 10478 10492 
f 10492 10241 10240 
f 10455 10493 10479 
f 10479 10456 10455 
f 10726 10725 10728 
f 10728 10729 10726 
f 10456 10479 10482 
f 10482 10449 10456 
f 10449 10482 10477 
f 10477 10450 10449 
f 10483 10484 10486 
f 10486 10485 10483 
f 10233 10483 10476 
f 10476 10487 10233 
f 10485 10481 10476 
f 10476 10483 10485 
f 10515 10485 10486 
f 10486 10516 10515 
f 10512 10463 10460 
f 10460 10461 10512 
f 10454 10494 10493 
f 10493 10455 10454 
f 10489 10361 10729 
f 10729 10728 10489 
f 10745 10744 10740 
f 10740 10741 10745 
f 10148 10490 10491 
f 10491 10146 10148 
f 10230 10500 10499 
f 10499 10231 10230 
f 10462 10492 10234 
f 10234 10514 10462 
f 10519 10520 10740 
f 10740 10744 10519 
f 10504 10518 10508 
f 10508 10505 10504 
f 10518 10517 10507 
f 10507 10508 10518 
f 10450 10477 10497 
f 10497 10451 10450 
f 10451 10497 10498 
f 10498 10452 10451 
f 10452 10498 10496 
f 10496 10453 10452 
f 10490 10520 10495 
f 10495 10499 10490 
f 10500 10491 10490 
f 10490 10499 10500 
f 10502 10142 10144 
f 10144 10501 10502 
f 10503 10140 10142 
f 10142 10502 10503 
f 10225 10504 10505 
f 10505 10226 10225 
f 10232 10495 10504 
f 10504 10225 10232 
f 10227 10226 10505 
f 10505 10503 10227 
f 10501 10144 10491 
f 10491 10500 10501 
f 10142 10475 10506 
f 10506 10144 10142 
f 10146 10491 10144 
f 10144 10506 10146 
f 10721 10508 10507 
f 10507 10717 10721 
f 10717 10507 10349 
f 10349 10509 10717 
f 10349 10507 10498 
f 10498 10497 10349 
f 10718 10722 10721 
f 10721 10717 10718 
f 10475 10510 10351 
f 10351 10353 10475 
f 10468 10469 10365 
f 10365 10339 10468 
f 10511 10458 10457 
f 10457 10464 10511 
f 10512 10461 10462 
f 10462 10514 10512 
f 10485 10515 10478 
f 10478 10481 10485 
f 10728 10516 10362 
f 10362 10489 10728 
f 10362 10516 10479 
f 10479 10493 10362 
f 10517 10496 10498 
f 10498 10507 10517 
f 10517 10519 10494 
f 10494 10496 10517 
f 10740 10520 10490 
f 10490 10148 10740 
f 10706 10705 10701 
f 10701 10702 10706 
f 10708 10707 10703 
f 10703 10704 10708 
f 10711 10715 10714 
f 10714 10710 10711 
f 10719 10723 10722 
f 10722 10718 10719 
f 10351 10692 10691 
f 10691 10353 10351 
f 10539 10537 10538 
f 10538 10540 10539 
f 10540 10538 10541 
f 10541 10542 10540 
f 10543 10539 10540 
f 10540 10544 10543 
f 10544 10540 10542 
f 10542 10545 10544 
f 10557 10527 10528 
f 10528 10558 10557 
f 10556 10526 10527 
f 10527 10557 10556 
f 10558 10528 10521 
f 10521 10559 10558 
f 10521 10522 10560 
f 10560 10559 10521 
f 10555 10525 10526 
f 10526 10556 10555 
f 10560 10522 10523 
f 10523 10561 10560 
f 10574 10573 10529 
f 10529 10530 10574 
f 10573 10572 10531 
f 10531 10529 10573 
f 10575 10574 10530 
f 10530 10532 10575 
f 10576 10575 10532 
f 10532 10533 10576 
f 10571 10534 10531 
f 10531 10572 10571 
f 10570 10535 10534 
f 10534 10571 10570 
f 10576 10533 10536 
f 10536 10577 10576 
f 10525 10555 10554 
f 10554 10524 10525 
f 10525 10547 10548 
f 10548 10526 10525 
f 10527 10526 10548 
f 10548 10549 10527 
f 10528 10527 10549 
f 10549 10550 10528 
f 10521 10528 10550 
f 10550 10551 10521 
f 10522 10521 10551 
f 10551 10552 10522 
f 10522 10552 10553 
f 10553 10523 10522 
f 10598 10554 10555 
f 10555 10599 10598 
f 10599 10555 10556 
f 10556 10600 10599 
f 10601 10600 10556 
f 10556 10557 10601 
f 10602 10601 10557 
f 10557 10558 10602 
f 10603 10602 10558 
f 10558 10559 10603 
f 10596 10603 10559 
f 10559 10560 10596 
f 10596 10560 10561 
f 10561 10597 10596 
f 10597 10561 10554 
f 10554 10598 10597 
f 10563 10534 10535 
f 10535 10562 10563 
f 10534 10563 10564 
f 10564 10531 10534 
f 10531 10564 10565 
f 10565 10529 10531 
f 10529 10565 10566 
f 10566 10530 10529 
f 10530 10566 10567 
f 10567 10532 10530 
f 10567 10568 10533 
f 10533 10532 10567 
f 10533 10568 10569 
f 10569 10536 10533 
f 10562 10535 10536 
f 10536 10569 10562 
f 10580 10570 10571 
f 10571 10581 10580 
f 10581 10571 10572 
f 10572 10582 10581 
f 10582 10572 10573 
f 10573 10583 10582 
f 10583 10573 10574 
f 10574 10584 10583 
f 10584 10574 10575 
f 10575 10585 10584 
f 10585 10575 10576 
f 10576 10578 10585 
f 10578 10576 10577 
f 10577 10579 10578 
f 10579 10577 10570 
f 10570 10580 10579 
f 10594 10578 10579 
f 10579 10595 10594 
f 10589 10581 10582 
f 10582 10590 10589 
f 10590 10582 10583 
f 10583 10591 10590 
f 10591 10583 10584 
f 10584 10592 10591 
f 10592 10584 10585 
f 10585 10593 10592 
f 10593 10585 10578 
f 10578 10594 10593 
f 10595 10586 10580 
f 10580 10588 10595 
f 10587 10589 10588 
f 10588 10580 10587 
f 10588 10544 10545 
f 10545 10595 10588 
f 10588 10589 10543 
f 10543 10544 10588 
f 10543 10589 10590 
f 10590 10539 10543 
f 10539 10590 10591 
f 10591 10537 10539 
f 10537 10591 10592 
f 10592 10538 10537 
f 10538 10592 10593 
f 10593 10541 10538 
f 10541 10593 10594 
f 10594 10542 10541 
f 10542 10594 10595 
f 10595 10545 10542 
f 10568 10596 10597 
f 10597 10569 10568 
f 10569 10597 10598 
f 10598 10562 10569 
f 10562 10598 10599 
f 10599 10563 10562 
f 10563 10599 10600 
f 10600 10564 10563 
f 10564 10600 10601 
f 10601 10565 10564 
f 10565 10601 10602 
f 10602 10566 10565 
f 10566 10602 10603 
f 10603 10567 10566 
f 10567 10603 10596 
f 10596 10568 10567 
f 10552 10235 10236 
f 10236 10553 10552 
f 10553 10236 10237 
f 10237 10546 10553 
f 10546 10237 10238 
f 10238 10547 10546 
f 10547 10238 10239 
f 10239 10548 10547 
f 10239 10240 10549 
f 10549 10548 10239 
f 10240 10241 10550 
f 10550 10549 10240 
f 10241 10242 10551 
f 10551 10550 10241 
f 10242 10235 10552 
f 10552 10551 10242 
f 10523 10524 10554 
f 10554 10561 10523 
f 10523 10553 10546 
f 10546 10524 10523 
f 10524 10546 10547 
f 10547 10525 10524 
f 10570 10577 10536 
f 10536 10535 10570 
f 10614 10612 10613 
f 10613 10615 10614 
f 10615 10613 10616 
f 10616 10617 10615 
f 10618 10614 10615 
f 10615 10619 10618 
f 10619 10615 10617 
f 10617 10620 10619 
f 10632 10610 10611 
f 10611 10633 10632 
f 10631 10609 10610 
f 10610 10632 10631 
f 10633 10611 10604 
f 10604 10634 10633 
f 10604 10605 10635 
f 10635 10634 10604 
f 10630 10608 10609 
f 10609 10631 10630 
f 10635 10605 10606 
f 10606 10636 10635 
f 10629 10607 10608 
f 10608 10630 10629 
f 10608 10622 10623 
f 10623 10609 10608 
f 10610 10609 10623 
f 10623 10624 10610 
f 10611 10610 10624 
f 10624 10625 10611 
f 10604 10611 10625 
f 10625 10626 10604 
f 10605 10604 10626 
f 10626 10627 10605 
f 10605 10627 10628 
f 10628 10606 10605 
f 10637 10629 10630 
f 10630 10638 10637 
f 10638 10630 10631 
f 10631 10639 10638 
f 10640 10639 10631 
f 10631 10632 10640 
f 10641 10640 10632 
f 10632 10633 10641 
f 10642 10641 10633 
f 10633 10634 10642 
f 10643 10642 10634 
f 10634 10635 10643 
f 10643 10635 10636 
f 10636 10644 10643 
f 10644 10636 10629 
f 10629 10637 10644 
f 10647 10637 10638 
f 10638 10648 10647 
f 10648 10638 10639 
f 10639 10649 10648 
f 10649 10639 10640 
f 10640 10650 10649 
f 10650 10640 10641 
f 10641 10651 10650 
f 10651 10641 10642 
f 10642 10652 10651 
f 10652 10642 10643 
f 10643 10645 10652 
f 10645 10643 10644 
f 10644 10646 10645 
f 10646 10644 10637 
f 10637 10647 10646 
f 10662 10645 10646 
f 10646 10663 10662 
f 10657 10648 10649 
f 10649 10658 10657 
f 10658 10649 10650 
f 10650 10659 10658 
f 10659 10650 10651 
f 10651 10660 10659 
f 10660 10651 10652 
f 10652 10661 10660 
f 10661 10652 10645 
f 10645 10662 10661 
f 10653 10646 10647 
f 10647 10654 10653 
f 10654 10647 10648 
f 10648 10655 10654 
f 10653 10654 10656 
f 10656 10663 10653 
f 10656 10654 10655 
f 10655 10657 10656 
f 10663 10656 10619 
f 10619 10620 10663 
f 10656 10657 10618 
f 10618 10619 10656 
f 10618 10657 10658 
f 10658 10614 10618 
f 10614 10658 10659 
f 10659 10612 10614 
f 10612 10659 10660 
f 10660 10613 10612 
f 10613 10660 10661 
f 10661 10616 10613 
f 10616 10661 10662 
f 10662 10617 10616 
f 10617 10662 10663 
f 10663 10620 10617 
f 10627 10665 10664 
f 10664 10628 10627 
f 10628 10664 10666 
f 10666 10621 10628 
f 10621 10666 10667 
f 10667 10622 10621 
f 10622 10667 10668 
f 10668 10623 10622 
f 10669 10670 10626 
f 10626 10625 10669 
f 10670 10665 10627 
f 10627 10626 10670 
f 10607 10629 10636 
f 10636 10606 10607 
f 10621 10607 10606 
f 10606 10628 10621 
f 10608 10607 10621 
f 10621 10622 10608 
f 10672 10664 10665 
f 10665 10671 10672 
f 10672 10673 10666 
f 10666 10664 10672 
f 10673 10674 10667 
f 10667 10666 10673 
f 10667 10674 10675 
f 10675 10668 10667 
f 10698 10676 10669 
f 10669 10700 10698 
f 10670 10669 10676 
f 10676 10677 10670 
f 10671 10665 10670 
f 10670 10677 10671 
f 10672 10671 10678 
f 10678 10679 10672 
f 10680 10673 10672 
f 10672 10679 10680 
f 10681 10674 10673 
f 10673 10680 10681 
f 10682 10675 10674 
f 10674 10681 10682 
f 10697 10683 10676 
f 10676 10698 10697 
f 10677 10676 10683 
f 10683 10684 10677 
f 10766 10754 10677 
f 10677 10684 10766 
f 10340 10753 10696 
f 10696 10342 10340 
f 10683 10340 10339 
f 10339 10684 10683 
f 10750 3044 3043 
f 3043 10751 10750 
f 3051 10749 10748 
f 10748 10735 3051 
f 3048 10724 10720 
f 10720 3047 3048 
f 3049 10354 10352 
f 10352 3048 3049 
f 3049 3050 10356 
f 10356 10354 3049 
f 10358 10356 3050 
f 3050 3968 10358 
f 3967 10743 10358 
f 10358 3968 3967 
f 3963 10731 10360 
f 10360 3965 3963 
f 3060 3965 10360 
f 10360 10747 3060 
f 10768 10767 10685 
f 10685 10734 10768 
f 10768 10734 10737 
f 10737 10769 10768 
f 10727 10771 10770 
f 10770 10686 10727 
f 10730 10687 10773 
f 10773 10772 10730 
f 10742 10775 10774 
f 10774 10746 10742 
f 10742 10688 10776 
f 10776 10775 10742 
f 10688 10689 10777 
f 10777 10776 10688 
f 10765 10690 10354 
f 10354 10356 10765 
f 10352 10354 10690 
f 10690 10691 10352 
f 10719 10693 10347 
f 10347 10720 10719 
f 10716 10715 10711 
f 10711 10712 10716 
f 10345 10712 10711 
f 10711 10694 10345 
f 10703 10695 10343 
f 10343 10704 10703 
f 10695 10696 10341 
f 10341 10343 10695 
f 10753 10752 10341 
f 10341 10696 10753 
f 10697 10698 10675 
f 10675 10682 10697 
f 10771 10727 10730 
f 10730 10772 10771 
f 10698 10700 10668 
f 10668 10675 10698 
f 10668 10700 10624 
f 10624 10623 10668 
f 10624 10700 10669 
f 10669 10625 10624 
f 3971 3045 10341 
f 10341 3043 3971 
f 10689 10357 10355 
f 10355 10690 10689 
f 10233 10463 10705 
f 10705 10488 10233 
f 10705 10706 10346 
f 10346 10488 10705 
f 10706 10707 10694 
f 10694 10346 10706 
f 10707 10708 10345 
f 10345 10694 10707 
f 10713 10509 10349 
f 10349 10484 10713 
f 10509 10713 10714 
f 10714 10348 10509 
f 10714 10715 10693 
f 10693 10348 10714 
f 10693 10715 10716 
f 10716 10347 10693 
f 10721 10510 10140 
f 10140 10508 10721 
f 10510 10721 10722 
f 10722 10351 10510 
f 10722 10723 10692 
f 10692 10351 10722 
f 10723 10724 10350 
f 10350 10692 10723 
f 10685 10684 10339 
f 10339 10365 10685 
f 3051 3044 10750 
f 10750 10749 3051 
f 3046 10708 10704 
f 10704 3045 3046 
f 3047 10716 10712 
f 10712 3046 3047 
f 10520 10519 10517 
f 10517 10518 10520 
f 10514 10513 10511 
f 10511 10512 10514 
f 10486 10482 10479 
f 10479 10516 10486 
f 10234 10492 10478 
f 10478 10515 10234 
f 10254 10474 10459 
f 10459 10513 10254 
f 10234 10515 10725 
f 10725 10480 10234 
f 10480 10725 10726 
f 10726 10364 10480 
f 10364 10726 10727 
f 10727 10686 10364 
f 10254 10513 10732 
f 10732 10469 10254 
f 10733 10365 10469 
f 10469 10732 10733 
f 10365 10733 10734 
f 10734 10685 10365 
f 3941 10736 10363 
f 10363 3962 3941 
f 10770 10769 10737 
f 10737 10686 10770 
f 10738 10364 10686 
f 10686 10737 10738 
f 10739 10480 10364 
f 10364 10738 10739 
f 10480 10739 10514 
f 10514 10234 10480 
f 10495 10520 10518 
f 10518 10504 10495 
f 10494 10519 10362 
f 10362 10493 10494 
f 10362 10519 10744 
f 10744 10489 10362 
f 10489 10744 10745 
f 10745 10361 10489 
f 10361 10745 10746 
f 10746 10687 10361 
f 10766 10684 10685 
f 10685 10767 10766 
f 10749 10679 10678 
f 10678 10748 10749 
f 10749 10750 10680 
f 10680 10679 10749 
f 10751 10681 10680 
f 10680 10750 10751 
f 10681 10751 10752 
f 10752 10682 10681 
f 10682 10752 10753 
f 10753 10697 10682 
f 10697 10753 10340 
f 10340 10683 10697 
f 10233 10487 10460 
f 10460 10463 10233 
f 10349 10497 10477 
f 10477 10484 10349 
f 10140 10503 10505 
f 10505 10508 10140 
f 10754 10678 10671 
f 10671 10677 10754 
f 10678 10754 10755 
f 10755 10748 10678 
f 10748 10755 10756 
f 10756 10735 10748 
f 10735 10756 10757 
f 10757 10736 10735 
f 10736 10757 10758 
f 10758 10363 10736 
f 10699 10759 10760 
f 10760 10731 10699 
f 10760 10761 10360 
f 10360 10731 10760 
f 10761 10762 10747 
f 10747 10360 10761 
f 10747 10762 10763 
f 10763 10743 10747 
f 10763 10764 10358 
f 10358 10743 10763 
f 10764 10765 10356 
f 10356 10358 10764 
f 10754 10766 10767 
f 10767 10755 10754 
f 10755 10767 10768 
f 10768 10756 10755 
f 10756 10768 10769 
f 10769 10757 10756 
f 10757 10769 10770 
f 10770 10758 10757 
f 10771 10759 10758 
f 10758 10770 10771 
f 10759 10771 10772 
f 10772 10760 10759 
f 10772 10773 10761 
f 10761 10760 10772 
f 10773 10774 10762 
f 10762 10761 10773 
f 10762 10774 10775 
f 10775 10763 10762 
f 10775 10776 10764 
f 10764 10763 10775 
f 10776 10777 10765 
f 10765 10764 10776 
f 10341 10752 10751 
f 10751 3043 10341 
f 10687 10746 10774 
f 10774 10773 10687 
f 10345 10708 3046 
f 3046 10712 10345 
f 3057 10699 10731 
f 10731 3963 3057 
f 3060 10747 10743 
f 10743 3967 3060 
f 10347 10716 3047 
f 3047 10720 10347 
f 10350 10724 3048 
f 3048 10352 10350 
f 10759 10699 10363 
f 10363 10758 10759 
f 10343 10341 3045 
f 3045 10704 10343 
f 10689 10690 10765 
f 10765 10777 10689 
